# Blender v3.6.4 OBJ File: ''
# www.blender.org
mtllib earth_2.mtl
o Plane_Plane.001
v -0.000000 -0.500000 -0.000000
v -0.000000 -0.500000 -0.000000
v -0.000000 0.500000 0.000000
v -0.000000 0.500000 0.000000
v 0.000000 0.479747 -0.140866
v 0.000000 0.420627 -0.270320
v 0.000000 0.327431 -0.377875
v 0.000000 0.207708 -0.454816
v 0.000000 0.071158 -0.494911
v 0.000000 -0.071157 -0.494911
v 0.000000 -0.207707 -0.454816
v 0.000000 -0.327430 -0.377875
v 0.000000 -0.420627 -0.270321
v 0.000000 -0.479746 -0.140866
v -0.000000 -0.500000 -0.000000
v -0.000000 -0.500000 -0.000000
v -0.000000 -0.500000 -0.000000
v -0.000000 -0.500000 -0.000000
v -0.000000 -0.500000 -0.000000
v 0.000000 -0.500000 -0.000000
v 0.000000 -0.500000 -0.000000
v 0.000000 -0.500000 -0.000000
v 0.000000 -0.500000 -0.000000
v 0.000000 -0.500000 -0.000000
v -0.000000 -0.479746 -0.140866
v -0.000000 -0.420627 -0.270321
v -0.000000 -0.327430 -0.377875
v -0.000000 -0.207707 -0.454816
v -0.000000 -0.071157 -0.494911
v -0.000000 0.071158 -0.494911
v -0.000000 0.207708 -0.454816
v -0.000000 0.327431 -0.377875
v -0.000000 0.420627 -0.270320
v -0.000000 0.479747 -0.140866
v -0.000000 0.500000 0.000000
v -0.000000 0.500000 0.000000
v -0.000000 0.500000 0.000000
v -0.000000 0.500000 0.000000
v -0.000000 0.500000 0.000000
v 0.000000 0.500000 0.000000
v 0.000000 0.500000 0.000000
v 0.000000 0.500000 0.000000
v 0.000000 0.500000 0.000000
v 0.000000 0.500000 0.000000
v -0.076158 -0.479746 -0.118504
v -0.146146 -0.420627 -0.227408
v -0.204295 -0.327430 -0.317889
v -0.245892 -0.207707 -0.382616
v -0.267569 -0.071157 -0.416345
v -0.267569 0.071158 -0.416345
v -0.245892 0.207708 -0.382616
v -0.204295 0.327430 -0.317888
v -0.146146 0.420627 -0.227408
v -0.076158 0.479747 -0.118504
v -0.128137 -0.479746 -0.058518
v -0.245892 -0.420627 -0.112295
v -0.343727 -0.327430 -0.156975
v -0.413715 -0.207707 -0.188937
v -0.450187 -0.071157 -0.205593
v -0.450187 0.071158 -0.205593
v -0.413715 0.207708 -0.188937
v -0.343727 0.327430 -0.156975
v -0.245892 0.420627 -0.112295
v -0.128136 0.479747 -0.058518
v -0.139433 -0.479747 0.020047
v -0.267569 -0.420627 0.038471
v -0.374029 -0.327430 0.053777
v -0.450187 -0.207707 0.064727
v -0.489873 -0.071157 0.070433
v -0.489873 0.071158 0.070433
v -0.450187 0.207708 0.064727
v -0.374029 0.327430 0.053777
v -0.267569 0.420627 0.038471
v -0.139432 0.479747 0.020047
v -0.106460 -0.479747 0.092248
v -0.204295 -0.420627 0.177022
v -0.285579 -0.327430 0.247455
v -0.343727 -0.207708 0.297841
v -0.374029 -0.071157 0.324098
v -0.374029 0.071157 0.324098
v -0.343727 0.207708 0.297841
v -0.285579 0.327430 0.247455
v -0.204295 0.420627 0.177022
v -0.106460 0.479746 0.092248
v -0.039687 -0.479747 0.135160
v -0.076158 -0.420627 0.259371
v -0.106460 -0.327430 0.362568
v -0.128136 -0.207708 0.436393
v -0.139432 -0.071157 0.474863
v -0.139432 0.071157 0.474863
v -0.128136 0.207708 0.436393
v -0.106460 0.327430 0.362568
v -0.076158 0.420627 0.259371
v -0.039687 0.479746 0.135160
v 0.039687 -0.479747 0.135160
v 0.076158 -0.420627 0.259371
v 0.106460 -0.327430 0.362568
v 0.128137 -0.207708 0.436393
v 0.139432 -0.071157 0.474863
v 0.139432 0.071157 0.474863
v 0.128136 0.207708 0.436393
v 0.106460 0.327430 0.362568
v 0.076158 0.420627 0.259371
v 0.039687 0.479746 0.135160
v 0.106460 -0.479747 0.092248
v 0.204295 -0.420627 0.177022
v 0.285579 -0.327430 0.247455
v 0.343727 -0.207708 0.297841
v 0.374029 -0.071157 0.324098
v 0.374029 0.071157 0.324098
v 0.343727 0.207708 0.297841
v 0.285579 0.327430 0.247455
v 0.204295 0.420627 0.177022
v 0.106460 0.479746 0.092248
v 0.139433 -0.479747 0.020047
v 0.267569 -0.420627 0.038470
v 0.374029 -0.327430 0.053777
v 0.450187 -0.207707 0.064727
v 0.489873 -0.071157 0.070433
v 0.489873 0.071158 0.070433
v 0.450187 0.207708 0.064727
v 0.374029 0.327430 0.053777
v 0.267569 0.420627 0.038471
v 0.139432 0.479747 0.020047
v 0.128137 -0.479746 -0.058518
v 0.245892 -0.420627 -0.112295
v 0.343727 -0.327430 -0.156975
v 0.413715 -0.207707 -0.188937
v 0.450187 -0.071157 -0.205593
v 0.450187 0.071158 -0.205593
v 0.413715 0.207708 -0.188937
v 0.343727 0.327430 -0.156975
v 0.245892 0.420627 -0.112295
v 0.128136 0.479747 -0.058518
v 0.076158 -0.479746 -0.118504
v 0.146146 -0.420627 -0.227408
v 0.204295 -0.327430 -0.317889
v 0.245892 -0.207707 -0.382616
v 0.267569 -0.071157 -0.416345
v 0.267569 0.071158 -0.416345
v 0.245892 0.207708 -0.382616
v 0.204295 0.327430 -0.317888
v 0.146146 0.420627 -0.227408
v 0.076158 0.479747 -0.118504
v 0.000000 -0.490964 -0.094626
v 0.000000 -0.497736 -0.047528
v 0.000000 -0.500000 -0.000000
v 0.000000 -0.500000 -0.000000
v -0.000000 0.490964 -0.094625
v -0.000000 0.497736 -0.047528
v 0.000000 0.500000 0.000000
v 0.000000 0.500000 0.000000
v 0.000000 0.497736 -0.047528
v 0.000000 0.490964 -0.094625
v 0.000000 0.464184 -0.185831
v 0.000000 0.444418 -0.229113
v 0.000000 0.393027 -0.309079
v 0.000000 0.361867 -0.345039
v 0.000000 0.290029 -0.407288
v 0.000000 0.250000 -0.433013
v 0.000000 0.163534 -0.472500
v 0.000000 0.117880 -0.485906
v 0.000000 0.023791 -0.499434
v 0.000000 -0.023791 -0.499434
v 0.000000 -0.117879 -0.485906
v 0.000000 -0.163534 -0.472500
v 0.000000 -0.250000 -0.433013
v 0.000000 -0.290028 -0.407288
v 0.000000 -0.361867 -0.345040
v 0.000000 -0.393027 -0.309080
v 0.000000 -0.444418 -0.229113
v 0.000000 -0.464184 -0.185831
v -0.000000 -0.500000 -0.000000
v -0.000000 -0.500000 -0.000000
v -0.000000 -0.500000 -0.000000
v -0.000000 -0.500000 -0.000000
v -0.000000 -0.500000 -0.000000
v -0.000000 -0.500000 -0.000000
v -0.000000 -0.500000 -0.000000
v -0.000000 -0.500000 -0.000000
v -0.000000 -0.500000 -0.000000
v -0.000000 -0.500000 -0.000000
v -0.000000 -0.500000 -0.000000
v 0.000000 -0.500000 -0.000000
v 0.000000 -0.500000 -0.000000
v 0.000000 -0.500000 -0.000000
v 0.000000 -0.500000 -0.000000
v 0.000000 -0.500000 -0.000000
v 0.000000 -0.500000 -0.000000
v 0.000000 -0.500000 -0.000000
v 0.000000 -0.500000 -0.000000
v 0.000000 -0.500000 -0.000000
v -0.000000 -0.497736 -0.047528
v -0.000000 -0.490964 -0.094626
v -0.000000 -0.464184 -0.185831
v -0.000000 -0.444418 -0.229113
v -0.000000 -0.393027 -0.309080
v -0.000000 -0.361867 -0.345040
v -0.000000 -0.290028 -0.407288
v -0.000000 -0.250000 -0.433013
v -0.000000 -0.163534 -0.472500
v -0.000000 -0.117879 -0.485906
v -0.000000 -0.023791 -0.499434
v -0.000000 0.023791 -0.499434
v -0.000000 0.117880 -0.485906
v -0.000000 0.163534 -0.472500
v -0.000000 0.250000 -0.433013
v -0.000000 0.290029 -0.407288
v -0.000000 0.361867 -0.345039
v -0.000000 0.393027 -0.309079
v -0.000000 0.444418 -0.229113
v -0.000000 0.464184 -0.185831
v -0.000000 0.500000 0.000000
v -0.000000 0.500000 0.000000
v -0.000000 0.500000 0.000000
v -0.000000 0.500000 0.000000
v -0.000000 0.500000 0.000000
v -0.000000 0.500000 0.000000
v -0.000000 0.500000 0.000000
v -0.000000 0.500000 0.000000
v -0.000000 0.500000 0.000000
v -0.000000 0.500000 0.000000
v -0.000000 0.500000 0.000000
v 0.000000 0.500000 0.000000
v 0.000000 0.500000 0.000000
v 0.000000 0.500000 0.000000
v 0.000000 0.500000 0.000000
v 0.000000 0.500000 0.000000
v 0.000000 0.500000 0.000000
v 0.000000 0.500000 0.000000
v 0.000000 0.500000 0.000000
v 0.000000 0.500000 0.000000
v -0.051158 0.490964 -0.079604
v -0.025696 0.497736 -0.039983
v -0.025696 -0.497736 -0.039983
v -0.051158 -0.490964 -0.079604
v -0.100468 -0.464184 -0.156331
v -0.123868 -0.444418 -0.192742
v -0.167101 -0.393027 -0.260014
v -0.186542 -0.361867 -0.290266
v -0.220197 -0.290028 -0.342633
v -0.234104 -0.250000 -0.364274
v -0.255453 -0.163534 -0.397493
v -0.262701 -0.117879 -0.408770
v -0.270014 -0.023791 -0.420150
v -0.270014 0.023791 -0.420150
v -0.262700 0.117880 -0.408770
v -0.255453 0.163534 -0.397493
v -0.234104 0.250000 -0.364273
v -0.220196 0.290029 -0.342632
v -0.186542 0.361867 -0.290266
v -0.167101 0.393027 -0.260014
v -0.123868 0.444418 -0.192742
v -0.100468 0.464184 -0.156331
v -0.086074 0.490964 -0.039309
v -0.043233 0.497736 -0.019744
v -0.043233 -0.497736 -0.019744
v -0.086075 -0.490964 -0.039309
v -0.169038 -0.464184 -0.077197
v -0.208409 -0.444418 -0.095177
v -0.281149 -0.393027 -0.128396
v -0.313859 -0.361867 -0.143335
v -0.370482 -0.290028 -0.169194
v -0.393882 -0.250000 -0.179880
v -0.429802 -0.163534 -0.196284
v -0.441996 -0.117879 -0.201853
v -0.454301 -0.023791 -0.207472
v -0.454301 0.023791 -0.207472
v -0.441995 0.117880 -0.201853
v -0.429801 0.163534 -0.196284
v -0.393882 0.250000 -0.179880
v -0.370482 0.290029 -0.169193
v -0.313859 0.361867 -0.143334
v -0.281149 0.393027 -0.128396
v -0.208409 0.444418 -0.095177
v -0.169038 0.464184 -0.077197
v -0.093662 0.490964 0.013467
v -0.047044 0.497736 0.006764
v -0.047044 -0.497736 0.006764
v -0.093663 -0.490964 0.013467
v -0.183940 -0.464184 0.026447
v -0.226781 -0.444418 0.032606
v -0.305934 -0.393027 0.043987
v -0.341528 -0.361867 0.049104
v -0.403142 -0.290028 0.057963
v -0.428605 -0.250000 0.061624
v -0.467691 -0.163534 0.067244
v -0.480960 -0.117879 0.069152
v -0.494350 -0.023791 0.071077
v -0.494350 0.023791 0.071077
v -0.480960 0.117880 0.069152
v -0.467691 0.163534 0.067244
v -0.428605 0.250000 0.061624
v -0.403142 0.290029 0.057963
v -0.341527 0.361867 0.049104
v -0.305933 0.393027 0.043987
v -0.226781 0.444418 0.032606
v -0.183940 0.464184 0.026447
v -0.071513 0.490964 0.061967
v -0.035919 0.497736 0.031124
v -0.035919 -0.497736 0.031124
v -0.071513 -0.490964 0.061967
v -0.140442 -0.464184 0.121694
v -0.173152 -0.444418 0.150037
v -0.233587 -0.393027 0.202404
v -0.260764 -0.361867 0.225953
v -0.307808 -0.290028 0.266717
v -0.327249 -0.250000 0.283563
v -0.357092 -0.163534 0.309422
v -0.367223 -0.117879 0.318201
v -0.377447 -0.023791 0.327060
v -0.377447 0.023791 0.327060
v -0.367223 0.117880 0.318201
v -0.357092 0.163534 0.309422
v -0.327249 0.250000 0.283563
v -0.307808 0.290029 0.266717
v -0.260763 0.361867 0.225953
v -0.233587 0.393027 0.202404
v -0.173152 0.444418 0.150037
v -0.140442 0.464184 0.121694
v -0.026659 0.490964 0.090793
v -0.013390 0.497736 0.045603
v -0.013390 -0.497736 0.045603
v -0.026659 -0.490964 0.090793
v -0.052355 -0.464184 0.178304
v -0.064549 -0.444418 0.219833
v -0.087078 -0.393027 0.296560
v -0.097209 -0.361867 0.331063
v -0.114746 -0.290028 0.390790
v -0.121994 -0.250000 0.415473
v -0.133119 -0.163534 0.453361
v -0.136895 -0.117879 0.466223
v -0.140707 -0.023791 0.479203
v -0.140707 0.023791 0.479203
v -0.136895 0.117879 0.466223
v -0.133119 0.163534 0.453361
v -0.121994 0.250000 0.415473
v -0.114746 0.290028 0.390790
v -0.097209 0.361867 0.331063
v -0.087078 0.393027 0.296560
v -0.064549 0.444418 0.219833
v -0.052355 0.464184 0.178304
v 0.026659 0.490964 0.090793
v 0.013390 0.497736 0.045603
v 0.013390 -0.497736 0.045603
v 0.026659 -0.490964 0.090793
v 0.052355 -0.464184 0.178304
v 0.064549 -0.444418 0.219833
v 0.087078 -0.393027 0.296560
v 0.097209 -0.361867 0.331063
v 0.114746 -0.290028 0.390790
v 0.121994 -0.250000 0.415473
v 0.133119 -0.163534 0.453361
v 0.136896 -0.117879 0.466223
v 0.140707 -0.023791 0.479203
v 0.140707 0.023791 0.479203
v 0.136895 0.117879 0.466223
v 0.133119 0.163534 0.453361
v 0.121994 0.250000 0.415473
v 0.114746 0.290028 0.390790
v 0.097209 0.361867 0.331063
v 0.087078 0.393027 0.296560
v 0.064549 0.444418 0.219833
v 0.052355 0.464184 0.178304
v 0.071513 0.490964 0.061967
v 0.035919 0.497736 0.031124
v 0.035919 -0.497736 0.031124
v 0.071513 -0.490964 0.061967
v 0.140442 -0.464184 0.121693
v 0.173152 -0.444418 0.150037
v 0.233587 -0.393027 0.202404
v 0.260764 -0.361867 0.225953
v 0.307808 -0.290028 0.266717
v 0.327249 -0.250000 0.283563
v 0.357092 -0.163534 0.309422
v 0.367223 -0.117879 0.318201
v 0.377447 -0.023791 0.327059
v 0.377447 0.023791 0.327059
v 0.367223 0.117880 0.318201
v 0.357092 0.163534 0.309422
v 0.327249 0.250000 0.283563
v 0.307808 0.290029 0.266717
v 0.260763 0.361867 0.225953
v 0.233587 0.393027 0.202404
v 0.173152 0.444418 0.150037
v 0.140442 0.464184 0.121694
v 0.093662 0.490964 0.013467
v 0.047044 0.497736 0.006764
v 0.047044 -0.497736 0.006764
v 0.093663 -0.490964 0.013467
v 0.183940 -0.464184 0.026446
v 0.226781 -0.444418 0.032606
v 0.305934 -0.393027 0.043986
v 0.341528 -0.361867 0.049104
v 0.403142 -0.290028 0.057963
v 0.428605 -0.250000 0.061624
v 0.467691 -0.163534 0.067244
v 0.480960 -0.117879 0.069152
v 0.494350 -0.023791 0.071077
v 0.494350 0.023791 0.071077
v 0.480960 0.117880 0.069152
v 0.467691 0.163534 0.067244
v 0.428605 0.250000 0.061624
v 0.403142 0.290029 0.057963
v 0.341527 0.361867 0.049104
v 0.305933 0.393027 0.043987
v 0.226781 0.444418 0.032606
v 0.183940 0.464184 0.026447
v 0.086074 0.490964 -0.039309
v 0.043233 0.497736 -0.019744
v 0.043233 -0.497736 -0.019744
v 0.086075 -0.490964 -0.039309
v 0.169038 -0.464184 -0.077197
v 0.208409 -0.444418 -0.095177
v 0.281149 -0.393027 -0.128396
v 0.313859 -0.361867 -0.143335
v 0.370482 -0.290028 -0.169194
v 0.393882 -0.250000 -0.179880
v 0.429802 -0.163534 -0.196284
v 0.441996 -0.117879 -0.201853
v 0.454301 -0.023791 -0.207472
v 0.454301 0.023791 -0.207472
v 0.441995 0.117880 -0.201853
v 0.429801 0.163534 -0.196284
v 0.393882 0.250000 -0.179880
v 0.370482 0.290029 -0.169193
v 0.313859 0.361867 -0.143334
v 0.281149 0.393027 -0.128396
v 0.208409 0.444418 -0.095177
v 0.169038 0.464184 -0.077197
v 0.051158 0.490964 -0.079604
v 0.025696 0.497736 -0.039983
v 0.025696 -0.497736 -0.039983
v 0.051158 -0.490964 -0.079604
v 0.100468 -0.464184 -0.156331
v 0.123868 -0.444418 -0.192742
v 0.167101 -0.393027 -0.260014
v 0.186542 -0.361867 -0.290266
v 0.220197 -0.290028 -0.342633
v 0.234104 -0.250000 -0.364274
v 0.255453 -0.163534 -0.397493
v 0.262701 -0.117879 -0.408770
v 0.270014 -0.023791 -0.420150
v 0.270014 0.023791 -0.420150
v 0.262700 0.117880 -0.408770
v 0.255453 0.163534 -0.397493
v 0.234104 0.250000 -0.364273
v 0.220196 0.290029 -0.342632
v 0.186542 0.361867 -0.290266
v 0.167101 0.393027 -0.260014
v 0.123868 0.444418 -0.192742
v 0.100468 0.464184 -0.156331
v -0.052355 -0.479746 -0.130776
v -0.026659 -0.479746 -0.138321
v -0.100468 -0.420627 -0.250957
v -0.051158 -0.420627 -0.265435
v -0.140442 -0.327430 -0.350807
v -0.071513 -0.327430 -0.371046
v -0.169038 -0.207707 -0.422237
v -0.086075 -0.207707 -0.446597
v -0.183940 -0.071157 -0.459459
v -0.093662 -0.071157 -0.485967
v -0.183940 0.071158 -0.459459
v -0.093662 0.071158 -0.485967
v -0.169038 0.207708 -0.422237
v -0.086075 0.207708 -0.446597
v -0.140442 0.327431 -0.350807
v -0.071513 0.327431 -0.371046
v -0.100468 0.420627 -0.250957
v -0.051158 0.420627 -0.265435
v -0.052355 0.479747 -0.130776
v -0.026659 0.479747 -0.138320
v -0.114746 -0.479746 -0.081711
v -0.097209 -0.479746 -0.101950
v -0.220197 -0.420627 -0.156801
v -0.186543 -0.420627 -0.195640
v -0.307808 -0.327430 -0.219189
v -0.260764 -0.327430 -0.273481
v -0.370482 -0.207707 -0.263819
v -0.313859 -0.207707 -0.329166
v -0.403142 -0.071157 -0.287076
v -0.341528 -0.071157 -0.358184
v -0.403142 0.071158 -0.287076
v -0.341528 0.071158 -0.358184
v -0.370482 0.207708 -0.263819
v -0.313859 0.207708 -0.329166
v -0.307808 0.327430 -0.219189
v -0.260763 0.327430 -0.273481
v -0.220196 0.420627 -0.156801
v -0.186542 0.420627 -0.195640
v -0.114746 0.479747 -0.081710
v -0.097209 0.479747 -0.101950
v -0.140707 -0.479747 -0.006703
v -0.136896 -0.479747 -0.033211
v -0.270014 -0.420627 -0.012862
v -0.262701 -0.420627 -0.063731
v -0.377447 -0.327430 -0.017980
v -0.367223 -0.327430 -0.089088
v -0.454301 -0.207707 -0.021641
v -0.441996 -0.207707 -0.107227
v -0.494350 -0.071157 -0.023549
v -0.480960 -0.071157 -0.116680
v -0.494350 0.071158 -0.023549
v -0.480960 0.071158 -0.116680
v -0.454301 0.207708 -0.021641
v -0.441995 0.207708 -0.107227
v -0.377447 0.327430 -0.017980
v -0.367223 0.327430 -0.089087
v -0.270014 0.420627 -0.012862
v -0.262700 0.420627 -0.063730
v -0.140707 0.479747 -0.006703
v -0.136895 0.479747 -0.033210
v -0.121994 -0.479747 0.070433
v -0.133119 -0.479747 0.046073
v -0.234104 -0.420627 0.135160
v -0.255453 -0.420627 0.088413
v -0.327249 -0.327430 0.188937
v -0.357092 -0.327430 0.123591
v -0.393882 -0.207707 0.227408
v -0.429802 -0.207707 0.148756
v -0.428605 -0.071157 0.247455
v -0.467691 -0.071157 0.161869
v -0.428605 0.071157 0.247455
v -0.467691 0.071157 0.161869
v -0.393882 0.207708 0.227408
v -0.429802 0.207708 0.148756
v -0.327249 0.327430 0.188937
v -0.357092 0.327430 0.123591
v -0.234104 0.420627 0.135160
v -0.255453 0.420627 0.088413
v -0.121994 0.479746 0.070433
v -0.133119 0.479747 0.046073
v -0.064549 -0.479747 0.125207
v -0.087078 -0.479747 0.110728
v -0.123868 -0.420627 0.240270
v -0.167101 -0.420627 0.212486
v -0.173152 -0.327430 0.335869
v -0.233587 -0.327430 0.297030
v -0.208409 -0.207708 0.404257
v -0.281149 -0.207708 0.357510
v -0.226781 -0.071157 0.439894
v -0.305934 -0.071157 0.389026
v -0.226781 0.071157 0.439894
v -0.305934 0.071157 0.389026
v -0.208409 0.207708 0.404257
v -0.281149 0.207708 0.357510
v -0.173152 0.327430 0.335869
v -0.233587 0.327430 0.297030
v -0.123868 0.420627 0.240270
v -0.167101 0.420627 0.212486
v -0.064549 0.479746 0.125207
v -0.087078 0.479746 0.110728
v 0.013390 -0.479747 0.140228
v -0.013390 -0.479747 0.140228
v 0.025696 -0.420627 0.269096
v -0.025696 -0.420627 0.269096
v 0.035919 -0.327430 0.376164
v -0.035919 -0.327430 0.376164
v 0.043233 -0.207708 0.452757
v -0.043233 -0.207708 0.452757
v 0.047044 -0.071157 0.492670
v -0.047044 -0.071157 0.492670
v 0.047044 0.071157 0.492670
v -0.047044 0.071157 0.492670
v 0.043233 0.207708 0.452757
v -0.043233 0.207708 0.452757
v 0.035919 0.327430 0.376164
v -0.035919 0.327430 0.376164
v 0.025696 0.420627 0.269096
v -0.025696 0.420627 0.269096
v 0.013390 0.479746 0.140228
v -0.013390 0.479746 0.140228
v 0.087078 -0.479747 0.110728
v 0.064549 -0.479747 0.125207
v 0.167101 -0.420627 0.212486
v 0.123868 -0.420627 0.240270
v 0.233587 -0.327430 0.297030
v 0.173152 -0.327430 0.335869
v 0.281149 -0.207708 0.357510
v 0.208409 -0.207708 0.404257
v 0.305934 -0.071157 0.389026
v 0.226781 -0.071157 0.439894
v 0.305934 0.071157 0.389026
v 0.226781 0.071157 0.439894
v 0.281149 0.207708 0.357509
v 0.208409 0.207708 0.404257
v 0.233587 0.327430 0.297030
v 0.173152 0.327430 0.335869
v 0.167101 0.420627 0.212486
v 0.123868 0.420627 0.240270
v 0.087078 0.479746 0.110728
v 0.064549 0.479746 0.125207
v 0.133119 -0.479747 0.046073
v 0.121994 -0.479747 0.070433
v 0.255453 -0.420627 0.088413
v 0.234104 -0.420627 0.135160
v 0.357092 -0.327430 0.123591
v 0.327249 -0.327430 0.188937
v 0.429802 -0.207707 0.148756
v 0.393882 -0.207707 0.227408
v 0.467691 -0.071157 0.161869
v 0.428605 -0.071157 0.247455
v 0.467691 0.071157 0.161869
v 0.428605 0.071157 0.247455
v 0.429802 0.207708 0.148756
v 0.393882 0.207708 0.227408
v 0.357092 0.327430 0.123591
v 0.327249 0.327430 0.188937
v 0.255453 0.420627 0.088413
v 0.234104 0.420627 0.135160
v 0.133119 0.479747 0.046073
v 0.121994 0.479746 0.070433
v 0.136896 -0.479747 -0.033211
v 0.140707 -0.479747 -0.006703
v 0.262701 -0.420627 -0.063731
v 0.270014 -0.420627 -0.012862
v 0.367223 -0.327430 -0.089088
v 0.377447 -0.327430 -0.017980
v 0.441996 -0.207707 -0.107227
v 0.454301 -0.207707 -0.021641
v 0.480960 -0.071157 -0.116680
v 0.494350 -0.071157 -0.023549
v 0.480960 0.071158 -0.116680
v 0.494350 0.071158 -0.023549
v 0.441995 0.207708 -0.107227
v 0.454301 0.207708 -0.021641
v 0.367223 0.327430 -0.089087
v 0.377447 0.327430 -0.017980
v 0.262700 0.420627 -0.063730
v 0.270014 0.420627 -0.012862
v 0.136895 0.479747 -0.033210
v 0.140707 0.479747 -0.006703
v 0.097209 -0.479746 -0.101950
v 0.114746 -0.479746 -0.081711
v 0.186543 -0.420627 -0.195640
v 0.220197 -0.420627 -0.156801
v 0.260764 -0.327430 -0.273481
v 0.307808 -0.327430 -0.219189
v 0.313859 -0.207707 -0.329166
v 0.370482 -0.207707 -0.263819
v 0.341528 -0.071157 -0.358184
v 0.403142 -0.071157 -0.287076
v 0.341528 0.071158 -0.358184
v 0.403142 0.071158 -0.287076
v 0.313859 0.207708 -0.329166
v 0.370482 0.207708 -0.263819
v 0.260763 0.327430 -0.273481
v 0.307808 0.327430 -0.219189
v 0.186542 0.420627 -0.195640
v 0.220196 0.420627 -0.156801
v 0.097209 0.479747 -0.101950
v 0.114746 0.479747 -0.081710
v 0.026659 -0.479746 -0.138321
v 0.052355 -0.479746 -0.130776
v 0.051158 -0.420627 -0.265435
v 0.100468 -0.420627 -0.250957
v 0.071513 -0.327430 -0.371046
v 0.140442 -0.327430 -0.350807
v 0.086075 -0.207707 -0.446597
v 0.169038 -0.207707 -0.422237
v 0.093662 -0.071157 -0.485967
v 0.183940 -0.071157 -0.459459
v 0.093662 0.071158 -0.485967
v 0.183940 0.071158 -0.459459
v 0.086074 0.207708 -0.446597
v 0.169038 0.207708 -0.422237
v 0.071513 0.327431 -0.371046
v 0.140442 0.327431 -0.350807
v 0.051158 0.420627 -0.265435
v 0.100468 0.420627 -0.250957
v 0.026659 0.479747 -0.138320
v 0.052355 0.479747 -0.130776
v 0.085153 0.444418 -0.212701
v 0.069066 0.464184 -0.172520
v 0.043360 0.444418 -0.224973
v 0.035169 0.464184 -0.182473
v 0.128238 0.361867 -0.320323
v 0.114873 0.393027 -0.286939
v 0.065299 0.361867 -0.338804
v 0.058494 0.393027 -0.303494
v 0.160935 0.250000 -0.401995
v 0.151374 0.290029 -0.378113
v 0.081948 0.250000 -0.425188
v 0.077080 0.290029 -0.399928
v 0.180593 0.117880 -0.451099
v 0.175611 0.163534 -0.438654
v 0.091958 0.117880 -0.477125
v 0.089421 0.163534 -0.463962
v 0.185621 -0.023791 -0.463658
v 0.185621 0.023791 -0.463658
v 0.094518 -0.023791 -0.490408
v 0.094518 0.023791 -0.490408
v 0.175611 -0.163534 -0.438654
v 0.180593 -0.117879 -0.451099
v 0.089421 -0.163534 -0.463962
v 0.091958 -0.117879 -0.477125
v 0.151374 -0.290028 -0.378113
v 0.160935 -0.250000 -0.401995
v 0.077080 -0.290028 -0.399928
v 0.081948 -0.250000 -0.425188
v 0.114873 -0.393027 -0.286940
v 0.128238 -0.361867 -0.320324
v 0.058494 -0.393027 -0.303494
v 0.065299 -0.361867 -0.338804
v 0.069066 -0.464184 -0.172520
v 0.085153 -0.444418 -0.212701
v 0.035169 -0.464184 -0.182473
v 0.043360 -0.444418 -0.224973
v 0.017664 -0.497736 -0.044124
v 0.035169 -0.490964 -0.087847
v 0.008995 -0.497736 -0.046669
v 0.017908 -0.490964 -0.092916
v 0.186630 0.444418 -0.132899
v 0.151374 0.464184 -0.107793
v 0.158106 0.444418 -0.165817
v 0.128238 0.464184 -0.134492
v 0.281061 0.361867 -0.200142
v 0.251769 0.393027 -0.179284
v 0.238105 0.361867 -0.249717
v 0.213289 0.393027 -0.223691
v 0.352722 0.250000 -0.251172
v 0.331767 0.290029 -0.236250
v 0.298813 0.250000 -0.313386
v 0.281061 0.290029 -0.294768
v 0.395807 0.117880 -0.281853
v 0.384887 0.163534 -0.274077
v 0.335313 0.117880 -0.351667
v 0.326063 0.163534 -0.341965
v 0.406827 -0.023791 -0.289700
v 0.406827 0.023791 -0.289700
v 0.344649 -0.023791 -0.361457
v 0.344649 0.023791 -0.361457
v 0.384888 -0.163534 -0.274077
v 0.395807 -0.117879 -0.281853
v 0.326063 -0.163534 -0.341965
v 0.335313 -0.117879 -0.351667
v 0.331767 -0.290028 -0.236250
v 0.352722 -0.250000 -0.251172
v 0.281061 -0.290028 -0.294768
v 0.298813 -0.250000 -0.313386
v 0.251769 -0.393027 -0.179284
v 0.281061 -0.361867 -0.200143
v 0.213289 -0.393027 -0.223691
v 0.238105 -0.361867 -0.249717
v 0.151374 -0.464184 -0.107793
v 0.186630 -0.444418 -0.132899
v 0.128238 -0.464184 -0.134492
v 0.158106 -0.444418 -0.165817
v 0.038715 -0.497736 -0.027569
v 0.077080 -0.490964 -0.054888
v 0.032798 -0.497736 -0.034398
v 0.065299 -0.490964 -0.068484
v 0.228854 0.444418 -0.010902
v 0.185621 0.464184 -0.008842
v 0.222655 0.444418 -0.054015
v 0.180593 0.464184 -0.043811
v 0.344649 0.361867 -0.016418
v 0.308729 0.393027 -0.014706
v 0.335313 0.361867 -0.081346
v 0.300367 0.393027 -0.072868
v 0.432522 0.250000 -0.020604
v 0.406827 0.290029 -0.019379
v 0.420807 0.250000 -0.102087
v 0.395807 0.290029 -0.096022
v 0.485355 0.117880 -0.023120
v 0.471965 0.163534 -0.022482
v 0.472209 0.117880 -0.114557
v 0.459181 0.163534 -0.111396
v 0.498868 -0.023791 -0.023764
v 0.498868 0.023791 -0.023764
v 0.485355 -0.023791 -0.117746
v 0.485355 0.023791 -0.117746
v 0.471965 -0.163534 -0.022483
v 0.485356 -0.117879 -0.023120
v 0.459181 -0.163534 -0.111396
v 0.472209 -0.117879 -0.114557
v 0.406827 -0.290028 -0.019380
v 0.432522 -0.250000 -0.020604
v 0.395807 -0.290028 -0.096022
v 0.420807 -0.250000 -0.102087
v 0.308729 -0.393027 -0.014707
v 0.344649 -0.361867 -0.016418
v 0.300367 -0.393027 -0.072868
v 0.335313 -0.361867 -0.081346
v 0.185621 -0.464184 -0.008842
v 0.228854 -0.444418 -0.010902
v 0.180593 -0.464184 -0.043811
v 0.222655 -0.444418 -0.054016
v 0.047474 -0.497736 -0.002262
v 0.094518 -0.490964 -0.004503
v 0.046188 -0.497736 -0.011205
v 0.091958 -0.490964 -0.022309
v 0.198418 0.444418 0.114557
v 0.160935 0.464184 0.092916
v 0.216512 0.444418 0.074936
v 0.175611 0.464184 0.060780
v 0.298813 0.361867 0.172520
v 0.267671 0.393027 0.154540
v 0.326063 0.361867 0.112851
v 0.292080 0.393027 0.101090
v 0.375000 0.250000 0.216506
v 0.352722 0.290029 0.203644
v 0.409197 0.250000 0.141625
v 0.384888 0.290029 0.133211
v 0.420807 0.117880 0.242953
v 0.409197 0.163534 0.236250
v 0.459181 0.117880 0.158924
v 0.446513 0.163534 0.154540
v 0.432522 -0.023791 0.249717
v 0.432522 0.023791 0.249717
v 0.471965 -0.023791 0.163349
v 0.471965 0.023791 0.163349
v 0.409197 -0.163534 0.236250
v 0.420807 -0.117879 0.242953
v 0.446513 -0.163534 0.154540
v 0.459181 -0.117879 0.158924
v 0.352722 -0.290028 0.203644
v 0.375000 -0.250000 0.216506
v 0.384888 -0.290028 0.133211
v 0.409197 -0.250000 0.141624
v 0.267671 -0.393027 0.154540
v 0.298813 -0.361867 0.172520
v 0.292080 -0.393027 0.101090
v 0.326063 -0.361867 0.112851
v 0.160935 -0.464184 0.092916
v 0.198418 -0.444418 0.114557
v 0.175611 -0.464184 0.060779
v 0.216512 -0.444418 0.074936
v 0.041161 -0.497736 0.023764
v 0.081948 -0.490964 0.047313
v 0.044914 -0.497736 0.015545
v 0.089421 -0.490964 0.030949
v 0.104986 0.444418 0.203644
v 0.085153 0.464184 0.165173
v 0.141628 0.444418 0.180095
v 0.114873 0.464184 0.146073
v 0.158106 0.361867 0.306683
v 0.141628 0.393027 0.274721
v 0.213289 0.361867 0.271219
v 0.191060 0.393027 0.242953
v 0.198418 0.250000 0.384877
v 0.186630 0.290028 0.362012
v 0.267671 0.250000 0.340371
v 0.251769 0.290029 0.320150
v 0.222655 0.117879 0.431890
v 0.216512 0.163534 0.419975
v 0.300367 0.117879 0.381948
v 0.292080 0.163534 0.371410
v 0.228854 -0.023791 0.443914
v 0.228854 0.023791 0.443914
v 0.308729 -0.023791 0.392581
v 0.308729 0.023791 0.392581
v 0.216512 -0.163534 0.419975
v 0.222655 -0.117879 0.431890
v 0.292080 -0.163534 0.371410
v 0.300367 -0.117879 0.381948
v 0.186630 -0.290028 0.362012
v 0.198418 -0.250000 0.384877
v 0.251769 -0.290028 0.320150
v 0.267671 -0.250000 0.340371
v 0.141628 -0.393027 0.274721
v 0.158106 -0.361867 0.306683
v 0.191060 -0.393027 0.242953
v 0.213289 -0.361867 0.271219
v 0.085153 -0.464184 0.165173
v 0.104986 -0.444418 0.203644
v 0.114873 -0.464184 0.146073
v 0.141628 -0.444418 0.180095
v 0.021779 -0.497736 0.042245
v 0.043360 -0.490964 0.084107
v 0.029380 -0.497736 0.037360
v 0.058494 -0.490964 0.074381
v -0.021779 0.444418 0.228076
v -0.017664 0.464184 0.184990
v 0.021779 0.444418 0.228076
v 0.017664 0.464184 0.184990
v -0.032798 0.361867 0.343477
v -0.029380 0.393027 0.307680
v 0.032798 0.361867 0.343477
v 0.029380 0.393027 0.307680
v -0.041160 0.250000 0.431052
v -0.038715 0.290028 0.405444
v 0.041160 0.250000 0.431052
v 0.038715 0.290028 0.405444
v -0.046188 0.117879 0.483706
v -0.044914 0.163534 0.470361
v 0.046188 0.117879 0.483706
v 0.044914 0.163534 0.470361
v -0.047474 -0.023791 0.497172
v -0.047474 0.023791 0.497172
v 0.047474 -0.023791 0.497172
v 0.047474 0.023791 0.497172
v -0.044914 -0.163534 0.470361
v -0.046188 -0.117879 0.483706
v 0.044914 -0.163534 0.470361
v 0.046188 -0.117879 0.483706
v -0.038715 -0.290028 0.405444
v -0.041160 -0.250000 0.431052
v 0.038715 -0.290028 0.405444
v 0.041160 -0.250000 0.431052
v -0.029380 -0.393027 0.307680
v -0.032798 -0.361867 0.343477
v 0.029380 -0.393027 0.307680
v 0.032798 -0.361867 0.343477
v -0.017664 -0.464184 0.184990
v -0.021779 -0.444418 0.228076
v 0.017664 -0.464184 0.184990
v 0.021779 -0.444418 0.228076
v -0.004518 -0.497736 0.047313
v -0.008995 -0.490964 0.094197
v 0.004518 -0.497736 0.047313
v 0.008995 -0.490964 0.094197
v -0.141628 0.444418 0.180095
v -0.114873 0.464184 0.146073
v -0.104986 0.444418 0.203644
v -0.085153 0.464184 0.165173
v -0.213289 0.361867 0.271219
v -0.191060 0.393027 0.242953
v -0.158106 0.361867 0.306683
v -0.141628 0.393027 0.274721
v -0.267671 0.250000 0.340371
v -0.251769 0.290029 0.320150
v -0.198418 0.250000 0.384877
v -0.186630 0.290028 0.362012
v -0.300367 0.117879 0.381948
v -0.292080 0.163534 0.371410
v -0.222655 0.117879 0.431890
v -0.216512 0.163534 0.419975
v -0.308729 -0.023791 0.392581
v -0.308729 0.023791 0.392581
v -0.228854 -0.023791 0.443914
v -0.228854 0.023791 0.443914
v -0.292080 -0.163534 0.371410
v -0.300367 -0.117879 0.381948
v -0.216512 -0.163534 0.419975
v -0.222655 -0.117879 0.431890
v -0.251769 -0.290028 0.320150
v -0.267671 -0.250000 0.340371
v -0.186630 -0.290028 0.362012
v -0.198418 -0.250000 0.384877
v -0.191060 -0.393027 0.242953
v -0.213289 -0.361867 0.271219
v -0.141628 -0.393027 0.274721
v -0.158106 -0.361867 0.306683
v -0.114873 -0.464184 0.146073
v -0.141628 -0.444418 0.180095
v -0.085153 -0.464184 0.165173
v -0.104986 -0.444418 0.203644
v -0.029380 -0.497736 0.037360
v -0.058494 -0.490964 0.074381
v -0.021779 -0.497736 0.042245
v -0.043360 -0.490964 0.084107
v -0.216512 0.444418 0.074936
v -0.175611 0.464184 0.060780
v -0.198418 0.444418 0.114557
v -0.160935 0.464184 0.092916
v -0.326063 0.361867 0.112851
v -0.292080 0.393027 0.101090
v -0.298813 0.361867 0.172520
v -0.267671 0.393027 0.154540
v -0.409197 0.250000 0.141625
v -0.384887 0.290029 0.133211
v -0.375000 0.250000 0.216506
v -0.352722 0.290029 0.203644
v -0.459181 0.117880 0.158924
v -0.446513 0.163534 0.154540
v -0.420807 0.117880 0.242953
v -0.409197 0.163534 0.236250
v -0.471965 -0.023791 0.163349
v -0.471965 0.023791 0.163349
v -0.432522 -0.023791 0.249717
v -0.432522 0.023791 0.249717
v -0.446513 -0.163534 0.154540
v -0.459181 -0.117879 0.158924
v -0.409197 -0.163534 0.236250
v -0.420807 -0.117879 0.242953
v -0.384888 -0.290028 0.133211
v -0.409197 -0.250000 0.141625
v -0.352722 -0.290028 0.203644
v -0.375000 -0.250000 0.216506
v -0.292080 -0.393027 0.101090
v -0.326063 -0.361867 0.112851
v -0.267671 -0.393027 0.154540
v -0.298813 -0.361867 0.172520
v -0.175611 -0.464184 0.060779
v -0.216512 -0.444418 0.074936
v -0.160935 -0.464184 0.092916
v -0.198418 -0.444418 0.114557
v -0.044914 -0.497736 0.015545
v -0.089421 -0.490964 0.030949
v -0.041161 -0.497736 0.023764
v -0.081948 -0.490964 0.047313
v -0.222655 0.444418 -0.054015
v -0.180593 0.464184 -0.043811
v -0.228854 0.444418 -0.010902
v -0.185621 0.464184 -0.008842
v -0.335313 0.361867 -0.081346
v -0.300367 0.393027 -0.072868
v -0.344649 0.361867 -0.016418
v -0.308729 0.393027 -0.014706
v -0.420807 0.250000 -0.102087
v -0.395807 0.290029 -0.096022
v -0.432522 0.250000 -0.020604
v -0.406827 0.290029 -0.019379
v -0.472209 0.117880 -0.114557
v -0.459181 0.163534 -0.111396
v -0.485355 0.117880 -0.023120
v -0.471965 0.163534 -0.022482
v -0.485355 -0.023791 -0.117746
v -0.485355 0.023791 -0.117746
v -0.498868 -0.023791 -0.023764
v -0.498868 0.023791 -0.023764
v -0.459181 -0.163534 -0.111396
v -0.472209 -0.117879 -0.114557
v -0.471965 -0.163534 -0.022483
v -0.485355 -0.117879 -0.023120
v -0.395807 -0.290028 -0.096022
v -0.420807 -0.250000 -0.102087
v -0.406827 -0.290028 -0.019380
v -0.432522 -0.250000 -0.020604
v -0.300367 -0.393027 -0.072868
v -0.335313 -0.361867 -0.081346
v -0.308729 -0.393027 -0.014707
v -0.344649 -0.361867 -0.016418
v -0.180593 -0.464184 -0.043811
v -0.222655 -0.444418 -0.054016
v -0.185621 -0.464184 -0.008842
v -0.228854 -0.444418 -0.010902
v -0.046188 -0.497736 -0.011205
v -0.091958 -0.490964 -0.022309
v -0.047474 -0.497736 -0.002262
v -0.094518 -0.490964 -0.004503
v -0.158106 0.444418 -0.165817
v -0.128238 0.464184 -0.134492
v -0.186630 0.444418 -0.132899
v -0.151374 0.464184 -0.107793
v -0.238105 0.361867 -0.249717
v -0.213289 0.393027 -0.223691
v -0.281061 0.361867 -0.200142
v -0.251769 0.393027 -0.179284
v -0.298813 0.250000 -0.313386
v -0.281061 0.290029 -0.294768
v -0.352722 0.250000 -0.251172
v -0.331767 0.290029 -0.236250
v -0.335313 0.117880 -0.351667
v -0.326063 0.163534 -0.341965
v -0.395807 0.117880 -0.281853
v -0.384887 0.163534 -0.274077
v -0.344649 -0.023791 -0.361457
v -0.344649 0.023791 -0.361457
v -0.406827 -0.023791 -0.289700
v -0.406827 0.023791 -0.289700
v -0.326063 -0.163534 -0.341965
v -0.335313 -0.117879 -0.351667
v -0.384888 -0.163534 -0.274077
v -0.395807 -0.117879 -0.281853
v -0.281061 -0.290028 -0.294768
v -0.298813 -0.250000 -0.313386
v -0.331767 -0.290028 -0.236250
v -0.352722 -0.250000 -0.251172
v -0.213289 -0.393027 -0.223691
v -0.238105 -0.361867 -0.249717
v -0.251769 -0.393027 -0.179284
v -0.281061 -0.361867 -0.200143
v -0.128238 -0.464184 -0.134492
v -0.158106 -0.444418 -0.165817
v -0.151374 -0.464184 -0.107793
v -0.186630 -0.444418 -0.132899
v -0.032798 -0.497736 -0.034398
v -0.065299 -0.490964 -0.068484
v -0.038715 -0.497736 -0.027569
v -0.077080 -0.490964 -0.054888
v -0.043360 0.444418 -0.224973
v -0.035169 0.464184 -0.182473
v -0.085153 0.444418 -0.212701
v -0.069066 0.464184 -0.172520
v -0.065299 0.361867 -0.338804
v -0.058494 0.393027 -0.303494
v -0.128238 0.361867 -0.320323
v -0.114873 0.393027 -0.286939
v -0.081948 0.250000 -0.425188
v -0.077080 0.290029 -0.399928
v -0.160935 0.250000 -0.401995
v -0.151374 0.290029 -0.378113
v -0.091958 0.117880 -0.477125
v -0.089421 0.163534 -0.463962
v -0.180593 0.117880 -0.451099
v -0.175611 0.163534 -0.438654
v -0.094518 -0.023791 -0.490408
v -0.094518 0.023791 -0.490408
v -0.185621 -0.023791 -0.463658
v -0.185621 0.023791 -0.463658
v -0.089421 -0.163534 -0.463962
v -0.091958 -0.117879 -0.477125
v -0.175611 -0.163534 -0.438654
v -0.180593 -0.117879 -0.451099
v -0.077080 -0.290028 -0.399928
v -0.081948 -0.250000 -0.425188
v -0.151374 -0.290028 -0.378113
v -0.160935 -0.250000 -0.401995
v -0.058494 -0.393027 -0.303494
v -0.065299 -0.361867 -0.338804
v -0.114873 -0.393027 -0.286940
v -0.128238 -0.361867 -0.320324
v -0.035169 -0.464184 -0.182473
v -0.043360 -0.444418 -0.224973
v -0.069066 -0.464184 -0.172520
v -0.085153 -0.444418 -0.212701
v -0.008995 -0.497736 -0.046669
v -0.017908 -0.490964 -0.092916
v -0.017664 -0.497736 -0.044124
v -0.035169 -0.490964 -0.087847
v 0.077080 0.490964 -0.054888
v 0.038715 0.497736 -0.027569
v 0.065299 0.490964 -0.068484
v 0.032798 0.497736 -0.034398
v 0.094518 0.490964 -0.004502
v 0.047474 0.497736 -0.002261
v 0.091958 0.490964 -0.022309
v 0.046188 0.497736 -0.011205
v 0.081948 0.490964 0.047313
v 0.041160 0.497736 0.023764
v 0.089421 0.490964 0.030949
v 0.044914 0.497736 0.015545
v 0.043360 0.490964 0.084107
v 0.021779 0.497736 0.042245
v 0.058494 0.490964 0.074381
v 0.029380 0.497736 0.037360
v -0.008995 0.490964 0.094197
v -0.004518 0.497736 0.047313
v 0.008995 0.490964 0.094197
v 0.004518 0.497736 0.047313
v -0.058494 0.490964 0.074381
v -0.029380 0.497736 0.037360
v -0.043360 0.490964 0.084107
v -0.021779 0.497736 0.042245
v -0.089421 0.490964 0.030949
v -0.044914 0.497736 0.015545
v -0.081948 0.490964 0.047313
v -0.041160 0.497736 0.023764
v -0.091958 0.490964 -0.022309
v -0.046188 0.497736 -0.011205
v -0.094518 0.490964 -0.004502
v -0.047474 0.497736 -0.002261
v -0.065299 0.490964 -0.068484
v -0.032798 0.497736 -0.034398
v -0.077080 0.490964 -0.054888
v -0.038715 0.497736 -0.027569
v -0.017908 0.490964 -0.092915
v -0.008995 0.497736 -0.046669
v -0.035169 0.490964 -0.087847
v -0.017664 0.497736 -0.044123
v 0.035169 0.490964 -0.087847
v 0.017664 0.497736 -0.044123
v 0.017908 0.490964 -0.092915
v 0.008995 0.497736 -0.046669
vt 0.969603 0.969602
vt 0.999900 0.999899
vt 0.969603 0.999899
vt 0.060694 0.969603
vt 0.090991 0.999900
vt 0.060694 0.999900
vt 0.151585 0.969603
vt 0.181882 0.999900
vt 0.151585 0.999900
vt 0.242476 0.969603
vt 0.272773 0.999900
vt 0.242476 0.999900
vt 0.333367 0.969603
vt 0.363664 0.999900
vt 0.333367 0.999900
vt 0.424258 0.969603
vt 0.454555 0.999900
vt 0.424258 0.999900
vt 0.515148 0.969603
vt 0.545445 0.999900
vt 0.515148 0.999900
vt 0.606039 0.969603
vt 0.636336 0.999900
vt 0.606039 0.999900
vt 0.696930 0.969603
vt 0.727227 0.999900
vt 0.696930 0.999900
vt 0.787821 0.969603
vt 0.818118 0.999900
vt 0.787821 0.999900
vt 0.878712 0.969603
vt 0.909009 0.999899
vt 0.878712 0.999899
vt 0.060694 0.060695
vt 0.090991 0.090992
vt 0.060694 0.090992
vt 0.090991 0.151585
vt 0.060694 0.181882
vt 0.060694 0.151585
vt 0.090991 0.242476
vt 0.060694 0.272773
vt 0.060694 0.242476
vt 0.090991 0.333367
vt 0.060694 0.363664
vt 0.060694 0.333367
vt 0.090991 0.424258
vt 0.060694 0.454555
vt 0.060694 0.424258
vt 0.090991 0.515149
vt 0.060694 0.545446
vt 0.060694 0.515149
vt 0.060694 0.606039
vt 0.090991 0.636336
vt 0.060694 0.636336
vt 0.090991 0.696930
vt 0.060694 0.727227
vt 0.060694 0.696930
vt 0.060694 0.787821
vt 0.090991 0.818118
vt 0.060694 0.818118
vt 0.090991 0.878712
vt 0.060694 0.909009
vt 0.060694 0.878712
vt 0.151585 0.060695
vt 0.181882 0.090991
vt 0.151585 0.090991
vt 0.181882 0.151585
vt 0.151585 0.181882
vt 0.151585 0.151585
vt 0.151585 0.242476
vt 0.181882 0.272773
vt 0.151585 0.272773
vt 0.181882 0.333367
vt 0.151585 0.363664
vt 0.151585 0.333367
vt 0.181882 0.424258
vt 0.151585 0.454555
vt 0.151585 0.424258
vt 0.181882 0.515149
vt 0.151585 0.545446
vt 0.151585 0.515149
vt 0.181882 0.606039
vt 0.151585 0.636336
vt 0.151585 0.606039
vt 0.181882 0.696930
vt 0.151585 0.727227
vt 0.151585 0.696930
vt 0.151585 0.787821
vt 0.181882 0.818118
vt 0.151585 0.818118
vt 0.181882 0.878712
vt 0.151585 0.909009
vt 0.151585 0.878712
vt 0.272772 0.060694
vt 0.242475 0.090991
vt 0.242475 0.060694
vt 0.242476 0.151585
vt 0.272772 0.181882
vt 0.242476 0.181882
vt 0.272773 0.242476
vt 0.242476 0.272773
vt 0.242476 0.242476
vt 0.242476 0.333367
vt 0.272773 0.363664
vt 0.242476 0.363664
vt 0.242476 0.424258
vt 0.272773 0.454555
vt 0.242476 0.454555
vt 0.272773 0.515149
vt 0.242476 0.545446
vt 0.242476 0.515149
vt 0.242476 0.606039
vt 0.272773 0.636336
vt 0.242476 0.636336
vt 0.272773 0.696930
vt 0.242476 0.727227
vt 0.242476 0.696930
vt 0.242476 0.787821
vt 0.272773 0.818118
vt 0.242476 0.818118
vt 0.272773 0.878712
vt 0.242476 0.909009
vt 0.242476 0.878712
vt 0.333366 0.060694
vt 0.363663 0.090991
vt 0.333366 0.090991
vt 0.333366 0.151585
vt 0.363663 0.181882
vt 0.333366 0.181882
vt 0.333366 0.242476
vt 0.363663 0.272773
vt 0.333366 0.272773
vt 0.363663 0.333367
vt 0.333366 0.363664
vt 0.333366 0.333367
vt 0.363663 0.424258
vt 0.333367 0.454555
vt 0.333367 0.424258
vt 0.363663 0.515149
vt 0.333367 0.545446
vt 0.333367 0.515149
vt 0.363664 0.606039
vt 0.333367 0.636336
vt 0.333367 0.606039
vt 0.363664 0.696930
vt 0.333367 0.727227
vt 0.333367 0.696930
vt 0.363664 0.787821
vt 0.333367 0.818118
vt 0.333367 0.787821
vt 0.363664 0.878712
vt 0.333367 0.909009
vt 0.333367 0.878712
vt 0.454554 0.060694
vt 0.424257 0.090991
vt 0.424257 0.060694
vt 0.424257 0.151585
vt 0.454554 0.181882
vt 0.424257 0.181882
vt 0.454554 0.242476
vt 0.424257 0.272773
vt 0.424257 0.242476
vt 0.454554 0.333367
vt 0.424257 0.363664
vt 0.424257 0.333367
vt 0.424257 0.424258
vt 0.454554 0.454555
vt 0.424257 0.454555
vt 0.454554 0.515149
vt 0.424257 0.545446
vt 0.424257 0.515149
vt 0.454554 0.606039
vt 0.424257 0.636336
vt 0.424257 0.606039
vt 0.424257 0.696930
vt 0.454554 0.727227
vt 0.424257 0.727227
vt 0.454554 0.787821
vt 0.424257 0.818118
vt 0.424257 0.787821
vt 0.454554 0.878712
vt 0.424258 0.909009
vt 0.424258 0.878712
vt 0.545445 0.060694
vt 0.515148 0.090991
vt 0.515148 0.060694
vt 0.545445 0.151585
vt 0.515148 0.181882
vt 0.515148 0.151585
vt 0.545445 0.242476
vt 0.515148 0.272773
vt 0.515148 0.242476
vt 0.545445 0.333367
vt 0.515148 0.363664
vt 0.515148 0.333367
vt 0.515148 0.424258
vt 0.545445 0.454555
vt 0.515148 0.454555
vt 0.545445 0.515149
vt 0.515148 0.545446
vt 0.515148 0.515149
vt 0.545445 0.606039
vt 0.515148 0.636336
vt 0.515148 0.606039
vt 0.545445 0.696930
vt 0.515148 0.727227
vt 0.515148 0.696930
vt 0.545445 0.787821
vt 0.515148 0.818118
vt 0.515148 0.787821
vt 0.545445 0.878712
vt 0.515148 0.909009
vt 0.515148 0.878712
vt 0.606039 0.060694
vt 0.636336 0.090991
vt 0.606039 0.090991
vt 0.606039 0.151585
vt 0.636336 0.181882
vt 0.606039 0.181882
vt 0.636336 0.242476
vt 0.606039 0.272773
vt 0.606039 0.242476
vt 0.636336 0.333367
vt 0.606039 0.363664
vt 0.606039 0.333367
vt 0.636336 0.424258
vt 0.606039 0.454555
vt 0.606039 0.424258
vt 0.606039 0.515149
vt 0.636336 0.545445
vt 0.606039 0.545445
vt 0.636336 0.606039
vt 0.606039 0.636336
vt 0.606039 0.606039
vt 0.636336 0.696930
vt 0.606039 0.727227
vt 0.606039 0.696930
vt 0.636336 0.787821
vt 0.606039 0.818118
vt 0.606039 0.787821
vt 0.606039 0.878712
vt 0.636336 0.909009
vt 0.606039 0.909009
vt 0.696930 0.060694
vt 0.727227 0.090991
vt 0.696930 0.090991
vt 0.696930 0.151585
vt 0.727227 0.181882
vt 0.696930 0.181882
vt 0.727227 0.242476
vt 0.696930 0.272773
vt 0.696930 0.242476
vt 0.727227 0.333367
vt 0.696930 0.363664
vt 0.696930 0.333367
vt 0.727227 0.424258
vt 0.696930 0.454555
vt 0.696930 0.424258
vt 0.727227 0.515148
vt 0.696930 0.545445
vt 0.696930 0.515148
vt 0.727227 0.606039
vt 0.696930 0.636336
vt 0.696930 0.606039
vt 0.696930 0.696930
vt 0.727227 0.727227
vt 0.696930 0.727227
vt 0.727227 0.787821
vt 0.696930 0.818118
vt 0.696930 0.787821
vt 0.727227 0.878712
vt 0.696930 0.909009
vt 0.696930 0.878712
vt 0.818118 0.060694
vt 0.787821 0.090991
vt 0.787821 0.060694
vt 0.818118 0.151585
vt 0.787821 0.181882
vt 0.787821 0.151585
vt 0.787821 0.242476
vt 0.818118 0.272773
vt 0.787821 0.272773
vt 0.787821 0.333367
vt 0.818118 0.363664
vt 0.787821 0.363664
vt 0.787821 0.424258
vt 0.818118 0.454555
vt 0.787821 0.454555
vt 0.787821 0.515148
vt 0.818118 0.545445
vt 0.787821 0.545445
vt 0.818118 0.606039
vt 0.787821 0.636336
vt 0.787821 0.606039
vt 0.787821 0.696930
vt 0.818118 0.727227
vt 0.787821 0.727227
vt 0.787821 0.787821
vt 0.818118 0.818118
vt 0.787821 0.818118
vt 0.787821 0.878712
vt 0.818118 0.909009
vt 0.787821 0.909009
vt 0.878712 0.060694
vt 0.909009 0.090991
vt 0.878712 0.090991
vt 0.909009 0.151585
vt 0.878712 0.181882
vt 0.878712 0.151585
vt 0.878712 0.242476
vt 0.909009 0.272773
vt 0.878712 0.272773
vt 0.909009 0.333367
vt 0.878712 0.363664
vt 0.878712 0.333367
vt 0.909009 0.424258
vt 0.878712 0.454555
vt 0.878712 0.424258
vt 0.909009 0.515148
vt 0.878712 0.545445
vt 0.878712 0.515148
vt 0.878712 0.606039
vt 0.909009 0.636336
vt 0.878712 0.636336
vt 0.878712 0.696930
vt 0.909009 0.727227
vt 0.878712 0.727227
vt 0.878712 0.787821
vt 0.909009 0.818118
vt 0.878712 0.818118
vt 0.909009 0.878712
vt 0.878712 0.909009
vt 0.878712 0.878712
vt 0.999900 0.060694
vt 0.969603 0.090991
vt 0.969603 0.060694
vt 0.969603 0.151585
vt 0.999900 0.181882
vt 0.969603 0.181882
vt 0.999900 0.242476
vt 0.969603 0.272773
vt 0.969603 0.242476
vt 0.969602 0.333367
vt 0.999899 0.363664
vt 0.969602 0.363664
vt 0.999899 0.424258
vt 0.969602 0.454555
vt 0.969602 0.424258
vt 0.999899 0.515148
vt 0.969602 0.545445
vt 0.969602 0.515148
vt 0.999899 0.606039
vt 0.969602 0.636336
vt 0.969602 0.606039
vt 0.999899 0.696930
vt 0.969602 0.727227
vt 0.969602 0.696930
vt 0.999899 0.787821
vt 0.969602 0.818118
vt 0.969602 0.787821
vt 0.969603 0.878712
vt 0.999899 0.909009
vt 0.969603 0.909009
vt 0.939306 0.878712
vt 0.909009 0.909009
vt 0.939306 0.909009
vt 0.939306 0.818118
vt 0.909009 0.848415
vt 0.939306 0.848415
vt 0.969603 0.848415
vt 0.999899 0.848415
vt 0.939306 0.787821
vt 0.909009 0.787821
vt 0.939306 0.727227
vt 0.909009 0.757524
vt 0.939306 0.757524
vt 0.999899 0.727227
vt 0.969602 0.757524
vt 0.999899 0.757524
vt 0.939306 0.696930
vt 0.909009 0.696930
vt 0.939306 0.666633
vt 0.909009 0.666633
vt 0.939305 0.636336
vt 0.999899 0.636336
vt 0.969602 0.666633
vt 0.999899 0.666633
vt 0.939306 0.606039
vt 0.909009 0.606039
vt 0.939305 0.545445
vt 0.909009 0.575742
vt 0.909009 0.545445
vt 0.939305 0.575742
vt 0.969602 0.575742
vt 0.999899 0.545445
vt 0.999899 0.575742
vt 0.939305 0.515148
vt 0.939305 0.454555
vt 0.909009 0.484852
vt 0.909009 0.454555
vt 0.939305 0.484852
vt 0.969602 0.484852
vt 0.999899 0.454555
vt 0.999899 0.484852
vt 0.939306 0.424258
vt 0.909009 0.363664
vt 0.939305 0.393961
vt 0.909009 0.393961
vt 0.939306 0.363664
vt 0.969602 0.393961
vt 0.999899 0.393961
vt 0.939306 0.333367
vt 0.939306 0.272773
vt 0.909009 0.303070
vt 0.939306 0.303070
vt 0.999899 0.303070
vt 0.969603 0.303070
vt 0.999900 0.333367
vt 0.939306 0.242476
vt 0.909009 0.242476
vt 0.909009 0.181882
vt 0.939306 0.212179
vt 0.909009 0.212179
vt 0.939306 0.181882
vt 0.969603 0.212179
vt 0.999900 0.212179
vt 0.939306 0.151585
vt 0.939306 0.121288
vt 0.909009 0.121288
vt 0.939306 0.090991
vt 0.969603 0.121288
vt 0.999900 0.121288
vt 0.999900 0.151585
vt 0.939306 0.060694
vt 0.909009 0.060694
vt 0.939306 0.000100
vt 0.909009 0.030397
vt 0.909009 0.000100
vt 0.969603 0.000100
vt 0.939306 0.030397
vt 0.969603 0.030397
vt 0.999900 0.000100
vt 0.818118 0.878712
vt 0.848415 0.909009
vt 0.848415 0.878712
vt 0.848415 0.818118
vt 0.818118 0.848415
vt 0.848415 0.848415
vt 0.878712 0.848415
vt 0.848415 0.787821
vt 0.818118 0.787821
vt 0.848415 0.727227
vt 0.818118 0.757524
vt 0.848415 0.757524
vt 0.878712 0.757524
vt 0.818118 0.696930
vt 0.848415 0.696930
vt 0.848415 0.636336
vt 0.818118 0.666633
vt 0.818118 0.636336
vt 0.848415 0.666633
vt 0.878712 0.666633
vt 0.848415 0.606039
vt 0.848415 0.545445
vt 0.818118 0.575742
vt 0.848415 0.575742
vt 0.878712 0.575742
vt 0.848415 0.515148
vt 0.818118 0.515148
vt 0.848415 0.454555
vt 0.818118 0.484852
vt 0.848415 0.484852
vt 0.878712 0.484852
vt 0.848415 0.424258
vt 0.818118 0.424258
vt 0.848415 0.363664
vt 0.818118 0.393961
vt 0.878712 0.393961
vt 0.848415 0.393961
vt 0.848415 0.333367
vt 0.818118 0.333367
vt 0.848415 0.272773
vt 0.818118 0.303070
vt 0.848415 0.303070
vt 0.878712 0.303070
vt 0.848415 0.242476
vt 0.818118 0.242476
vt 0.848415 0.181882
vt 0.818118 0.212179
vt 0.818118 0.181882
vt 0.878712 0.212179
vt 0.848415 0.212179
vt 0.848415 0.151585
vt 0.848415 0.090991
vt 0.818118 0.121288
vt 0.818118 0.090991
vt 0.848415 0.121288
vt 0.878712 0.121288
vt 0.848415 0.060694
vt 0.848415 0.000100
vt 0.818118 0.030397
vt 0.818118 0.000100
vt 0.848415 0.030397
vt 0.878712 0.030397
vt 0.878712 0.000100
vt 0.757524 0.878712
vt 0.727227 0.909009
vt 0.757524 0.909009
vt 0.757524 0.818118
vt 0.727227 0.848415
vt 0.727227 0.818118
vt 0.757524 0.848415
vt 0.787821 0.848415
vt 0.757524 0.787821
vt 0.757524 0.727227
vt 0.727227 0.757524
vt 0.757524 0.757524
vt 0.787821 0.757524
vt 0.727227 0.696930
vt 0.757524 0.696930
vt 0.727227 0.636336
vt 0.757524 0.666633
vt 0.727227 0.666633
vt 0.757524 0.636336
vt 0.787821 0.666633
vt 0.757524 0.606039
vt 0.727227 0.545445
vt 0.757524 0.575742
vt 0.727227 0.575742
vt 0.757524 0.545445
vt 0.787821 0.575742
vt 0.757524 0.515148
vt 0.757524 0.454555
vt 0.727227 0.484852
vt 0.727227 0.454555
vt 0.757524 0.484852
vt 0.787821 0.484852
vt 0.757524 0.424258
vt 0.727227 0.363664
vt 0.757524 0.393961
vt 0.727227 0.393961
vt 0.757524 0.363664
vt 0.787821 0.393961
vt 0.757524 0.333367
vt 0.757524 0.272773
vt 0.727227 0.303070
vt 0.727227 0.272773
vt 0.757524 0.303070
vt 0.787821 0.303070
vt 0.757524 0.242476
vt 0.757524 0.181882
vt 0.727227 0.212179
vt 0.757524 0.212179
vt 0.787821 0.212179
vt 0.757524 0.151585
vt 0.727227 0.151585
vt 0.757524 0.121288
vt 0.727227 0.121288
vt 0.757524 0.090991
vt 0.787821 0.121288
vt 0.727227 0.060694
vt 0.757524 0.060694
vt 0.727227 0.000100
vt 0.757524 0.030397
vt 0.727227 0.030397
vt 0.757524 0.000100
vt 0.787821 0.030397
vt 0.787821 0.000100
vt 0.666633 0.878712
vt 0.636336 0.878712
vt 0.666633 0.909009
vt 0.636336 0.818118
vt 0.666633 0.848415
vt 0.636336 0.848415
vt 0.666633 0.818118
vt 0.696930 0.848415
vt 0.666633 0.787821
vt 0.636336 0.727227
vt 0.666633 0.757524
vt 0.636336 0.757524
vt 0.666633 0.727227
vt 0.696930 0.757524
vt 0.666633 0.696930
vt 0.636336 0.636336
vt 0.666633 0.666633
vt 0.636336 0.666633
vt 0.666633 0.636336
vt 0.696930 0.666633
vt 0.666633 0.606039
vt 0.666633 0.575742
vt 0.636336 0.575742
vt 0.666633 0.545445
vt 0.696930 0.575742
vt 0.636336 0.515148
vt 0.666633 0.515148
vt 0.666633 0.454555
vt 0.636336 0.484852
vt 0.636336 0.454555
vt 0.666633 0.484852
vt 0.696930 0.484852
vt 0.666633 0.424258
vt 0.666633 0.363664
vt 0.636336 0.393961
vt 0.636336 0.363664
vt 0.666633 0.393961
vt 0.696930 0.393961
vt 0.666633 0.333367
vt 0.666633 0.272773
vt 0.636336 0.303070
vt 0.636336 0.272773
vt 0.666633 0.303070
vt 0.696930 0.303070
vt 0.666633 0.242476
vt 0.666633 0.181882
vt 0.636336 0.212179
vt 0.666633 0.212179
vt 0.696930 0.212179
vt 0.666633 0.151585
vt 0.636336 0.151585
vt 0.666633 0.090991
vt 0.636336 0.121288
vt 0.666633 0.121288
vt 0.696930 0.121288
vt 0.636336 0.060694
vt 0.666633 0.060694
vt 0.636336 0.000100
vt 0.666633 0.030397
vt 0.636336 0.030397
vt 0.696930 0.000100
vt 0.666633 0.000100
vt 0.696930 0.030397
vt 0.575742 0.878712
vt 0.545445 0.909009
vt 0.575742 0.909009
vt 0.545445 0.818118
vt 0.575742 0.848415
vt 0.545445 0.848415
vt 0.575742 0.818118
vt 0.606039 0.848415
vt 0.575742 0.787821
vt 0.575742 0.727227
vt 0.545445 0.757524
vt 0.545445 0.727227
vt 0.575742 0.757524
vt 0.606039 0.757524
vt 0.575742 0.696930
vt 0.575742 0.636336
vt 0.545445 0.666633
vt 0.545445 0.636336
vt 0.575742 0.666633
vt 0.606039 0.666633
vt 0.575742 0.606039
vt 0.545445 0.545445
vt 0.575742 0.575742
vt 0.545445 0.575742
vt 0.575742 0.545445
vt 0.606039 0.575742
vt 0.575742 0.515149
vt 0.575742 0.484852
vt 0.545445 0.484852
vt 0.575742 0.454555
vt 0.606039 0.484852
vt 0.545445 0.424258
vt 0.575742 0.424258
vt 0.575742 0.363664
vt 0.545445 0.393961
vt 0.545445 0.363664
vt 0.606039 0.393961
vt 0.575742 0.393961
vt 0.575742 0.333367
vt 0.575742 0.272773
vt 0.545445 0.303070
vt 0.545445 0.272773
vt 0.575742 0.303070
vt 0.606039 0.303070
vt 0.575742 0.242476
vt 0.575742 0.181882
vt 0.545445 0.212179
vt 0.545445 0.181882
vt 0.575742 0.212179
vt 0.606039 0.212179
vt 0.575742 0.151585
vt 0.575742 0.090991
vt 0.545445 0.121288
vt 0.545445 0.090991
vt 0.575742 0.121288
vt 0.606039 0.121288
vt 0.575742 0.060694
vt 0.575742 0.000100
vt 0.545445 0.030397
vt 0.545445 0.000100
vt 0.575742 0.030397
vt 0.606039 0.000100
vt 0.606039 0.030397
vt 0.484851 0.878712
vt 0.454554 0.909009
vt 0.484851 0.909009
vt 0.484851 0.818118
vt 0.454554 0.848415
vt 0.454554 0.818118
vt 0.484851 0.848415
vt 0.515148 0.848415
vt 0.484851 0.787821
vt 0.484851 0.727227
vt 0.454554 0.757524
vt 0.515148 0.757524
vt 0.484851 0.757524
vt 0.454554 0.696930
vt 0.484851 0.696930
vt 0.454554 0.636336
vt 0.484851 0.666633
vt 0.454554 0.666633
vt 0.484851 0.636336
vt 0.515148 0.666633
vt 0.484851 0.606039
vt 0.484851 0.545446
vt 0.454554 0.575742
vt 0.454554 0.545446
vt 0.484851 0.575742
vt 0.515148 0.575742
vt 0.484851 0.515149
vt 0.484851 0.454555
vt 0.454554 0.484852
vt 0.484851 0.484852
vt 0.515148 0.484852
vt 0.454554 0.424258
vt 0.484851 0.424258
vt 0.484851 0.363664
vt 0.454554 0.393961
vt 0.454554 0.363664
vt 0.515148 0.393961
vt 0.484851 0.393961
vt 0.484851 0.333367
vt 0.454554 0.272773
vt 0.484851 0.303070
vt 0.454554 0.303070
vt 0.484851 0.272773
vt 0.515148 0.303070
vt 0.484851 0.242476
vt 0.484851 0.181882
vt 0.454554 0.212179
vt 0.484851 0.212179
vt 0.515148 0.212179
vt 0.484851 0.151585
vt 0.454554 0.151585
vt 0.484851 0.090991
vt 0.454554 0.121288
vt 0.454554 0.090991
vt 0.484851 0.121288
vt 0.515148 0.121288
vt 0.484851 0.060694
vt 0.454554 0.000100
vt 0.484851 0.030397
vt 0.454554 0.030397
vt 0.484851 0.000100
vt 0.515148 0.030397
vt 0.515148 0.000100
vt 0.393961 0.878712
vt 0.363664 0.909009
vt 0.393961 0.909009
vt 0.393961 0.818118
vt 0.363664 0.848415
vt 0.363664 0.818118
vt 0.393961 0.848415
vt 0.424258 0.848415
vt 0.393961 0.787821
vt 0.393961 0.727227
vt 0.363664 0.757524
vt 0.363664 0.727227
vt 0.393961 0.757524
vt 0.424257 0.757524
vt 0.393961 0.696930
vt 0.393960 0.636336
vt 0.363664 0.666633
vt 0.363664 0.636336
vt 0.393960 0.666633
vt 0.424257 0.666633
vt 0.393960 0.606039
vt 0.363663 0.545446
vt 0.393960 0.575742
vt 0.363663 0.575742
vt 0.393960 0.545446
vt 0.424257 0.575742
vt 0.393960 0.515149
vt 0.393960 0.454555
vt 0.363663 0.484852
vt 0.363663 0.454555
vt 0.393960 0.484852
vt 0.424257 0.484852
vt 0.393960 0.424258
vt 0.393960 0.363664
vt 0.363663 0.393961
vt 0.363663 0.363664
vt 0.393960 0.393961
vt 0.424257 0.393961
vt 0.393960 0.333367
vt 0.393960 0.303070
vt 0.363663 0.303070
vt 0.393960 0.272773
vt 0.424257 0.303070
vt 0.363663 0.242476
vt 0.393960 0.242476
vt 0.393960 0.181882
vt 0.363663 0.212179
vt 0.424257 0.212179
vt 0.393960 0.212179
vt 0.393960 0.151585
vt 0.363663 0.151585
vt 0.393960 0.090991
vt 0.363663 0.121288
vt 0.393960 0.121288
vt 0.424257 0.121288
vt 0.393960 0.060694
vt 0.363663 0.060694
vt 0.363663 0.000100
vt 0.393960 0.030397
vt 0.363663 0.030397
vt 0.424257 0.000100
vt 0.393960 0.000100
vt 0.424257 0.030397
vt 0.303070 0.878712
vt 0.272773 0.909009
vt 0.303070 0.909009
vt 0.303070 0.848415
vt 0.272773 0.848415
vt 0.303070 0.818118
vt 0.333367 0.848415
vt 0.272773 0.787821
vt 0.303070 0.787821
vt 0.303070 0.727227
vt 0.272773 0.757524
vt 0.272773 0.727227
vt 0.303070 0.757524
vt 0.333367 0.757524
vt 0.303070 0.696930
vt 0.303070 0.636336
vt 0.272773 0.666633
vt 0.303070 0.666633
vt 0.333367 0.666633
vt 0.272773 0.606039
vt 0.303070 0.606039
vt 0.303070 0.545446
vt 0.272773 0.575742
vt 0.272773 0.545446
vt 0.303070 0.575742
vt 0.333367 0.575742
vt 0.303070 0.515149
vt 0.303070 0.454555
vt 0.272773 0.484852
vt 0.303070 0.484852
vt 0.333367 0.484852
vt 0.272773 0.424258
vt 0.303070 0.424258
vt 0.303070 0.363664
vt 0.272773 0.393961
vt 0.303070 0.393961
vt 0.333366 0.393961
vt 0.303070 0.333367
vt 0.272773 0.333367
vt 0.303069 0.272773
vt 0.272773 0.303070
vt 0.272773 0.272773
vt 0.303070 0.303070
vt 0.333366 0.303070
vt 0.303069 0.242476
vt 0.303069 0.212179
vt 0.272773 0.212179
vt 0.303069 0.181882
vt 0.333366 0.212179
vt 0.303069 0.151585
vt 0.272772 0.151585
vt 0.272772 0.090991
vt 0.303069 0.121288
vt 0.272772 0.121288
vt 0.303069 0.090991
vt 0.333366 0.121288
vt 0.303069 0.060694
vt 0.303069 0.000101
vt 0.272772 0.030398
vt 0.272772 0.000101
vt 0.303069 0.030397
vt 0.333366 0.000101
vt 0.333366 0.030397
vt 0.212179 0.878712
vt 0.181882 0.909009
vt 0.212179 0.909009
vt 0.212179 0.848415
vt 0.181882 0.848415
vt 0.212179 0.818118
vt 0.242476 0.848415
vt 0.181882 0.787821
vt 0.212179 0.787821
vt 0.181882 0.727227
vt 0.212179 0.757524
vt 0.181882 0.757524
vt 0.212179 0.727227
vt 0.242476 0.757524
vt 0.212179 0.696930
vt 0.181882 0.636336
vt 0.212179 0.666633
vt 0.181882 0.666633
vt 0.212179 0.636336
vt 0.242476 0.666633
vt 0.212179 0.606039
vt 0.181882 0.545446
vt 0.212179 0.575742
vt 0.181882 0.575742
vt 0.212179 0.545446
vt 0.242476 0.575742
vt 0.212179 0.515149
vt 0.181882 0.454555
vt 0.212179 0.484852
vt 0.181882 0.484852
vt 0.212179 0.454555
vt 0.242476 0.484852
vt 0.212179 0.424258
vt 0.181882 0.363664
vt 0.212179 0.393961
vt 0.181882 0.393961
vt 0.212179 0.363664
vt 0.242476 0.393961
vt 0.212179 0.333367
vt 0.212179 0.272773
vt 0.181882 0.303070
vt 0.212179 0.303070
vt 0.242476 0.303070
vt 0.212179 0.242476
vt 0.181882 0.242476
vt 0.212179 0.181882
vt 0.181882 0.212179
vt 0.181882 0.181882
vt 0.212179 0.212179
vt 0.242476 0.212179
vt 0.212179 0.151585
vt 0.212179 0.121288
vt 0.181882 0.121288
vt 0.212179 0.090991
vt 0.242476 0.121288
vt 0.181882 0.060695
vt 0.212179 0.060695
vt 0.212178 0.000101
vt 0.181882 0.030398
vt 0.181882 0.000101
vt 0.212178 0.030398
vt 0.242475 0.030398
vt 0.242475 0.000101
vt 0.121288 0.909009
vt 0.090991 0.909009
vt 0.121288 0.878712
vt 0.121288 0.848415
vt 0.090991 0.848415
vt 0.121288 0.818118
vt 0.151585 0.848415
vt 0.121288 0.787821
vt 0.090991 0.787821
vt 0.121288 0.727227
vt 0.090991 0.757524
vt 0.090991 0.727227
vt 0.151585 0.757524
vt 0.121288 0.757524
vt 0.121288 0.696930
vt 0.121288 0.636336
vt 0.090991 0.666633
vt 0.121288 0.666633
vt 0.151585 0.666633
vt 0.121288 0.606039
vt 0.090991 0.606039
vt 0.090991 0.545446
vt 0.121288 0.575742
vt 0.090991 0.575742
vt 0.121288 0.545446
vt 0.151585 0.575742
vt 0.121288 0.515149
vt 0.090991 0.454555
vt 0.121288 0.484852
vt 0.090991 0.484852
vt 0.121288 0.454555
vt 0.151585 0.484852
vt 0.121288 0.424258
vt 0.121288 0.363664
vt 0.090991 0.393961
vt 0.090991 0.363664
vt 0.121288 0.393961
vt 0.151585 0.393961
vt 0.121288 0.333367
vt 0.090991 0.272773
vt 0.121288 0.303070
vt 0.090991 0.303070
vt 0.121288 0.272773
vt 0.151585 0.303070
vt 0.121288 0.242476
vt 0.121288 0.181882
vt 0.090991 0.212179
vt 0.090991 0.181882
vt 0.121288 0.212179
vt 0.151585 0.212179
vt 0.121288 0.151585
vt 0.121288 0.090991
vt 0.090991 0.121288
vt 0.121288 0.121288
vt 0.151585 0.121288
vt 0.121288 0.060695
vt 0.090991 0.060695
vt 0.090991 0.000101
vt 0.121288 0.030398
vt 0.090991 0.030398
vt 0.121288 0.000101
vt 0.151585 0.030398
vt 0.151585 0.000101
vt 0.030397 0.878712
vt 0.000100 0.909009
vt 0.000100 0.878712
vt 0.030397 0.909009
vt 0.000100 0.818118
vt 0.030397 0.848415
vt 0.000100 0.848415
vt 0.030397 0.818118
vt 0.060694 0.848415
vt 0.000100 0.787821
vt 0.030397 0.787821
vt 0.030397 0.727227
vt 0.000100 0.757524
vt 0.000100 0.727227
vt 0.030397 0.757524
vt 0.060694 0.757524
vt 0.030397 0.696930
vt 0.000100 0.696930
vt 0.030397 0.636336
vt 0.000100 0.666633
vt 0.000100 0.636336
vt 0.030397 0.666633
vt 0.060694 0.666633
vt 0.030397 0.606039
vt 0.000100 0.606039
vt 0.030397 0.545446
vt 0.000100 0.575742
vt 0.000100 0.545446
vt 0.030397 0.575742
vt 0.060694 0.575742
vt 0.030397 0.515149
vt 0.000100 0.515149
vt 0.030397 0.454555
vt 0.000100 0.484852
vt 0.000100 0.454555
vt 0.030397 0.484852
vt 0.060694 0.484852
vt 0.030397 0.424258
vt 0.000100 0.424258
vt 0.030397 0.363664
vt 0.000100 0.393961
vt 0.000100 0.363664
vt 0.030397 0.393961
vt 0.060694 0.393961
vt 0.030397 0.333367
vt 0.000100 0.333367
vt 0.030397 0.272773
vt 0.000100 0.303070
vt 0.000100 0.272773
vt 0.030397 0.303070
vt 0.060694 0.303070
vt 0.030397 0.242476
vt 0.000100 0.242476
vt 0.030397 0.181882
vt 0.000100 0.212179
vt 0.000100 0.181882
vt 0.030397 0.212179
vt 0.060694 0.212179
vt 0.030397 0.151585
vt 0.000100 0.151585
vt 0.030397 0.090992
vt 0.000100 0.121288
vt 0.000100 0.090992
vt 0.030397 0.121288
vt 0.060694 0.121288
vt 0.030397 0.060695
vt 0.000100 0.060695
vt 0.030397 0.000101
vt 0.000100 0.030398
vt 0.000100 0.000101
vt 0.030397 0.030398
vt 0.060694 0.000101
vt 0.060694 0.030398
vt 0.818118 0.969603
vt 0.848415 0.999899
vt 0.848415 0.969603
vt 0.848415 0.939306
vt 0.818118 0.939306
vt 0.878712 0.939306
vt 0.909009 0.939306
vt 0.909009 0.969602
vt 0.727227 0.969603
vt 0.757524 0.999900
vt 0.757524 0.969603
vt 0.727227 0.939306
vt 0.757524 0.939306
vt 0.787821 0.939306
vt 0.636336 0.969603
vt 0.666633 0.999900
vt 0.666633 0.969603
vt 0.666633 0.939306
vt 0.636336 0.939306
vt 0.696930 0.939306
vt 0.545445 0.969603
vt 0.575742 0.999900
vt 0.575742 0.969603
vt 0.545445 0.939306
vt 0.606039 0.939306
vt 0.575742 0.939306
vt 0.454555 0.969603
vt 0.484852 0.999900
vt 0.484852 0.969603
vt 0.454555 0.939306
vt 0.484851 0.939306
vt 0.515148 0.939306
vt 0.363664 0.969603
vt 0.393961 0.999900
vt 0.393961 0.969603
vt 0.363664 0.939306
vt 0.393961 0.939306
vt 0.424258 0.939306
vt 0.272773 0.969603
vt 0.303070 0.999900
vt 0.303070 0.969603
vt 0.303070 0.939306
vt 0.272773 0.939306
vt 0.333367 0.939306
vt 0.181882 0.969603
vt 0.212179 0.999900
vt 0.212179 0.969603
vt 0.212179 0.939306
vt 0.181882 0.939306
vt 0.242476 0.939306
vt 0.090991 0.969603
vt 0.121288 0.999900
vt 0.121288 0.969603
vt 0.090991 0.939306
vt 0.121288 0.939306
vt 0.151585 0.939306
vt 0.000100 0.969603
vt 0.030397 0.999900
vt 0.000100 0.999900
vt 0.030397 0.969603
vt 0.000100 0.939306
vt 0.030397 0.939306
vt 0.060694 0.939306
vt 0.939306 0.999899
vt 0.939306 0.969602
vt 0.939306 0.939306
vt 0.969603 0.939305
vt 0.999900 0.939305
vt 0.999900 0.969602
vt 0.999900 0.090991
vt 0.999900 0.272773
vt 0.999899 0.818118
vt 0.999899 0.878712
vt 0.999900 0.030397
vn 0.0185 0.9952 -0.0961
vn 0.0006 -1.0000 -0.0058
vn 0.0008 -1.0000 -0.0028
vn -0.0364 0.9952 -0.0909
vn -0.0013 -1.0000 -0.0026
vn -0.0008 -1.0000 -0.0028
vn -0.0798 0.9952 -0.0568
vn 0.0226 -0.9997 -0.0010
vn 0.0302 -0.9995 -0.0035
vn -0.0978 0.9952 -0.0046
vn -0.0058 0.0251 0.9997
vn -0.0029 0.0604 0.9982
vn -0.0848 0.9952 0.0490
vn 0.0319 -0.9995 0.0031
vn 0.0208 -0.9998 0.0008
vn -0.0449 0.9952 0.0870
vn -0.0011 -1.0000 0.0027
vn -0.0016 -1.0000 0.0024
vn 0.0093 0.9952 0.0975
vn 0.0005 -1.0000 0.0028
vn 0.0000 -1.0000 0.0029
vn 0.0605 0.9952 0.0770
vn 0.0020 -1.0000 0.0021
vn 0.0016 -1.0000 0.0024
vn 0.0925 0.9952 0.0320
vn 0.0056 -0.0927 0.9957
vn -0.0212 -0.9998 0.0008
vn 0.0952 0.9952 -0.0230
vn -0.0249 -0.5021 0.8644
vn 0.0049 0.1043 0.9945
vn 0.0676 0.9952 -0.0709
vn 0.0018 -1.0000 -0.0023
vn 0.0022 -1.0000 -0.0019
vn -0.0714 -0.9814 -0.1783
vn -0.1537 -0.9587 -0.2392
vn -0.1057 -0.9587 -0.2640
vn -0.2490 -0.8877 -0.3874
vn -0.2017 -0.8399 -0.5038
vn -0.1711 -0.8877 -0.4275
vn -0.3739 -0.7223 -0.5818
vn -0.2813 -0.6534 -0.7028
vn -0.2570 -0.7223 -0.6420
vn -0.4686 -0.4988 -0.7292
vn -0.3383 -0.4143 -0.8449
vn -0.3221 -0.4988 -0.8047
vn -0.5255 -0.2351 -0.8177
vn -0.3679 -0.1419 -0.9190
vn -0.3612 -0.2351 -0.9023
vn -0.5400 0.0474 -0.8403
vn -0.3679 0.1419 -0.9190
vn -0.3712 0.0474 -0.9273
vn -0.3513 0.3262 -0.8776
vn -0.4921 0.4143 -0.7656
vn -0.3383 0.4143 -0.8449
vn -0.4409 0.5787 -0.6861
vn -0.2813 0.6534 -0.7028
vn -0.3031 0.5787 -0.7571
vn -0.2304 0.7847 -0.5755
vn -0.2934 0.8399 -0.4565
vn -0.2017 0.8399 -0.5038
vn -0.2023 0.9274 -0.3147
vn -0.1057 0.9587 -0.2640
vn -0.1391 0.9274 -0.3473
vn -0.1564 -0.9814 -0.1114
vn -0.2587 -0.9587 -0.1181
vn -0.2317 -0.9587 -0.1650
vn -0.4189 -0.8877 -0.1913
vn -0.4420 -0.8399 -0.3148
vn -0.3751 -0.8877 -0.2671
vn -0.5633 -0.7223 -0.4012
vn -0.6886 -0.6534 -0.3145
vn -0.6166 -0.6534 -0.4391
vn -0.7884 -0.4988 -0.3601
vn -0.7414 -0.4143 -0.5279
vn -0.7060 -0.4988 -0.5028
vn -0.8841 -0.2351 -0.4038
vn -0.8063 -0.1419 -0.5742
vn -0.7917 -0.2351 -0.5638
vn -0.9086 0.0474 -0.4149
vn -0.8063 0.1419 -0.5742
vn -0.8137 0.0474 -0.5794
vn -0.8599 0.3262 -0.3927
vn -0.7414 0.4143 -0.5279
vn -0.7700 0.3262 -0.5483
vn -0.7418 0.5787 -0.3388
vn -0.6166 0.6534 -0.4391
vn -0.6643 0.5787 -0.4731
vn -0.5050 0.7847 -0.3596
vn -0.4936 0.8399 -0.2254
vn -0.4420 0.8399 -0.3148
vn -0.3403 0.9274 -0.1554
vn -0.2317 0.9587 -0.1650
vn -0.3048 0.9274 -0.2170
vn -0.1901 -0.9814 0.0273
vn -0.2841 -0.9587 -0.0135
vn -0.1918 -0.9814 -0.0091
vn -0.4600 -0.8877 -0.0219
vn -0.5372 -0.8399 0.0772
vn -0.5421 -0.8399 -0.0258
vn -0.6845 -0.7223 0.0984
vn -0.7561 -0.6534 -0.0360
vn -0.6908 -0.7223 -0.0329
vn -0.8658 -0.4988 -0.0412
vn -0.9009 -0.4143 0.1295
vn -0.9091 -0.4143 -0.0433
vn -0.9709 -0.2351 -0.0462
vn -0.9798 -0.1419 0.1409
vn -0.9888 -0.1419 -0.0471
vn -0.9887 0.0474 0.1422
vn -0.9888 0.1419 -0.0471
vn -0.9977 0.0474 -0.0475
vn -0.9442 0.3262 -0.0450
vn -0.9009 0.4143 0.1295
vn -0.9091 0.4143 -0.0433
vn -0.8072 0.5787 0.1161
vn -0.7561 0.6534 -0.0360
vn -0.8146 0.5787 -0.0388
vn -0.6192 0.7847 -0.0295
vn -0.5372 0.8399 0.0772
vn -0.5421 0.8399 -0.0258
vn -0.3703 0.9274 0.0532
vn -0.2841 0.9587 -0.0135
vn -0.3737 0.9274 -0.0178
vn -0.1663 -0.9814 0.0960
vn -0.2149 -0.9587 0.1862
vn -0.2463 -0.9587 0.1422
vn -0.3988 -0.8877 0.2302
vn -0.4101 -0.8399 0.3554
vn -0.4700 -0.8399 0.2713
vn -0.5989 -0.7223 0.3458
vn -0.5721 -0.6534 0.4957
vn -0.6556 -0.6534 0.3785
vn -0.6550 -0.4988 0.5676
vn -0.7882 -0.4143 0.4551
vn -0.7506 -0.4988 0.4334
vn -0.7346 -0.2351 0.6365
vn -0.8573 -0.1419 0.4949
vn -0.8418 -0.2351 0.4860
vn -0.7549 0.0474 0.6541
vn -0.8573 0.1419 0.4949
vn -0.8650 0.0474 0.4994
vn -0.7144 0.3262 0.6190
vn -0.7882 0.4143 0.4551
vn -0.8187 0.3262 0.4727
vn -0.6163 0.5787 0.5341
vn -0.6556 0.6534 0.3785
vn -0.7063 0.5787 0.4078
vn -0.4685 0.7847 0.4060
vn -0.4700 0.8399 0.2713
vn -0.5369 0.7847 0.3100
vn -0.2828 0.9274 0.2450
vn -0.2463 0.9587 0.1422
vn -0.3240 0.9274 0.1871
vn -0.0541 -0.9814 0.1842
vn -0.1303 -0.9587 0.2528
vn -0.0880 -0.9814 0.1707
vn -0.2110 -0.8877 0.4093
vn -0.1529 -0.8399 0.5207
vn -0.2487 -0.8399 0.4823
vn -0.1948 -0.7223 0.6636
vn -0.3469 -0.6534 0.6728
vn -0.3169 -0.7223 0.6147
vn -0.2442 -0.4988 0.8316
vn -0.4170 -0.4143 0.8090
vn -0.3972 -0.4988 0.7704
vn -0.4454 -0.2351 0.8639
vn -0.2789 -0.1419 0.9498
vn -0.4536 -0.1419 0.8798
vn -0.2814 0.0474 0.9584
vn -0.4536 0.1419 0.8798
vn -0.4577 0.0474 0.8878
vn -0.2663 0.3262 0.9070
vn -0.4170 0.4143 0.8090
vn -0.4332 0.3262 0.8402
vn -0.3737 0.5787 0.7249
vn -0.2133 0.6534 0.7263
vn -0.3469 0.6534 0.6728
vn -0.1747 0.7847 0.5948
vn -0.2487 0.8399 0.4823
vn -0.2841 0.7847 0.5510
vn -0.1054 0.9274 0.3590
vn -0.1303 0.9587 0.2528
vn -0.1714 0.9274 0.3326
vn 0.0541 -0.9814 0.1842
vn 0.0270 -0.9587 0.2831
vn 0.0183 -0.9814 0.1912
vn 0.1297 -0.8877 0.4418
vn 0.0516 -0.8399 0.5402
vn 0.0438 -0.8877 0.4584
vn 0.1948 -0.7223 0.6636
vn 0.0720 -0.6534 0.7536
vn 0.0657 -0.7223 0.6885
vn 0.2442 -0.4988 0.8316
vn 0.0865 -0.4143 0.9060
vn 0.0824 -0.4988 0.8628
vn 0.0924 -0.2351 0.9676
vn 0.2789 -0.1419 0.9498
vn 0.0941 -0.1419 0.9854
vn 0.2814 0.0474 0.9584
vn 0.0941 0.1419 0.9854
vn 0.0949 0.0474 0.9944
vn 0.2663 0.3262 0.9070
vn 0.0865 0.4143 0.9060
vn 0.0899 0.3262 0.9410
vn 0.2298 0.5787 0.7825
vn 0.0720 0.6534 0.7536
vn 0.0775 0.5787 0.8118
vn 0.1747 0.7847 0.5948
vn 0.0516 0.8399 0.5402
vn 0.0589 0.7847 0.6171
vn 0.1054 0.9274 0.3590
vn 0.0270 0.9587 0.2831
vn 0.0356 0.9274 0.3724
vn 0.1187 -0.9814 0.1509
vn 0.2149 -0.9587 0.1862
vn 0.1758 -0.9587 0.2235
vn 0.2847 -0.8877 0.3620
vn 0.4101 -0.8399 0.3554
vn 0.3355 -0.8399 0.4266
vn 0.5227 -0.7223 0.4529
vn 0.4679 -0.6534 0.5950
vn 0.4275 -0.7223 0.5436
vn 0.6550 -0.4988 0.5676
vn 0.5626 -0.4143 0.7154
vn 0.5358 -0.4988 0.6813
vn 0.7346 -0.2351 0.6365
vn 0.6119 -0.1419 0.7781
vn 0.6008 -0.2351 0.7640
vn 0.6175 0.0474 0.7852
vn 0.7481 0.1419 0.6482
vn 0.6119 0.1419 0.7781
vn 0.7144 0.3262 0.6190
vn 0.5626 0.4143 0.7154
vn 0.5844 0.3262 0.7431
vn 0.6163 0.5787 0.5341
vn 0.4679 0.6534 0.5950
vn 0.5041 0.5787 0.6411
vn 0.4685 0.7847 0.4060
vn 0.3355 0.8399 0.4266
vn 0.3832 0.7847 0.4873
vn 0.2313 0.9274 0.2941
vn 0.2149 0.9587 0.1862
vn 0.1758 0.9587 0.2235
vn 0.1815 -0.9814 0.0628
vn 0.2815 -0.9587 0.0405
vn 0.2687 -0.9587 0.0930
vn 0.4352 -0.8877 0.1506
vn 0.5372 -0.8399 0.0772
vn 0.5128 -0.8399 0.1775
vn 0.6845 -0.7223 0.0984
vn 0.7153 -0.6534 0.2476
vn 0.6535 -0.7223 0.2262
vn 0.8579 -0.4988 0.1234
vn 0.8601 -0.4143 0.2977
vn 0.8191 -0.4988 0.2835
vn 0.9621 -0.2351 0.1383
vn 0.9354 -0.1419 0.3238
vn 0.9185 -0.2351 0.3179
vn 0.9887 0.0474 0.1422
vn 0.9354 0.1419 0.3238
vn 0.9439 0.0474 0.3267
vn 0.9357 0.3262 0.1345
vn 0.8601 0.4143 0.2977
vn 0.8933 0.3262 0.3092
vn 0.7707 0.5787 0.2667
vn 0.7493 0.6534 0.1077
vn 0.7153 0.6534 0.2476
vn 0.6136 0.7847 0.0882
vn 0.5128 0.8399 0.1775
vn 0.5858 0.7847 0.2028
vn 0.3703 0.9274 0.0532
vn 0.2687 0.9587 0.0930
vn 0.3536 0.9274 0.1224
vn 0.1747 -0.9814 -0.0798
vn 0.2764 -0.9587 -0.0670
vn 0.1866 -0.9814 -0.0453
vn 0.4189 -0.8877 -0.1913
vn 0.5274 -0.8399 -0.1279
vn 0.4475 -0.8877 -0.1086
vn 0.6721 -0.7223 -0.1630
vn 0.6886 -0.6534 -0.3145
vn 0.7356 -0.6534 -0.1785
vn 0.8423 -0.4988 -0.2043
vn 0.8279 -0.4143 -0.3781
vn 0.8845 -0.4143 -0.2146
vn 0.9446 -0.2351 -0.2292
vn 0.9004 -0.1419 -0.4112
vn 0.9620 -0.1419 -0.2334
vn 0.9707 0.0474 -0.2355
vn 0.9004 0.1419 -0.4112
vn 0.9620 0.1419 -0.2334
vn 0.8599 0.3262 -0.3927
vn 0.8845 0.4143 -0.2146
vn 0.9187 0.3262 -0.2229
vn 0.7926 0.5787 -0.1923
vn 0.6886 0.6534 -0.3145
vn 0.7356 0.6534 -0.1785
vn 0.6025 0.7847 -0.1462
vn 0.4936 0.8399 -0.2254
vn 0.5274 0.8399 -0.1279
vn 0.3636 0.9274 -0.0882
vn 0.2587 0.9587 -0.1181
vn 0.2764 0.9587 -0.0670
vn 0.1325 -0.9814 -0.1390
vn 0.1537 -0.9587 -0.2392
vn 0.1962 -0.9587 -0.2058
vn 0.2490 -0.8877 -0.3874
vn 0.3745 -0.8399 -0.3928
vn 0.3178 -0.8877 -0.3333
vn 0.4772 -0.7223 -0.5005
vn 0.4093 -0.6534 -0.6368
vn 0.5224 -0.6534 -0.5479
vn 0.4686 -0.4988 -0.7292
vn 0.6281 -0.4143 -0.6587
vn 0.5981 -0.4988 -0.6273
vn 0.5255 -0.2351 -0.8177
vn 0.6831 -0.1419 -0.7164
vn 0.6707 -0.2351 -0.7034
vn 0.5400 0.0474 -0.8403
vn 0.6831 0.1419 -0.7164
vn 0.6893 0.0474 -0.7229
vn 0.6523 0.3262 -0.6842
vn 0.4921 0.4143 -0.7656
vn 0.6281 0.4143 -0.6587
vn 0.5628 0.5787 -0.5902
vn 0.4093 0.6534 -0.6368
vn 0.5224 0.6534 -0.5479
vn 0.4278 0.7847 -0.4487
vn 0.2934 0.8399 -0.4565
vn 0.3745 0.8399 -0.3928
vn 0.2023 0.9274 -0.3147
vn 0.1962 0.9587 -0.2058
vn 0.2582 0.9274 -0.2708
vn 0.0183 -0.9812 -0.1920
vn 0.0538 -0.9587 -0.2792
vn 0.0363 -0.9814 -0.1886
vn 0.0871 -0.8877 -0.4522
vn 0.0517 -0.8388 -0.5419
vn 0.1027 -0.8399 -0.5329
vn 0.0659 -0.7207 -0.6901
vn 0.1433 -0.6534 -0.7433
vn 0.1309 -0.7223 -0.6791
vn 0.1640 -0.4988 -0.8511
vn 0.0866 -0.4128 -0.9067
vn 0.1722 -0.4143 -0.8937
vn 0.0924 -0.2341 -0.9678
vn 0.1873 -0.1419 -0.9720
vn 0.1839 -0.2351 -0.9544
vn 0.0949 0.0472 -0.9944
vn 0.1873 0.1419 -0.9720
vn 0.1890 0.0474 -0.9808
vn 0.0899 0.3249 -0.9415
vn 0.1722 0.4143 -0.8937
vn 0.1789 0.3262 -0.9282
vn 0.0776 0.5770 -0.8131
vn 0.1433 0.6534 -0.7433
vn 0.1543 0.5787 -0.8008
vn 0.0591 0.7833 -0.6188
vn 0.1027 0.8399 -0.5329
vn 0.1173 0.7847 -0.6087
vn 0.0708 0.9274 -0.3674
vn 0.0271 0.9584 -0.2843
vn 0.0538 0.9587 -0.2792
vn 0.1391 0.9274 -0.3473
vn 0.1537 0.9587 -0.2392
vn 0.1057 0.9587 -0.2640
vn 0.2017 0.8399 -0.5038
vn 0.2490 0.8877 -0.3874
vn 0.1711 0.8877 -0.4275
vn 0.0871 0.8877 -0.4522
vn 0.0439 0.8868 -0.4601
vn 0.2304 0.7847 -0.5755
vn 0.3352 0.7847 -0.5215
vn 0.2813 0.6534 -0.7028
vn 0.3739 0.7223 -0.5818
vn 0.2570 0.7223 -0.6420
vn 0.0721 0.6517 -0.7550
vn 0.1309 0.7223 -0.6791
vn 0.0659 0.7207 -0.6901
vn 0.3031 0.5787 -0.7571
vn 0.4409 0.5787 -0.6861
vn 0.3221 0.4988 -0.8047
vn 0.4686 0.4988 -0.7291
vn 0.3383 0.4143 -0.8449
vn 0.0866 0.4128 -0.9067
vn 0.1640 0.4988 -0.8511
vn 0.0825 0.4971 -0.8638
vn 0.3513 0.3262 -0.8776
vn 0.5111 0.3262 -0.7952
vn 0.3679 0.1419 -0.9190
vn 0.5255 0.2351 -0.8177
vn 0.5352 0.1419 -0.8327
vn 0.3612 0.2351 -0.9023
vn 0.1839 0.2351 -0.9544
vn 0.0941 0.1413 -0.9855
vn 0.0924 0.2341 -0.9678
vn 0.3712 0.0474 -0.9273
vn 0.3679 -0.1419 -0.9190
vn 0.5400 -0.0474 -0.8403
vn 0.5352 -0.1419 -0.8327
vn 0.3712 -0.0474 -0.9273
vn 0.1890 -0.0474 -0.9808
vn 0.0941 -0.1413 -0.9855
vn 0.0949 -0.0472 -0.9944
vn 0.3612 -0.2351 -0.9023
vn 0.4921 -0.4143 -0.7656
vn 0.3513 -0.3262 -0.8776
vn 0.5111 -0.3262 -0.7952
vn 0.3383 -0.4143 -0.8449
vn 0.1789 -0.3262 -0.9282
vn 0.0899 -0.3249 -0.9415
vn 0.3221 -0.4988 -0.8047
vn 0.2813 -0.6534 -0.7028
vn 0.4409 -0.5787 -0.6861
vn 0.3031 -0.5787 -0.7571
vn 0.0776 -0.5770 -0.8131
vn 0.1543 -0.5787 -0.8008
vn 0.0825 -0.4971 -0.8638
vn 0.2570 -0.7223 -0.6420
vn 0.3739 -0.7223 -0.5818
vn 0.2934 -0.8399 -0.4565
vn 0.2304 -0.7847 -0.5755
vn 0.3352 -0.7847 -0.5215
vn 0.2017 -0.8399 -0.5038
vn 0.1173 -0.7847 -0.6087
vn 0.0591 -0.7833 -0.6189
vn 0.1711 -0.8877 -0.4275
vn 0.1391 -0.9274 -0.3473
vn 0.2023 -0.9274 -0.3147
vn 0.1057 -0.9587 -0.2640
vn 0.0708 -0.9274 -0.3674
vn 0.0357 -0.9268 -0.3739
vn 0.0439 -0.8868 -0.4601
vn 0.0714 -0.9814 -0.1783
vn 0.1038 -0.9814 -0.1615
vn 0.0013 -1.0000 -0.0026
vn 0.0529 -0.9952 -0.0824
vn 0.0000 -1.0000 0.0000
vn 0.0364 -0.9952 -0.0909
vn 0.0185 -0.9952 -0.0961
vn 0.3403 0.9274 -0.1554
vn 0.2317 0.9587 -0.1650
vn 0.3048 0.9274 -0.2170
vn 0.4420 0.8399 -0.3148
vn 0.4189 0.8877 -0.1913
vn 0.3751 0.8877 -0.2671
vn 0.3178 0.8877 -0.3333
vn 0.5050 0.7847 -0.3596
vn 0.5639 0.7847 -0.2575
vn 0.6166 0.6534 -0.4391
vn 0.6291 0.7223 -0.2873
vn 0.5633 0.7223 -0.4012
vn 0.4772 0.7223 -0.5005
vn 0.7418 0.5787 -0.3388
vn 0.6643 0.5787 -0.4731
vn 0.7414 0.4143 -0.5279
vn 0.7884 0.4988 -0.3601
vn 0.8279 0.4143 -0.3781
vn 0.7060 0.4988 -0.5028
vn 0.5981 0.4988 -0.6273
vn 0.7700 0.3262 -0.5483
vn 0.8063 0.1419 -0.5742
vn 0.8841 0.2351 -0.4038
vn 0.7917 0.2351 -0.5638
vn 0.6707 0.2351 -0.7034
vn 0.8137 0.0474 -0.5794
vn 0.9086 0.0474 -0.4149
vn 0.8063 -0.1419 -0.5742
vn 0.9086 -0.0474 -0.4149
vn 0.8137 -0.0474 -0.5794
vn 0.6893 -0.0474 -0.7229
vn 0.7917 -0.2351 -0.5638
vn 0.8841 -0.2351 -0.4038
vn 0.7414 -0.4143 -0.5279
vn 0.8599 -0.3262 -0.3927
vn 0.6523 -0.3262 -0.6842
vn 0.7700 -0.3262 -0.5483
vn 0.7060 -0.4988 -0.5028
vn 0.7884 -0.4988 -0.3601
vn 0.6166 -0.6534 -0.4391
vn 0.7418 -0.5787 -0.3388
vn 0.6643 -0.5787 -0.4731
vn 0.5628 -0.5787 -0.5902
vn 0.5633 -0.7223 -0.4012
vn 0.6291 -0.7223 -0.2873
vn 0.4420 -0.8399 -0.3148
vn 0.5639 -0.7847 -0.2575
vn 0.4936 -0.8399 -0.2254
vn 0.4278 -0.7847 -0.4487
vn 0.5050 -0.7847 -0.3596
vn 0.3751 -0.8877 -0.2671
vn 0.2317 -0.9587 -0.1650
vn 0.3403 -0.9274 -0.1554
vn 0.2587 -0.9587 -0.1181
vn 0.3048 -0.9274 -0.2170
vn 0.2582 -0.9274 -0.2708
vn 0.1564 -0.9814 -0.1114
vn 0.0233 -0.9997 -0.0023
vn 0.0891 -0.9952 -0.0407
vn 0.0367 -0.9993 0.0000
vn 0.0798 -0.9952 -0.0568
vn 0.0676 -0.9952 -0.0709
vn 0.3737 0.9274 -0.0178
vn 0.2815 0.9587 0.0405
vn 0.2841 0.9587 -0.0135
vn 0.5421 0.8399 -0.0258
vn 0.4558 0.8877 0.0655
vn 0.5372 0.8399 0.0772
vn 0.4600 0.8877 -0.0219
vn 0.4475 0.8877 -0.1086
vn 0.6192 0.7847 -0.0295
vn 0.7561 0.6534 -0.0360
vn 0.6845 0.7223 0.0984
vn 0.6908 0.7223 -0.0329
vn 0.6721 0.7223 -0.1630
vn 0.8072 0.5787 0.1161
vn 0.8146 0.5787 -0.0388
vn 0.9009 0.4143 0.1295
vn 0.8658 0.4988 -0.0412
vn 0.8579 0.4988 0.1234
vn 0.9091 0.4143 -0.0433
vn 0.8423 0.4988 -0.2043
vn 0.9442 0.3262 -0.0450
vn 0.9798 0.1419 0.1409
vn 0.9709 0.2351 -0.0462
vn 0.9621 0.2351 0.1383
vn 0.9888 0.1419 -0.0471
vn 0.9446 0.2351 -0.2292
vn 0.9977 0.0474 -0.0475
vn 0.9888 -0.1419 -0.0471
vn 0.9887 -0.0474 0.1422
vn 0.9798 -0.1419 0.1409
vn 0.9977 -0.0474 -0.0475
vn 0.9707 -0.0474 -0.2355
vn 0.9709 -0.2351 -0.0462
vn 0.9009 -0.4143 0.1295
vn 0.9442 -0.3262 -0.0450
vn 0.9357 -0.3262 0.1345
vn 0.9091 -0.4143 -0.0433
vn 0.9187 -0.3262 -0.2229
vn 0.8658 -0.4988 -0.0412
vn 0.7561 -0.6534 -0.0360
vn 0.8072 -0.5787 0.1161
vn 0.7493 -0.6534 0.1077
vn 0.8146 -0.5787 -0.0388
vn 0.7926 -0.5787 -0.1923
vn 0.6908 -0.7223 -0.0329
vn 0.5421 -0.8399 -0.0258
vn 0.6136 -0.7847 0.0882
vn 0.6192 -0.7847 -0.0295
vn 0.6025 -0.7847 -0.1462
vn 0.4600 -0.8877 -0.0219
vn 0.4558 -0.8877 0.0655
vn 0.3737 -0.9274 -0.0178
vn 0.3703 -0.9274 0.0532
vn 0.2841 -0.9587 -0.0135
vn 0.3636 -0.9274 -0.0882
vn 0.1901 -0.9814 0.0273
vn 0.1918 -0.9814 -0.0091
vn 0.0050 -0.8966 0.4429
vn 0.0978 -0.9952 -0.0047
vn 0.0969 -0.9952 0.0139
vn 0.0029 -0.0604 0.9982
vn 0.0952 -0.9952 -0.0231
vn 0.0026 -0.8797 0.4755
vn 0.3240 0.9274 0.1871
vn 0.2828 0.9274 0.2450
vn 0.2463 0.9587 0.1422
vn 0.4101 0.8399 0.3554
vn 0.3988 0.8877 0.2302
vn 0.3480 0.8877 0.3016
vn 0.4700 0.8399 0.2713
vn 0.4352 0.8877 0.1506
vn 0.5369 0.7847 0.3100
vn 0.5721 0.6534 0.4957
vn 0.5989 0.7223 0.3458
vn 0.5227 0.7223 0.4529
vn 0.6556 0.6534 0.3785
vn 0.6535 0.7223 0.2262
vn 0.7063 0.5787 0.4078
vn 0.6878 0.4143 0.5960
vn 0.7506 0.4988 0.4334
vn 0.6550 0.4988 0.5676
vn 0.7882 0.4143 0.4551
vn 0.8191 0.4988 0.2835
vn 0.8187 0.3262 0.4727
vn 0.8418 0.2351 0.4860
vn 0.7346 0.2351 0.6365
vn 0.8573 0.1419 0.4949
vn 0.9185 0.2351 0.3179
vn 0.7549 0.0474 0.6541
vn 0.8650 0.0474 0.4994
vn 0.8573 -0.1419 0.4949
vn 0.7549 -0.0474 0.6541
vn 0.7481 -0.1419 0.6482
vn 0.8650 -0.0474 0.4994
vn 0.9439 -0.0474 0.3267
vn 0.8418 -0.2351 0.4860
vn 0.7882 -0.4143 0.4551
vn 0.7144 -0.3262 0.6190
vn 0.6878 -0.4143 0.5960
vn 0.8187 -0.3262 0.4727
vn 0.8933 -0.3262 0.3092
vn 0.7506 -0.4988 0.4334
vn 0.6556 -0.6534 0.3785
vn 0.6163 -0.5787 0.5341
vn 0.5721 -0.6534 0.4957
vn 0.7063 -0.5787 0.4078
vn 0.7707 -0.5787 0.2667
vn 0.5989 -0.7223 0.3458
vn 0.4700 -0.8399 0.2713
vn 0.4685 -0.7847 0.4060
vn 0.5369 -0.7847 0.3100
vn 0.5858 -0.7847 0.2028
vn 0.3988 -0.8877 0.2302
vn 0.3480 -0.8877 0.3016
vn 0.2463 -0.9587 0.1422
vn 0.2828 -0.9274 0.2450
vn 0.3240 -0.9274 0.1871
vn 0.3536 -0.9274 0.1224
vn 0.1451 -0.9814 0.1258
vn 0.1663 -0.9814 0.0960
vn 0.0232 -0.9997 0.0012
vn 0.0848 -0.9952 0.0490
vn 0.0740 -0.9952 0.0641
vn 0.0026 -1.0000 0.0012
vn 0.0347 -0.9994 0.0000
vn 0.0925 -0.9952 0.0320
vn 0.1714 0.9274 0.3326
vn 0.0801 0.9587 0.2729
vn 0.1303 0.9587 0.2528
vn 0.1529 0.8399 0.5207
vn 0.2110 0.8877 0.4093
vn 0.1297 0.8877 0.4418
vn 0.2487 0.8399 0.4823
vn 0.2847 0.8877 0.3620
vn 0.2841 0.7847 0.5510
vn 0.3469 0.6534 0.6728
vn 0.1948 0.7223 0.6636
vn 0.2133 0.6534 0.7263
vn 0.3169 0.7223 0.6147
vn 0.4275 0.7223 0.5436
vn 0.3737 0.5787 0.7249
vn 0.4170 0.4143 0.8090
vn 0.2442 0.4988 0.8316
vn 0.2564 0.4143 0.8733
vn 0.3972 0.4988 0.7704
vn 0.5358 0.4988 0.6813
vn 0.4332 0.3262 0.8402
vn 0.2789 0.1419 0.9498
vn 0.4454 0.2351 0.8639
vn 0.2738 0.2351 0.9326
vn 0.4536 0.1419 0.8798
vn 0.6008 0.2351 0.7640
vn 0.4577 0.0474 0.8878
vn 0.4577 -0.0474 0.8878
vn 0.2814 -0.0474 0.9584
vn 0.4536 -0.1419 0.8798
vn 0.6175 -0.0474 0.7852
vn 0.2738 -0.2351 0.9326
vn 0.4454 -0.2351 0.8639
vn 0.4170 -0.4143 0.8090
vn 0.2663 -0.3262 0.9070
vn 0.2564 -0.4143 0.8733
vn 0.5844 -0.3262 0.7431
vn 0.4332 -0.3262 0.8402
vn 0.3972 -0.4988 0.7704
vn 0.3469 -0.6534 0.6728
vn 0.2298 -0.5787 0.7825
vn 0.2133 -0.6534 0.7263
vn 0.3737 -0.5787 0.7249
vn 0.5041 -0.5787 0.6411
vn 0.3169 -0.7223 0.6147
vn 0.2487 -0.8399 0.4823
vn 0.1747 -0.7847 0.5948
vn 0.1529 -0.8399 0.5207
vn 0.2841 -0.7847 0.5510
vn 0.3832 -0.7847 0.4873
vn 0.2110 -0.8877 0.4093
vn 0.1303 -0.9587 0.2528
vn 0.1054 -0.9274 0.3590
vn 0.0801 -0.9587 0.2729
vn 0.1714 -0.9274 0.3326
vn 0.2313 -0.9274 0.2941
vn 0.0880 -0.9814 0.1707
vn 0.0011 -1.0000 0.0027
vn 0.0276 -0.9952 0.0939
vn 0.0449 -0.9952 0.0870
vn 0.0036 -1.0000 0.0045
vn 0.0605 -0.9952 0.0770
vn -0.0356 0.9274 0.3724
vn -0.0801 0.9587 0.2729
vn -0.0270 0.9587 0.2831
vn -0.0516 0.8399 0.5402
vn -0.1297 0.8877 0.4418
vn -0.1529 0.8399 0.5207
vn -0.0438 0.8877 0.4584
vn 0.0438 0.8877 0.4584
vn -0.0589 0.7847 0.6171
vn -0.0720 0.6534 0.7536
vn -0.1948 0.7223 0.6636
vn 0.0657 0.7223 0.6885
vn -0.0657 0.7223 0.6885
vn -0.2298 0.5787 0.7825
vn -0.0775 0.5787 0.8118
vn -0.2564 0.4143 0.8733
vn -0.0824 0.4988 0.8628
vn -0.2442 0.4988 0.8316
vn -0.0865 0.4143 0.9060
vn 0.0824 0.4988 0.8628
vn -0.0899 0.3262 0.9410
vn -0.0941 0.1419 0.9854
vn -0.2738 0.2351 0.9326
vn -0.2789 0.1419 0.9498
vn -0.0924 0.2351 0.9676
vn 0.0924 0.2351 0.9676
vn -0.0949 0.0474 0.9944
vn -0.0941 -0.1419 0.9854
vn -0.2814 -0.0474 0.9584
vn -0.0949 -0.0474 0.9944
vn 0.0949 -0.0474 0.9944
vn -0.2738 -0.2351 0.9326
vn -0.0924 -0.2351 0.9676
vn -0.0865 -0.4143 0.9060
vn -0.2663 -0.3262 0.9070
vn -0.2564 -0.4143 0.8733
vn 0.0899 -0.3262 0.9410
vn -0.0899 -0.3262 0.9410
vn -0.0824 -0.4988 0.8628
vn -0.2133 -0.6534 0.7263
vn -0.0775 -0.5787 0.8118
vn -0.2298 -0.5787 0.7825
vn -0.0720 -0.6534 0.7536
vn 0.0775 -0.5787 0.8118
vn -0.0657 -0.7223 0.6885
vn -0.0516 -0.8399 0.5402
vn -0.1747 -0.7847 0.5948
vn -0.0589 -0.7847 0.6171
vn 0.0589 -0.7847 0.6171
vn -0.0438 -0.8877 0.4584
vn -0.1297 -0.8877 0.4418
vn -0.0270 -0.9587 0.2831
vn -0.1054 -0.9274 0.3590
vn -0.0801 -0.9587 0.2729
vn -0.0356 -0.9274 0.3724
vn 0.0356 -0.9274 0.3724
vn -0.0183 -0.9814 0.1912
vn -0.0016 -1.0000 0.0055
vn -0.0093 -0.9952 0.0975
vn -0.0276 -0.9952 0.0939
vn 0.0093 -0.9952 0.0975
vn -0.2313 0.9274 0.2941
vn -0.2149 0.9587 0.1862
vn -0.1758 0.9587 0.2235
vn -0.3355 0.8399 0.4266
vn -0.3480 0.8877 0.3016
vn -0.4101 0.8399 0.3554
vn -0.2847 0.8877 0.3620
vn -0.2110 0.8877 0.4093
vn -0.3832 0.7847 0.4873
vn -0.4679 0.6534 0.5950
vn -0.5227 0.7223 0.4529
vn -0.5721 0.6534 0.4957
vn -0.4275 0.7223 0.5436
vn -0.3169 0.7223 0.6147
vn -0.5041 0.5787 0.6411
vn -0.5626 0.4143 0.7154
vn -0.6550 0.4988 0.5676
vn -0.6878 0.4143 0.5960
vn -0.5358 0.4988 0.6813
vn -0.3972 0.4988 0.7704
vn -0.5844 0.3262 0.7431
vn -0.7481 0.1419 0.6482
vn -0.6008 0.2351 0.7640
vn -0.7346 0.2351 0.6365
vn -0.6119 0.1419 0.7781
vn -0.4454 0.2351 0.8639
vn -0.6175 0.0474 0.7852
vn -0.6119 -0.1419 0.7781
vn -0.7549 -0.0474 0.6541
vn -0.7481 -0.1419 0.6482
vn -0.6175 -0.0474 0.7852
vn -0.4577 -0.0474 0.8878
vn -0.6008 -0.2351 0.7640
vn -0.5626 -0.4143 0.7154
vn -0.7144 -0.3262 0.6190
vn -0.6878 -0.4143 0.5960
vn -0.5844 -0.3262 0.7431
vn -0.4332 -0.3262 0.8402
vn -0.5358 -0.4988 0.6813
vn -0.5041 -0.5787 0.6411
vn -0.6163 -0.5787 0.5341
vn -0.4679 -0.6534 0.5950
vn -0.3737 -0.5787 0.7249
vn -0.5227 -0.7223 0.4529
vn -0.4275 -0.7223 0.5436
vn -0.3355 -0.8399 0.4266
vn -0.4685 -0.7847 0.4060
vn -0.2841 -0.7847 0.5510
vn -0.3832 -0.7847 0.4873
vn -0.2847 -0.8877 0.3620
vn -0.3480 -0.8877 0.3016
vn -0.1758 -0.9587 0.2235
vn -0.2828 -0.9274 0.2450
vn -0.2313 -0.9274 0.2941
vn -0.1714 -0.9274 0.3326
vn -0.1187 -0.9814 0.1509
vn -0.1451 -0.9814 0.1258
vn -0.0020 -1.0000 0.0021
vn -0.0605 -0.9952 0.0770
vn -0.0740 -0.9952 0.0641
vn -0.0449 -0.9952 0.0870
vn -0.3536 0.9274 0.1224
vn -0.2815 0.9587 0.0405
vn -0.2687 0.9587 0.0930
vn -0.4352 0.8877 0.1506
vn -0.4558 0.8877 0.0655
vn -0.5128 0.8399 0.1775
vn -0.3988 0.8877 0.2302
vn -0.6136 0.7847 0.0882
vn -0.5858 0.7847 0.2028
vn -0.7153 0.6534 0.2476
vn -0.6845 0.7223 0.0984
vn -0.7493 0.6534 0.1077
vn -0.6535 0.7223 0.2262
vn -0.5989 0.7223 0.3458
vn -0.7707 0.5787 0.2667
vn -0.8601 0.4143 0.2977
vn -0.8579 0.4988 0.1234
vn -0.8191 0.4988 0.2835
vn -0.7506 0.4988 0.4334
vn -0.9357 0.3262 0.1345
vn -0.8933 0.3262 0.3092
vn -0.9354 0.1419 0.3238
vn -0.9621 0.2351 0.1383
vn -0.9798 0.1419 0.1409
vn -0.9185 0.2351 0.3179
vn -0.8418 0.2351 0.4860
vn -0.9439 0.0474 0.3267
vn -0.9354 -0.1419 0.3238
vn -0.9887 -0.0474 0.1422
vn -0.9439 -0.0474 0.3267
vn -0.8650 -0.0474 0.4994
vn -0.9621 -0.2351 0.1383
vn -0.9185 -0.2351 0.3179
vn -0.8601 -0.4143 0.2977
vn -0.9357 -0.3262 0.1345
vn -0.8933 -0.3262 0.3092
vn -0.8187 -0.3262 0.4727
vn -0.8191 -0.4988 0.2835
vn -0.8579 -0.4988 0.1234
vn -0.7153 -0.6534 0.2476
vn -0.8072 -0.5787 0.1161
vn -0.7493 -0.6534 0.1077
vn -0.7707 -0.5787 0.2667
vn -0.7063 -0.5787 0.4078
vn -0.6535 -0.7223 0.2262
vn -0.5858 -0.7847 0.2028
vn -0.6136 -0.7847 0.0882
vn -0.5128 -0.8399 0.1775
vn -0.5369 -0.7847 0.3100
vn -0.4352 -0.8877 0.1506
vn -0.4558 -0.8877 0.0655
vn -0.2815 -0.9587 0.0405
vn -0.3536 -0.9274 0.1224
vn -0.3703 -0.9274 0.0532
vn -0.2687 -0.9587 0.0930
vn -0.3240 -0.9274 0.1871
vn -0.1815 -0.9814 0.0628
vn -0.0443 -0.9990 0.0013
vn -0.0969 -0.9952 0.0140
vn 0.0000 -0.8853 0.4649
vn -0.0925 -0.9952 0.0320
vn -0.0228 -0.9997 0.0019
vn -0.0848 -0.9952 0.0490
vn -0.3636 0.9274 -0.0882
vn -0.2587 0.9587 -0.1181
vn -0.2764 0.9587 -0.0670
vn -0.4475 0.8877 -0.1086
vn -0.4189 0.8877 -0.1913
vn -0.5274 0.8399 -0.1279
vn -0.4600 0.8877 -0.0219
vn -0.5639 0.7847 -0.2575
vn -0.6025 0.7847 -0.1462
vn -0.6886 0.6534 -0.3145
vn -0.6721 0.7223 -0.1630
vn -0.6291 0.7223 -0.2873
vn -0.7356 0.6534 -0.1785
vn -0.6908 0.7223 -0.0329
vn -0.7926 0.5787 -0.1923
vn -0.8279 0.4143 -0.3781
vn -0.8423 0.4988 -0.2043
vn -0.7884 0.4988 -0.3601
vn -0.8845 0.4143 -0.2146
vn -0.8658 0.4988 -0.0412
vn -0.9187 0.3262 -0.2229
vn -0.9004 0.1419 -0.4112
vn -0.9446 0.2351 -0.2292
vn -0.8841 0.2351 -0.4038
vn -0.9620 0.1419 -0.2334
vn -0.9709 0.2351 -0.0462
vn -0.9707 0.0474 -0.2355
vn -0.9004 -0.1419 -0.4112
vn -0.9707 -0.0474 -0.2355
vn -0.9086 -0.0474 -0.4149
vn -0.9620 -0.1419 -0.2334
vn -0.9977 -0.0474 -0.0475
vn -0.9446 -0.2351 -0.2292
vn -0.8279 -0.4143 -0.3781
vn -0.9187 -0.3262 -0.2229
vn -0.8599 -0.3262 -0.3927
vn -0.8845 -0.4143 -0.2146
vn -0.9442 -0.3262 -0.0450
vn -0.8423 -0.4988 -0.2043
vn -0.7356 -0.6534 -0.1785
vn -0.7418 -0.5787 -0.3388
vn -0.7926 -0.5787 -0.1923
vn -0.8146 -0.5787 -0.0388
vn -0.6721 -0.7223 -0.1630
vn -0.6291 -0.7223 -0.2873
vn -0.5274 -0.8399 -0.1279
vn -0.5639 -0.7847 -0.2575
vn -0.4936 -0.8399 -0.2254
vn -0.6025 -0.7847 -0.1462
vn -0.6192 -0.7847 -0.0295
vn -0.4475 -0.8877 -0.1086
vn -0.3636 -0.9274 -0.0882
vn -0.3403 -0.9274 -0.1554
vn -0.2764 -0.9587 -0.0670
vn -0.3737 -0.9274 -0.0178
vn -0.1747 -0.9814 -0.0798
vn -0.1866 -0.9814 -0.0453
vn -0.0051 -0.8920 0.4521
vn -0.0891 -0.9952 -0.0407
vn -0.0367 -0.9993 0.0000
vn -0.0952 -0.9952 -0.0231
vn -0.0978 -0.9952 -0.0047
vn -0.0029 -0.0603 0.9982
vn -0.1962 0.9587 -0.2058
vn -0.1537 0.9587 -0.2392
vn -0.2582 0.9274 -0.2708
vn -0.3178 0.8877 -0.3333
vn -0.2490 0.8877 -0.3874
vn -0.3745 0.8399 -0.3928
vn -0.3751 0.8877 -0.2671
vn -0.4278 0.7847 -0.4487
vn -0.3352 0.7847 -0.5215
vn -0.5224 0.6534 -0.5479
vn -0.3739 0.7223 -0.5818
vn -0.4093 0.6534 -0.6368
vn -0.5633 0.7223 -0.4012
vn -0.4772 0.7223 -0.5005
vn -0.5628 0.5787 -0.5902
vn -0.6281 0.4143 -0.6587
vn -0.4686 0.4988 -0.7291
vn -0.5981 0.4988 -0.6273
vn -0.7060 0.4988 -0.5028
vn -0.6523 0.3262 -0.6842
vn -0.5111 0.3262 -0.7952
vn -0.5352 0.1419 -0.8327
vn -0.6707 0.2351 -0.7034
vn -0.5255 0.2351 -0.8177
vn -0.6831 0.1419 -0.7164
vn -0.7917 0.2351 -0.5638
vn -0.6893 0.0474 -0.7229
vn -0.5352 -0.1419 -0.8327
vn -0.6893 -0.0474 -0.7229
vn -0.5400 -0.0474 -0.8403
vn -0.6831 -0.1419 -0.7164
vn -0.8137 -0.0474 -0.5794
vn -0.6707 -0.2351 -0.7034
vn -0.6281 -0.4143 -0.6587
vn -0.5111 -0.3262 -0.7952
vn -0.4921 -0.4143 -0.7656
vn -0.6523 -0.3262 -0.6842
vn -0.7700 -0.3262 -0.5483
vn -0.5981 -0.4988 -0.6273
vn -0.4093 -0.6534 -0.6368
vn -0.5628 -0.5787 -0.5902
vn -0.4409 -0.5787 -0.6861
vn -0.5224 -0.6534 -0.5479
vn -0.6643 -0.5787 -0.4731
vn -0.4772 -0.7223 -0.5005
vn -0.3745 -0.8399 -0.3928
vn -0.3352 -0.7847 -0.5215
vn -0.2934 -0.8399 -0.4565
vn -0.4278 -0.7847 -0.4487
vn -0.5050 -0.7847 -0.3596
vn -0.3178 -0.8877 -0.3333
vn -0.1962 -0.9587 -0.2058
vn -0.2023 -0.9274 -0.3147
vn -0.2582 -0.9274 -0.2708
vn -0.3048 -0.9274 -0.2170
vn -0.1325 -0.9814 -0.1390
vn -0.1038 -0.9814 -0.1615
vn -0.0031 -1.0000 -0.0048
vn -0.0676 -0.9952 -0.0709
vn -0.0529 -0.9952 -0.0824
vn -0.0022 -1.0000 -0.0019
vn -0.0798 -0.9952 -0.0568
vn -0.0218 -0.9998 -0.0010
vn -0.0708 0.9274 -0.3674
vn -0.0271 0.9584 -0.2843
vn -0.0357 0.9268 -0.3739
vn -0.0538 0.9587 -0.2792
vn -0.0517 0.8388 -0.5419
vn -0.0871 0.8877 -0.4522
vn -0.0439 0.8868 -0.4601
vn -0.1027 0.8399 -0.5329
vn -0.1711 0.8877 -0.4275
vn -0.0591 0.7833 -0.6188
vn -0.1173 0.7847 -0.6087
vn -0.1433 0.6534 -0.7433
vn -0.0659 0.7207 -0.6901
vn -0.0721 0.6517 -0.7550
vn -0.1309 0.7223 -0.6791
vn -0.2570 0.7223 -0.6420
vn -0.1543 0.5787 -0.8008
vn -0.0776 0.5770 -0.8131
vn -0.1722 0.4143 -0.8937
vn -0.0825 0.4971 -0.8638
vn -0.0866 0.4128 -0.9067
vn -0.1640 0.4988 -0.8511
vn -0.3221 0.4988 -0.8047
vn -0.1789 0.3262 -0.9282
vn -0.0899 0.3249 -0.9415
vn -0.1873 0.1419 -0.9720
vn -0.0924 0.2341 -0.9678
vn -0.0941 0.1413 -0.9855
vn -0.1839 0.2351 -0.9544
vn -0.3612 0.2351 -0.9023
vn -0.1890 0.0474 -0.9808
vn -0.0949 0.0472 -0.9944
vn -0.1873 -0.1419 -0.9720
vn -0.0949 -0.0472 -0.9944
vn -0.0941 -0.1413 -0.9855
vn -0.1890 -0.0474 -0.9808
vn -0.3712 -0.0474 -0.9273
vn -0.1839 -0.2351 -0.9544
vn -0.0924 -0.2341 -0.9678
vn -0.1722 -0.4143 -0.8937
vn -0.0899 -0.3249 -0.9415
vn -0.0866 -0.4128 -0.9067
vn -0.1789 -0.3262 -0.9282
vn -0.3513 -0.3262 -0.8776
vn -0.1640 -0.4988 -0.8511
vn -0.0825 -0.4971 -0.8638
vn -0.1433 -0.6534 -0.7433
vn -0.0776 -0.5770 -0.8131
vn -0.0721 -0.6517 -0.7550
vn -0.1543 -0.5787 -0.8008
vn -0.3031 -0.5787 -0.7571
vn -0.1309 -0.7223 -0.6791
vn -0.0659 -0.7207 -0.6901
vn -0.1027 -0.8399 -0.5329
vn -0.0591 -0.7833 -0.6189
vn -0.0517 -0.8388 -0.5419
vn -0.1173 -0.7847 -0.6087
vn -0.2304 -0.7847 -0.5755
vn -0.0871 -0.8877 -0.4522
vn -0.0439 -0.8868 -0.4601
vn -0.0538 -0.9587 -0.2792
vn -0.0357 -0.9268 -0.3739
vn -0.0271 -0.9584 -0.2843
vn -0.0708 -0.9274 -0.3674
vn -0.1391 -0.9274 -0.3473
vn -0.0363 -0.9814 -0.1886
vn -0.0183 -0.9812 -0.1920
vn -0.0003 -0.9996 -0.0267
vn -0.0093 -0.9952 -0.0979
vn 0.0000 -0.9989 -0.0476
vn -0.0185 -0.9952 -0.0961
vn -0.0364 -0.9952 -0.0909
vn 0.0891 0.9952 -0.0407
vn -0.0321 -0.9995 -0.0027
vn 0.0798 0.9952 -0.0568
vn 0.1564 0.9814 -0.1114
vn 0.1747 0.9814 -0.0798
vn 0.1325 0.9814 -0.1390
vn 0.1038 0.9814 -0.1615
vn 0.0529 0.9952 -0.0824
vn 0.0969 0.9952 0.0140
vn 0.0029 0.0603 0.9982
vn 0.0978 0.9952 -0.0046
vn 0.1901 0.9814 0.0273
vn 0.1918 0.9814 -0.0091
vn 0.1866 0.9814 -0.0453
vn 0.0740 0.9952 0.0641
vn -0.0311 -0.9995 0.0032
vn 0.0848 0.9952 0.0490
vn 0.1663 0.9814 0.0960
vn 0.1451 0.9814 0.1258
vn 0.1815 0.9814 0.0628
vn 0.0276 0.9952 0.0939
vn 0.0449 0.9952 0.0870
vn 0.0541 0.9814 0.1843
vn 0.1187 0.9814 0.1509
vn 0.0880 0.9814 0.1707
vn -0.0276 0.9952 0.0939
vn -0.0005 -1.0000 0.0028
vn -0.0093 0.9952 0.0975
vn -0.0541 0.9814 0.1842
vn -0.0183 0.9814 0.1912
vn 0.0183 0.9814 0.1912
vn -0.0740 0.9952 0.0641
vn -0.0605 0.9952 0.0770
vn -0.1451 0.9814 0.1258
vn -0.1187 0.9814 0.1509
vn -0.0880 0.9814 0.1707
vn -0.0969 0.9952 0.0139
vn -0.0028 -1.0000 0.0007
vn -0.0925 0.9952 0.0320
vn -0.1815 0.9814 0.0628
vn -0.1901 0.9814 0.0273
vn -0.1663 0.9814 0.0960
vn -0.0891 0.9952 -0.0407
vn -0.0054 -0.1519 0.9884
vn -0.0952 0.9952 -0.0230
vn -0.1866 0.9814 -0.0453
vn -0.1747 0.9814 -0.0798
vn -0.1918 0.9814 -0.0091
vn -0.0529 0.9952 -0.0824
vn -0.0018 -1.0000 -0.0023
vn -0.0676 0.9952 -0.0709
vn -0.1038 0.9814 -0.1615
vn -0.1325 0.9814 -0.1390
vn -0.1564 0.9814 -0.1114
vn -0.0093 0.9952 -0.0979
vn -0.0003 -0.9998 0.0209
vn 0.0000 -0.9989 0.0476
vn -0.0185 0.9952 -0.0961
vn -0.0183 0.9812 -0.1920
vn -0.0363 0.9814 -0.1886
vn -0.0714 0.9814 -0.1783
vn 0.0364 0.9952 -0.0909
vn 0.0714 0.9814 -0.1783
vn 0.0363 0.9814 -0.1886
vn 0.0183 0.9812 -0.1920
vn 0.0093 0.9952 -0.0979
vn 0.0271 -0.9584 -0.2843
vn 0.0721 -0.6517 -0.7550
vn 0.0517 0.8388 -0.5419
vn 0.0357 0.9268 -0.3739
vn 0.0093 -0.9952 -0.0979
usemtl Material.001
s 1
f 1156/1/1 4/2/2 213/3/3
f 1152/4/4 44/5/5 151/6/6
f 1148/7/7 43/8/8 231/9/9
f 1144/10/10 42/11/11 229/12/12
f 1140/13/13 41/14/14 227/15/15
f 1136/16/16 40/17/17 225/18/18
f 1132/19/19 39/20/20 223/21/21
f 1128/22/22 38/23/23 221/24/24
f 1124/25/25 37/26/26 219/27/27
f 1120/28/28 36/29/29 217/30/30
f 1116/31/31 35/32/32 215/33/33
f 1112/34/34 45/35/35 453/36/36
f 238/37/37 455/38/38 1108/39/39
f 240/40/40 457/41/41 1104/42/42
f 242/43/43 459/44/44 1100/45/45
f 244/46/46 461/47/47 1096/48/48
f 246/49/49 463/50/50 1092/51/51
f 1088/52/52 51/53/53 465/54/54
f 250/55/55 467/56/56 1084/57/57
f 1080/58/58 53/59/59 469/60/60
f 254/61/61 471/62/62 1076/63/63
f 1072/64/64 55/65/65 473/66/66
f 260/67/67 475/68/68 1068/69/69
f 1064/70/70 57/71/71 477/72/72
f 264/73/73 479/74/74 1060/75/75
f 266/76/76 481/77/77 1056/78/78
f 268/79/79 483/80/80 1052/81/81
f 270/82/82 485/83/83 1048/84/84
f 272/85/85 487/86/86 1044/87/87
f 1040/88/88 63/89/89 489/90/90
f 276/91/91 491/92/92 1036/93/93
f 280/94/94 493/95/95 1032/96/96
f 1028/97/97 66/98/98 495/99/99
f 284/100/100 497/101/101 1024/102/102
f 1020/103/103 68/104/104 499/105/105
f 1016/106/106 69/107/107 501/108/108
f 290/109/109 503/110/110 1012/111/111
f 1008/112/112 71/113/113 505/114/114
f 294/115/115 507/116/116 1004/117/117
f 1000/118/118 73/119/119 509/120/120
f 298/121/121 511/122/122 996/123/123
f 992/124/124 75/125/125 513/126/126
f 988/127/127 76/128/128 515/129/129
f 984/130/130 77/131/131 517/132/132
f 308/133/133 519/134/134 980/135/135
f 310/136/136 521/137/137 976/138/138
f 312/139/139 523/140/140 972/141/141
f 314/142/142 525/143/143 968/144/144
f 316/145/145 527/146/146 964/147/147
f 318/148/148 529/149/149 960/150/150
f 320/151/151 531/152/152 956/153/153
f 324/154/154 533/155/155 952/156/156
f 948/157/157 86/158/158 535/159/159
f 328/160/160 537/161/161 944/162/162
f 330/163/163 539/164/164 940/165/165
f 936/166/166 89/167/167 541/168/168
f 334/169/169 543/170/170 932/171/171
f 336/172/172 545/173/173 928/174/174
f 924/175/175 92/176/176 547/177/177
f 340/178/178 549/179/179 920/180/180
f 342/181/181 551/182/182 916/183/183
f 346/184/184 553/185/185 912/186/186
f 348/187/187 555/188/188 908/189/189
f 350/190/190 557/191/191 904/192/192
f 352/193/193 559/194/194 900/195/195
f 896/196/196 99/197/197 561/198/198
f 356/199/199 563/200/200 892/201/201
f 358/202/202 565/203/203 888/204/204
f 360/205/205 567/206/206 884/207/207
f 362/208/208 569/209/209 880/210/210
f 364/211/211 571/212/212 876/213/213
f 872/214/214 105/215/215 573/216/216
f 868/217/217 106/218/218 575/219/219
f 372/220/220 577/221/221 864/222/222
f 374/223/223 579/224/224 860/225/225
f 376/226/226 581/227/227 856/228/228
f 852/229/229 110/230/230 583/231/231
f 380/232/232 585/233/233 848/234/234
f 382/235/235 587/236/236 844/237/237
f 384/238/238 589/239/239 840/240/240
f 836/241/241 114/242/242 591/243/243
f 832/244/244 115/245/245 593/246/246
f 828/247/247 116/248/248 595/249/249
f 394/250/250 597/251/251 824/252/252
f 396/253/253 599/254/254 820/255/255
f 398/256/256 601/257/257 816/258/258
f 400/259/259 603/260/260 812/261/261
f 402/262/262 605/263/263 808/264/264
f 804/265/265 122/266/266 607/267/267
f 406/268/268 609/269/269 800/270/270
f 408/271/271 611/272/272 796/273/273
f 412/274/274 613/275/275 792/276/276
f 414/277/277 615/278/278 788/279/279
f 784/280/280 127/281/281 617/282/282
f 780/283/283 128/284/284 619/285/285
f 776/286/286 129/287/287 621/288/288
f 772/289/289 130/290/290 623/291/291
f 424/292/292 625/293/293 768/294/294
f 764/295/295 132/296/296 627/297/297
f 760/298/298 133/299/299 629/300/300
f 756/301/301 134/302/302 631/303/303
f 752/304/304 135/305/305 633/306/306
f 436/307/307 635/308/308 748/309/309
f 744/310/310 137/311/311 637/312/312
f 440/313/313 639/314/314 740/315/315
f 442/316/316 641/317/317 736/318/318
f 444/319/319 643/320/320 732/321/321
f 728/322/322 141/323/323 645/324/324
f 724/325/325 142/326/326 647/327/327
f 720/328/328 143/329/329 649/330/330
f 452/331/331 651/332/332 716/333/333
f 194/334/334 653/335/335 712/336/336
f 708/337/337 26/338/338 655/339/339
f 198/340/340 657/341/341 704/342/342
f 700/343/343 28/344/344 659/345/345
f 202/346/346 661/347/347 696/348/348
f 204/349/349 663/350/350 692/351/351
f 206/352/352 665/353/353 688/354/354
f 208/355/355 667/356/356 684/357/357
f 210/358/358 669/359/359 680/360/360
f 676/361/361 34/362/362 671/363/363
f 674/364/364 144/365/365 452/331/331
f 676/361/361 672/366/366 674/364/364
f 670/367/367 451/368/368 143/329/329
f 451/368/368 674/364/364 452/331/331
f 669/359/359 673/369/369 670/367/367
f 675/370/370 674/364/364 673/369/369
f 669/359/359 211/371/371 675/370/370
f 211/371/371 676/361/361 675/370/370
f 678/372/372 143/329/329 450/373/373
f 678/372/372 669/359/359 670/367/367
f 668/374/374 449/375/375 142/326/326
f 677/376/376 450/373/373 449/375/375
f 667/356/356 677/376/376 668/374/374
f 677/376/376 680/360/360 678/372/372
f 32/377/377 679/378/378 667/356/356
f 209/379/379 680/360/360 679/378/378
f 682/380/380 142/326/326 448/381/381
f 682/380/380 667/356/356 668/374/374
f 141/323/323 681/382/382 447/383/383
f 681/382/382 448/381/381 447/383/383
f 665/353/353 681/382/382 666/384/384
f 681/382/382 684/357/357 682/380/380
f 31/385/385 683/386/386 665/353/353
f 207/387/387 684/357/357 683/386/386
f 686/388/388 141/323/323 446/389/389
f 686/388/388 665/353/353 666/384/384
f 664/390/390 445/391/391 140/392/392
f 685/393/393 446/389/389 445/391/391
f 664/390/390 687/394/394 685/393/393
f 685/393/393 688/354/354 686/388/388
f 30/395/395 687/394/394 663/350/350
f 205/396/396 688/354/354 687/394/394
f 444/319/319 664/390/390 140/392/392
f 692/351/351 664/390/390 690/397/397
f 662/398/398 443/399/399 139/400/400
f 689/401/401 444/319/319 443/399/399
f 661/347/347 689/401/401 662/398/398
f 691/402/402 690/397/397 689/401/401
f 29/403/403 691/402/402 661/347/347
f 203/404/404 692/351/351 691/402/402
f 694/405/405 139/400/400 442/316/316
f 696/348/348 662/398/398 694/405/405
f 138/406/406 693/407/407 441/408/408
f 693/407/407 442/316/316 441/408/408
f 659/345/345 693/407/407 660/409/409
f 695/410/410 694/405/405 693/407/407
f 28/344/344 695/410/410 659/345/345
f 201/411/411 696/348/348 695/410/410
f 440/313/313 660/409/409 138/406/406
f 700/343/343 660/409/409 698/412/412
f 658/413/413 439/414/414 137/311/311
f 439/414/414 698/412/412 440/313/313
f 657/341/341 697/415/415 658/413/413
f 697/415/415 700/343/343 698/412/412
f 657/341/341 199/416/416 699/417/417
f 699/417/417 200/418/418 700/343/343
f 702/419/419 137/311/311 438/420/420
f 704/342/342 658/413/413 702/419/419
f 136/421/421 701/422/422 437/423/423
f 437/423/423 702/419/419 438/420/420
f 655/339/339 701/422/422 656/424/424
f 703/425/425 702/419/419 701/422/422
f 655/339/339 197/426/426 703/425/425
f 703/425/425 198/340/340 704/342/342
f 436/307/307 656/424/424 136/421/421
f 708/337/337 656/424/424 706/427/427
f 135/305/305 705/428/428 435/429/429
f 705/428/428 436/307/307 435/429/429
f 654/430/430 707/431/431 705/428/428
f 705/428/428 708/337/337 706/427/427
f 653/335/335 195/432/432 707/431/431
f 707/431/431 196/433/433 708/337/337
f 710/434/434 135/305/305 434/435/435
f 710/434/434 653/335/335 654/430/430
f 147/436/436 433/437/437 24/438/438
f 433/437/437 710/434/434 434/435/435
f 148/439/3 709/440/439 147/436/436
f 711/441/440 710/434/434 709/440/439
f 2/442/2 711/441/440 148/439/3
f 711/441/440 194/334/334 712/336/336
f 430/443/441 652/444/442 134/302/302
f 716/333/333 652/444/442 714/445/443
f 650/446/444 429/447/445 133/299/299
f 713/448/446 430/443/441 429/447/445
f 649/330/330 713/448/446 650/446/444
f 715/449/447 714/445/443 713/448/446
f 143/329/329 715/449/447 649/330/330
f 715/449/447 452/331/331 716/333/333
f 718/450/448 133/299/299 428/451/449
f 720/328/328 650/446/444 718/450/448
f 648/452/450 427/453/451 132/296/296
f 717/454/452 428/451/449 427/453/451
f 647/327/327 717/454/452 648/452/450
f 719/455/453 718/450/448 717/454/452
f 647/327/327 449/375/375 719/455/453
f 449/375/375 720/328/328 719/455/453
f 426/456/454 648/452/450 132/296/296
f 722/457/455 647/327/327 648/452/450
f 646/458/456 425/459/457 131/460/458
f 721/461/459 426/456/454 425/459/457
f 646/458/456 723/462/460 721/461/459
f 723/462/460 722/457/455 721/461/459
f 645/324/324 447/383/383 723/462/460
f 447/383/383 724/325/325 723/462/460
f 424/292/292 646/458/456 131/460/458
f 728/322/322 646/458/456 726/463/461
f 644/464/462 423/465/463 130/290/290
f 725/466/464 424/292/292 423/465/463
f 644/464/462 727/467/465 725/466/464
f 727/467/465 726/463/461 725/466/464
f 140/392/392 727/467/465 643/320/320
f 445/391/391 728/322/322 727/467/465
f 730/468/466 130/290/290 422/469/467
f 732/321/321 644/464/462 730/468/466
f 642/470/468 421/471/469 129/287/287
f 729/472/470 422/469/467 421/471/469
f 642/470/468 731/473/471 729/472/470
f 731/473/471 730/468/466 729/472/470
f 139/400/400 731/473/471 641/317/317
f 443/399/399 732/321/321 731/473/471
f 734/474/472 129/287/287 420/475/473
f 736/318/318 642/470/468 734/474/472
f 640/476/474 419/477/475 128/284/284
f 419/477/475 734/474/472 420/475/473
f 640/476/474 735/478/476 733/479/477
f 733/479/477 736/318/318 734/474/472
f 639/314/314 441/408/408 735/478/476
f 441/408/408 736/318/318 735/478/476
f 738/480/478 128/284/284 418/481/479
f 740/315/315 640/476/474 738/480/478
f 638/482/480 417/483/481 127/281/281
f 737/484/482 418/481/479 417/483/481
f 638/482/480 739/485/483 737/484/482
f 739/485/483 738/480/478 737/484/482
f 137/311/311 739/485/483 637/312/312
f 439/414/414 740/315/315 739/485/483
f 742/486/484 127/281/281 416/487/485
f 744/310/310 638/482/480 742/486/484
f 636/488/486 415/489/487 126/490/488
f 415/489/487 742/486/484 416/487/485
f 636/488/486 743/491/489 741/492/490
f 743/491/489 742/486/484 741/492/490
f 136/421/421 743/491/489 635/308/308
f 437/423/423 744/310/310 743/491/489
f 414/277/277 636/488/486 126/490/488
f 746/493/491 635/308/308 636/488/486
f 634/494/492 413/495/493 125/496/494
f 745/497/495 414/277/277 413/495/493
f 634/494/492 747/498/496 745/497/495
f 745/497/495 748/309/309 746/493/491
f 633/306/306 435/429/429 747/498/496
f 435/429/429 748/309/309 747/498/496
f 750/499/497 125/496/494 412/274/274
f 752/304/304 634/494/492 750/499/497
f 191/500/498 411/501/499 23/502/500
f 749/503/501 412/274/274 411/501/499
f 191/500/498 751/504/502 749/503/501
f 751/504/502 750/499/497 749/503/501
f 192/505/32 433/437/437 751/504/502
f 751/504/502 434/435/435 752/304/304
f 754/506/503 124/507/504 408/271/271
f 754/506/503 631/303/303 632/508/505
f 630/509/506 407/510/507 123/511/508
f 407/510/507 754/506/503 408/271/271
f 629/300/300 753/512/509 630/509/506
f 753/512/509 756/301/301 754/506/503
f 133/299/299 755/513/510 629/300/300
f 429/447/445 756/301/301 755/513/510
f 758/514/511 123/511/508 406/268/268
f 758/514/511 629/300/300 630/509/506
f 628/515/512 405/516/513 122/266/266
f 405/516/513 758/514/511 406/268/268
f 627/297/297 757/517/514 628/515/512
f 759/518/515 758/514/511 757/517/514
f 132/296/296 759/518/515 627/297/297
f 427/453/451 760/298/298 759/518/515
f 404/519/516 628/515/512 122/266/266
f 762/520/517 627/297/297 628/515/512
f 121/521/518 761/522/519 403/523/520
f 761/522/519 404/519/516 403/523/520
f 626/524/521 763/525/522 761/522/519
f 763/525/522 762/520/517 761/522/519
f 131/460/458 763/525/522 625/293/293
f 425/459/457 764/295/295 763/525/522
f 766/526/523 121/521/518 402/262/262
f 768/294/294 626/524/521 766/526/523
f 120/527/524 765/528/525 401/529/526
f 765/528/525 402/262/262 401/529/526
f 624/530/527 767/531/528 765/528/525
f 767/531/528 766/526/523 765/528/525
f 130/290/290 767/531/528 623/291/291
f 423/465/463 768/294/294 767/531/528
f 770/532/529 120/527/524 400/259/259
f 770/532/529 623/291/291 624/530/527
f 622/533/530 399/534/531 119/535/532
f 769/536/533 400/259/259 399/534/531
f 621/288/288 769/536/533 622/533/530
f 771/537/534 770/532/529 769/536/533
f 129/287/287 771/537/534 621/288/288
f 421/471/469 772/289/289 771/537/534
f 774/538/535 119/535/532 398/256/256
f 776/286/286 622/533/530 774/538/535
f 118/539/536 773/540/537 397/541/538
f 397/541/538 774/538/535 398/256/256
f 619/285/285 773/540/537 620/542/539
f 773/540/537 776/286/286 774/538/535
f 128/284/284 775/543/540 619/285/285
f 775/543/540 420/475/473 776/286/286
f 778/544/541 118/539/536 396/253/253
f 780/283/283 620/542/539 778/544/541
f 618/545/542 395/546/543 117/547/544
f 395/546/543 778/544/541 396/253/253
f 617/282/282 777/548/545 618/545/542
f 779/549/546 778/544/541 777/548/545
f 617/282/282 417/483/481 779/549/546
f 417/483/481 780/283/283 779/549/546
f 394/250/250 618/545/542 117/547/544
f 784/280/280 618/545/542 782/550/547
f 616/551/548 393/552/549 116/248/248
f 393/552/549 782/550/547 394/250/250
f 615/278/278 781/553/550 616/551/548
f 783/554/551 782/550/547 781/553/550
f 126/490/488 783/554/551 615/278/278
f 783/554/551 416/487/485 784/280/280
f 786/555/552 116/248/248 392/556/553
f 788/279/279 616/551/548 786/555/552
f 115/245/245 785/557/554 391/558/555
f 785/557/554 392/556/553 391/558/555
f 613/275/275 785/557/554 614/559/556
f 787/560/557 786/555/552 785/557/554
f 125/496/494 787/560/557 613/275/275
f 413/495/493 788/279/279 787/560/557
f 390/561/558 614/559/556 115/245/245
f 792/276/276 614/559/556 790/562/559
f 22/563/560 789/564/561 389/565/562
f 789/564/561 390/561/558 389/565/562
f 189/566/563 791/567/564 789/564/561
f 789/564/561 792/276/276 790/562/559
f 190/568/565 411/501/499 791/567/564
f 791/567/564 412/274/274 792/276/276
f 794/569/566 114/242/242 386/570/567
f 796/273/273 612/571/568 794/569/566
f 113/572/569 793/573/570 385/574/571
f 385/574/571 794/569/566 386/570/567
f 610/575/572 795/576/573 793/573/570
f 793/573/570 796/273/273 794/569/566
f 123/511/508 795/576/573 609/269/269
f 407/510/507 796/273/273 795/576/573
f 384/238/238 610/575/572 113/572/569
f 798/577/574 609/269/269 610/575/572
f 112/578/575 797/579/576 383/580/577
f 797/579/576 384/238/238 383/580/577
f 608/581/578 799/582/579 797/579/576
f 799/582/579 798/577/574 797/579/576
f 122/266/266 799/582/579 607/267/267
f 405/516/513 800/270/270 799/582/579
f 802/583/580 112/578/575 382/235/235
f 802/583/580 607/267/267 608/581/578
f 111/584/581 801/585/582 381/586/583
f 801/585/582 382/235/235 381/586/583
f 606/587/584 803/588/585 801/585/582
f 803/588/585 802/583/580 801/585/582
f 605/263/263 403/523/520 803/588/585
f 403/523/520 804/265/265 803/588/585
f 380/232/232 606/587/584 111/584/581
f 808/264/264 606/587/584 806/589/586
f 110/230/230 805/590/587 379/591/588
f 379/591/588 806/589/586 380/232/232
f 603/260/260 805/590/587 604/592/589
f 805/590/587 808/264/264 806/589/586
f 120/527/524 807/593/590 603/260/260
f 401/529/526 808/264/264 807/593/590
f 378/594/591 604/592/589 110/230/230
f 812/261/261 604/592/589 810/595/592
f 602/596/593 377/597/594 109/598/595
f 809/599/596 378/594/591 377/597/594
f 602/596/593 811/600/597 809/599/596
f 809/599/596 812/261/261 810/595/592
f 601/257/257 399/534/531 811/600/597
f 811/600/597 400/259/259 812/261/261
f 814/601/598 109/598/595 376/226/226
f 816/258/258 602/596/593 814/601/598
f 600/602/599 375/603/600 108/604/601
f 813/605/602 376/226/226 375/603/600
f 599/254/254 813/605/602 600/602/599
f 815/606/603 814/601/598 813/605/602
f 599/254/254 397/541/538 815/606/603
f 815/606/603 398/256/256 816/258/258
f 374/223/223 600/602/599 108/604/601
f 818/607/604 599/254/254 600/602/599
f 598/608/605 373/609/606 107/610/607
f 817/611/608 374/223/223 373/609/606
f 597/251/251 817/611/608 598/608/605
f 819/612/609 818/607/604 817/611/608
f 117/547/544 819/612/609 597/251/251
f 395/546/543 820/255/255 819/612/609
f 822/613/610 107/610/607 372/220/220
f 824/252/252 598/608/605 822/613/610
f 596/614/611 371/615/612 106/218/218
f 821/616/613 372/220/220 371/615/612
f 595/249/249 821/616/613 596/614/611
f 823/617/614 822/613/610 821/616/613
f 116/248/248 823/617/614 595/249/249
f 393/552/549 824/252/252 823/617/614
f 826/618/615 106/218/218 370/619/616
f 826/618/615 595/249/249 596/614/611
f 594/620/617 369/621/618 105/215/215
f 825/622/619 370/619/616 369/621/618
f 594/620/617 827/623/620 825/622/619
f 825/622/619 828/247/247 826/618/615
f 115/245/245 827/623/620 593/246/246
f 827/623/620 392/556/553 828/247/247
f 368/624/621 594/620/617 105/215/215
f 830/625/622 593/246/246 594/620/617
f 21/626/623 829/627/624 367/628/625
f 367/628/625 830/625/622 368/624/621
f 188/629/626 829/627/624 187/630/627
f 831/631/628 830/625/622 829/627/624
f 22/563/560 831/631/628 188/629/626
f 389/565/562 832/244/244 831/631/628
f 834/632/629 104/633/630 364/211/211
f 836/241/241 592/634/631 834/632/629
f 103/635/632 833/636/633 363/637/634
f 833/636/633 364/211/211 363/637/634
f 590/638/635 835/639/636 833/636/633
f 833/636/633 836/241/241 834/632/629
f 589/239/239 385/574/571 835/639/636
f 835/639/636 386/570/567 836/241/241
f 838/640/637 103/635/632 362/208/208
f 838/640/637 589/239/239 590/638/635
f 588/641/638 361/642/639 102/643/640
f 837/644/641 362/208/208 361/642/639
f 587/236/236 837/644/641 588/641/638
f 839/645/642 838/640/637 837/644/641
f 587/236/236 383/580/577 839/645/642
f 383/580/577 840/240/240 839/645/642
f 842/646/643 102/643/640 360/205/205
f 844/237/237 588/641/638 842/646/643
f 586/647/644 359/648/645 101/649/646
f 359/648/645 842/646/643 360/205/205
f 585/233/233 841/650/647 586/647/644
f 841/650/647 844/237/237 842/646/643
f 585/233/233 381/586/583 843/651/648
f 843/651/648 382/235/235 844/237/237
f 846/652/649 101/649/646 358/202/202
f 848/234/234 586/647/644 846/652/649
f 100/653/650 845/654/651 357/655/652
f 845/654/651 358/202/202 357/655/652
f 583/231/231 845/654/651 584/656/653
f 847/657/654 846/652/649 845/654/651
f 110/230/230 847/657/654 583/231/231
f 379/591/588 848/234/234 847/657/654
f 850/658/655 100/653/650 356/199/199
f 852/229/229 584/656/653 850/658/655
f 99/197/197 849/659/656 355/660/657
f 355/660/657 850/658/655 356/199/199
f 581/227/227 849/659/656 582/661/658
f 851/662/659 850/658/655 849/659/656
f 109/598/595 851/662/659 581/227/227
f 377/597/594 852/229/229 851/662/659
f 354/663/660 582/661/658 99/197/197
f 856/228/228 582/661/658 854/664/661
f 580/665/662 353/666/663 98/667/664
f 353/666/663 854/664/661 354/663/660
f 580/665/662 855/668/665 853/669/666
f 855/668/665 854/664/661 853/669/666
f 108/604/601 855/668/665 579/224/224
f 375/603/600 856/228/228 855/668/665
f 352/193/193 580/665/662 98/667/664
f 858/670/667 579/224/224 580/665/662
f 578/671/668 351/672/669 97/673/670
f 857/674/671 352/193/193 351/672/669
f 577/221/221 857/674/671 578/671/668
f 859/675/672 858/670/667 857/674/671
f 107/610/607 859/675/672 577/221/221
f 373/609/606 860/225/225 859/675/672
f 862/676/673 97/673/670 350/190/190
f 862/676/673 577/221/221 578/671/668
f 576/677/674 349/678/675 96/679/676
f 861/680/677 350/190/190 349/678/675
f 575/219/219 861/680/677 576/677/674
f 863/681/678 862/676/673 861/680/677
f 106/218/218 863/681/678 575/219/219
f 371/615/612 864/222/222 863/681/678
f 866/682/679 96/679/676 348/187/187
f 868/217/217 576/677/674 866/682/679
f 574/683/680 347/684/681 95/685/682
f 865/686/683 348/187/187 347/684/681
f 573/216/216 865/686/683 574/683/680
f 867/687/684 866/682/679 865/686/683
f 105/215/215 867/687/684 573/216/216
f 867/687/684 370/619/616 868/217/217
f 870/688/685 95/685/682 346/184/184
f 872/214/214 574/683/680 870/688/685
f 185/689/686 345/690/687 20/691/20
f 869/692/688 346/184/184 345/690/687
f 186/693/689 869/692/688 185/689/686
f 869/692/688 872/214/214 870/688/685
f 186/693/689 367/628/625 871/694/690
f 871/694/690 368/624/621 872/214/214
f 874/695/691 94/696/692 342/181/181
f 874/695/691 571/212/212 572/697/693
f 570/698/694 341/699/695 93/700/696
f 873/701/697 342/181/181 341/699/695
f 569/209/209 873/701/697 570/698/694
f 873/701/697 876/213/213 874/695/691
f 103/635/632 875/702/698 569/209/209
f 875/702/698 364/211/211 876/213/213
f 878/703/699 93/700/696 340/178/178
f 880/210/210 570/698/694 878/703/699
f 568/704/700 339/705/701 92/176/176
f 339/705/701 878/703/699 340/178/178
f 568/704/700 879/706/702 877/707/703
f 877/707/703 880/210/210 878/703/699
f 102/643/640 879/706/702 567/206/206
f 361/642/639 880/210/210 879/706/702
f 338/708/704 568/704/700 92/176/176
f 884/207/207 568/704/700 882/709/705
f 91/710/706 881/711/707 337/712/708
f 881/711/707 338/708/704 337/712/708
f 565/203/203 881/711/707 566/713/709
f 883/714/710 882/709/705 881/711/707
f 101/649/646 883/714/710 565/203/203
f 359/648/645 884/207/207 883/714/710
f 886/715/711 91/710/706 336/172/172
f 888/204/204 566/713/709 886/715/711
f 564/716/712 335/717/713 90/718/714
f 885/719/715 336/172/172 335/717/713
f 563/200/200 885/719/715 564/716/712
f 885/719/715 888/204/204 886/715/711
f 100/653/650 887/720/716 563/200/200
f 357/655/652 888/204/204 887/720/716
f 890/721/717 90/718/714 334/169/169
f 892/201/201 564/716/712 890/721/717
f 562/722/718 333/723/719 89/167/167
f 889/724/720 334/169/169 333/723/719
f 561/198/198 889/724/720 562/722/718
f 891/725/721 890/721/717 889/724/720
f 99/197/197 891/725/721 561/198/198
f 891/725/721 356/199/199 892/201/201
f 332/726/722 562/722/718 89/167/167
f 896/196/196 562/722/718 894/727/723
f 560/728/724 331/729/725 88/730/726
f 331/729/725 894/727/723 332/726/722
f 560/728/724 895/731/727 893/732/728
f 895/731/727 894/727/723 893/732/728
f 98/667/664 895/731/727 559/194/194
f 353/666/663 896/196/196 895/731/727
f 898/733/729 88/730/726 330/163/163
f 898/733/729 559/194/194 560/728/724
f 87/734/730 897/735/731 329/736/732
f 897/735/731 330/163/163 329/736/732
f 557/191/191 897/735/731 558/737/733
f 897/735/731 900/195/195 898/733/729
f 97/673/670 899/738/734 557/191/191
f 351/672/669 900/195/195 899/738/734
f 902/739/735 87/734/730 328/160/160
f 902/739/735 557/191/191 558/737/733
f 556/740/736 327/741/737 86/158/158
f 901/742/738 328/160/160 327/741/737
f 556/740/736 903/743/739 901/742/738
f 901/742/738 904/192/192 902/739/735
f 96/679/676 903/743/739 555/188/188
f 349/678/675 904/192/192 903/743/739
f 906/744/740 86/158/158 326/745/741
f 906/744/740 555/188/188 556/740/736
f 554/746/742 325/747/743 85/748/744
f 905/749/745 326/745/741 325/747/743
f 554/746/742 907/750/746 905/749/745
f 905/749/745 908/189/189 906/744/740
f 95/685/682 907/750/746 553/185/185
f 347/684/681 908/189/189 907/750/746
f 910/751/747 85/748/744 324/154/154
f 910/751/747 553/185/185 554/746/742
f 19/752/748 909/753/749 323/754/750
f 909/753/749 324/154/154 323/754/750
f 183/755/21 911/756/751 909/753/749
f 909/753/749 912/186/186 910/751/747
f 20/691/20 911/756/751 184/757/438
f 345/690/687 912/186/186 911/756/751
f 914/758/752 84/759/753 320/151/151
f 914/758/752 551/182/182 552/760/754
f 550/761/755 319/762/756 83/763/757
f 913/764/758 320/151/151 319/762/756
f 549/179/179 913/764/758 550/761/755
f 915/765/759 914/758/752 913/764/758
f 93/700/696 915/765/759 549/179/179
f 915/765/759 342/181/181 916/183/183
f 918/766/760 83/763/757 318/148/148
f 920/180/180 550/761/755 918/766/760
f 548/767/761 317/768/762 82/769/763
f 917/770/764 318/148/148 317/768/762
f 548/767/761 919/771/765 917/770/764
f 917/770/764 920/180/180 918/766/760
f 92/176/176 919/771/765 547/177/177
f 919/771/765 340/178/178 920/180/180
f 922/772/766 82/769/763 316/145/145
f 924/175/175 548/767/761 922/772/766
f 546/773/767 315/774/768 81/775/769
f 921/776/770 316/145/145 315/774/768
f 545/173/173 921/776/770 546/773/767
f 923/777/771 922/772/766 921/776/770
f 91/710/706 923/777/771 545/173/173
f 337/712/708 924/175/175 923/777/771
f 926/778/772 81/775/769 314/142/142
f 928/174/174 546/773/767 926/778/772
f 80/779/773 925/780/774 313/781/775
f 925/780/774 314/142/142 313/781/775
f 543/170/170 925/780/774 544/782/776
f 927/783/777 926/778/772 925/780/774
f 90/718/714 927/783/777 543/170/170
f 335/717/713 928/174/174 927/783/777
f 930/784/778 80/779/773 312/139/139
f 932/171/171 544/782/776 930/784/778
f 542/785/779 311/786/780 79/787/781
f 311/786/780 930/784/778 312/139/139
f 541/168/168 929/788/782 542/785/779
f 931/789/783 930/784/778 929/788/782
f 89/167/167 931/789/783 541/168/168
f 333/723/719 932/171/171 931/789/783
f 310/136/136 542/785/779 79/787/781
f 934/790/784 541/168/168 542/785/779
f 540/791/785 309/792/786 78/793/787
f 933/794/788 310/136/136 309/792/786
f 539/164/164 933/794/788 540/791/785
f 935/795/789 934/790/784 933/794/788
f 539/164/164 331/729/725 935/795/789
f 331/729/725 936/166/166 935/795/789
f 938/796/790 78/793/787 308/133/133
f 940/165/165 540/791/785 938/796/790
f 77/131/131 937/797/791 307/798/792
f 937/797/791 308/133/133 307/798/792
f 538/799/793 939/800/794 937/797/791
f 939/800/794 938/796/790 937/797/791
f 87/734/730 939/800/794 537/161/161
f 329/736/732 940/165/165 939/800/794
f 306/801/795 538/799/793 77/131/131
f 944/162/162 538/799/793 942/802/796
f 536/803/797 305/804/798 76/128/128
f 305/804/798 942/802/796 306/801/795
f 536/803/797 943/805/799 941/806/800
f 941/806/800 944/162/162 942/802/796
f 535/159/159 327/741/737 943/805/799
f 327/741/737 944/162/162 943/805/799
f 946/807/801 76/128/128 304/808/802
f 946/807/801 535/159/159 536/803/797
f 534/809/803 303/810/804 75/125/125
f 945/811/805 304/808/802 303/810/804
f 534/809/803 947/812/806 945/811/805
f 947/812/806 946/807/801 945/811/805
f 533/155/155 325/747/743 947/812/806
f 947/812/806 326/745/741 948/157/157
f 950/813/807 75/125/125 302/814/808
f 950/813/807 533/155/155 534/809/803
f 18/815/809 949/816/810 301/817/811
f 301/817/811 950/813/807 302/814/808
f 182/818/18 949/816/810 181/819/438
f 951/820/812 950/813/807 949/816/810
f 19/752/748 951/820/812 182/818/18
f 951/820/812 324/154/154 952/156/156
f 954/821/813 74/822/814 298/121/121
f 956/153/153 532/823/815 954/821/813
f 73/119/119 953/824/816 297/825/817
f 297/825/817 954/821/813 298/121/121
f 529/149/149 953/824/816 530/826/818
f 953/824/816 956/153/153 954/821/813
f 83/763/757 955/827/819 529/149/149
f 955/827/819 320/151/151 956/153/153
f 296/828/820 530/826/818 73/119/119
f 958/829/821 529/149/149 530/826/818
f 528/830/822 295/831/823 72/832/824
f 957/833/825 296/828/820 295/831/823
f 527/146/146 957/833/825 528/830/822
f 959/834/826 958/829/821 957/833/825
f 82/769/763 959/834/826 527/146/146
f 317/768/762 960/150/150 959/834/826
f 962/835/827 72/832/824 294/115/115
f 962/835/827 527/146/146 528/830/822
f 526/836/828 293/837/829 71/113/113
f 293/837/829 962/835/827 294/115/115
f 525/143/143 961/838/830 526/836/828
f 963/839/831 962/835/827 961/838/830
f 81/775/769 963/839/831 525/143/143
f 315/774/768 964/147/147 963/839/831
f 292/840/832 526/836/828 71/113/113
f 966/841/833 525/143/143 526/836/828
f 524/842/834 291/843/835 70/844/836
f 965/845/837 292/840/832 291/843/835
f 524/842/834 967/846/838 965/845/837
f 967/846/838 966/841/833 965/845/837
f 80/779/773 967/846/838 523/140/140
f 313/781/775 968/144/144 967/846/838
f 290/109/109 524/842/834 70/844/836
f 972/141/141 524/842/834 970/847/839
f 522/848/840 289/849/841 69/107/107
f 969/850/842 290/109/109 289/849/841
f 522/848/840 971/851/843 969/850/842
f 971/851/843 970/847/839 969/850/842
f 521/137/137 311/786/780 971/851/843
f 971/851/843 312/139/139 972/141/141
f 288/852/844 522/848/840 69/107/107
f 976/138/138 522/848/840 974/853/845
f 520/854/846 287/855/847 68/104/104
f 973/856/848 288/852/844 287/855/847
f 520/854/846 975/857/849 973/856/848
f 975/857/849 974/853/845 973/856/848
f 519/134/134 309/792/786 975/857/849
f 975/857/849 310/136/136 976/138/138
f 978/858/850 68/104/104 286/859/851
f 980/135/135 520/854/846 978/858/850
f 518/860/852 285/861/853 67/862/854
f 285/861/853 978/858/850 286/859/851
f 517/132/132 977/863/855 518/860/852
f 979/864/856 978/858/850 977/863/855
f 517/132/132 307/798/792 979/864/856
f 979/864/856 308/133/133 980/135/135
f 284/100/100 518/860/852 67/862/854
f 984/130/130 518/860/852 982/865/857
f 66/98/98 981/866/858 283/867/859
f 981/866/858 284/100/100 283/867/859
f 515/129/129 981/866/858 516/868/860
f 981/866/858 984/130/130 982/865/857
f 76/128/128 983/869/861 515/129/129
f 305/804/798 984/130/130 983/869/861
f 986/870/862 66/98/98 282/871/863
f 986/870/862 515/129/129 516/868/860
f 65/872/864 985/873/865 281/874/866
f 281/874/866 986/870/862 282/871/863
f 513/126/126 985/873/865 514/875/867
f 987/876/868 986/870/862 985/873/865
f 513/126/126 303/810/804 987/876/868
f 303/810/804 988/127/127 987/876/868
f 990/877/869 65/872/864 280/94/94
f 992/124/124 514/875/867 990/877/869
f 179/878/870 279/879/871 17/880/872
f 989/881/873 280/94/94 279/879/871
f 180/882/874 989/881/873 179/878/870
f 991/883/875 990/877/869 989/881/873
f 180/882/874 301/817/811 991/883/875
f 991/883/875 302/814/808 992/124/124
f 994/884/876 64/885/877 276/91/91
f 996/123/123 512/886/878 994/884/876
f 63/89/89 993/887/879 275/888/880
f 993/887/879 276/91/91 275/888/880
f 510/889/881 995/890/882 993/887/879
f 995/890/882 994/884/876 993/887/879
f 509/120/120 297/825/817 995/890/882
f 297/825/817 996/123/123 995/890/882
f 274/891/883 510/889/881 63/89/89
f 1000/118/118 510/889/881 998/892/884
f 62/893/885 997/894/886 273/895/887
f 273/895/887 998/892/884 274/891/883
f 508/896/888 999/897/889 997/894/886
f 999/897/889 998/892/884 997/894/886
f 72/832/824 999/897/889 507/116/116
f 295/831/823 1000/118/118 999/897/889
f 1002/898/890 62/893/885 272/85/85
f 1004/117/117 508/896/888 1002/898/890
f 61/899/891 1001/900/892 271/901/893
f 271/901/893 1002/898/890 272/85/85
f 505/114/114 1001/900/892 506/902/894
f 1001/900/892 1004/117/117 1002/898/890
f 71/113/113 1003/903/895 505/114/114
f 1003/903/895 294/115/115 1004/117/117
f 1006/904/896 61/899/891 270/82/82
f 1008/112/112 506/902/894 1006/904/896
f 60/905/897 1005/906/898 269/907/899
f 1005/906/898 270/82/82 269/907/899
f 503/110/110 1005/906/898 504/908/900
f 1005/906/898 1008/112/112 1006/904/896
f 70/844/836 1007/909/901 503/110/110
f 1007/909/901 292/840/832 1008/112/112
f 268/79/79 504/908/900 60/905/897
f 1012/111/111 504/908/900 1010/910/902
f 59/911/903 1009/912/904 267/913/905
f 267/913/905 1010/910/902 268/79/79
f 502/914/906 1011/915/907 1009/912/904
f 1009/912/904 1012/111/111 1010/910/902
f 69/107/107 1011/915/907 501/108/108
f 289/849/841 1012/111/111 1011/915/907
f 1014/916/908 59/911/903 266/76/76
f 1014/916/908 501/108/108 502/914/906
f 58/917/909 1013/918/910 265/919/911
f 1013/918/910 266/76/76 265/919/911
f 500/920/912 1015/921/913 1013/918/910
f 1015/921/913 1014/916/908 1013/918/910
f 68/104/104 1015/921/913 499/105/105
f 287/855/847 1016/106/106 1015/921/913
f 1018/922/914 58/917/909 264/73/73
f 1020/103/103 500/920/912 1018/922/914
f 498/923/915 263/924/916 57/71/71
f 263/924/916 1018/922/914 264/73/73
f 497/101/101 1017/925/917 498/923/915
f 1019/926/918 1018/922/914 1017/925/917
f 67/862/854 1019/926/918 497/101/101
f 285/861/853 1020/103/103 1019/926/918
f 1022/927/919 57/71/71 262/928/920
f 1024/102/102 498/923/915 1022/927/919
f 496/929/921 261/930/922 56/931/923
f 1021/932/924 262/928/920 261/930/922
f 496/929/921 1023/933/925 1021/932/924
f 1023/933/925 1022/927/919 1021/932/924
f 495/99/99 283/867/859 1023/933/925
f 283/867/859 1024/102/102 1023/933/925
f 1026/934/926 56/931/923 260/67/67
f 1028/97/97 496/929/921 1026/934/926
f 55/65/65 1025/935/927 259/936/928
f 259/936/928 1026/934/926 260/67/67
f 493/95/95 1025/935/927 494/937/929
f 1025/935/927 1028/97/97 1026/934/926
f 65/872/864 1027/938/930 493/95/95
f 1027/938/930 282/871/863 1028/97/97
f 258/939/931 494/937/929 55/65/65
f 1032/96/96 494/937/929 1030/940/932
f 177/941/933 257/942/934 16/943/935
f 1029/944/936 258/939/931 257/942/934
f 177/941/933 1031/945/937 1029/944/936
f 1031/945/937 1030/940/932 1029/944/936
f 178/946/938 279/879/871 1031/945/937
f 279/879/871 1032/96/96 1031/945/937
f 254/61/61 492/947/939 54/948/940
f 1034/949/941 491/92/92 492/947/939
f 53/59/59 1033/950/942 253/951/943
f 1033/950/942 254/61/61 253/951/943
f 490/952/944 1035/953/945 1033/950/942
f 1033/950/942 1036/93/93 1034/949/941
f 489/90/90 275/888/880 1035/953/945
f 1035/953/945 276/91/91 1036/93/93
f 1038/954/946 53/59/59 252/955/947
f 1040/88/88 490/952/944 1038/954/946
f 488/956/948 251/957/949 52/958/950
f 251/957/949 1038/954/946 252/955/947
f 488/956/948 1039/959/951 1037/960/952
f 1039/959/951 1038/954/946 1037/960/952
f 487/86/86 273/895/887 1039/959/951
f 1039/959/951 274/891/883 1040/88/88
f 1042/961/953 52/958/950 250/55/55
f 1044/87/87 488/956/948 1042/961/953
f 486/962/954 249/963/955 51/53/53
f 1041/964/956 250/55/55 249/963/955
f 485/83/83 1041/964/956 486/962/954
f 1043/965/957 1042/961/953 1041/964/956
f 485/83/83 271/901/893 1043/965/957
f 1043/965/957 272/85/85 1044/87/87
f 1046/966/958 51/53/53 248/967/959
f 1048/84/84 486/962/954 1046/966/958
f 50/968/960 1045/969/961 247/970/962
f 1045/969/961 248/967/959 247/970/962
f 483/80/80 1045/969/961 484/971/963
f 1047/972/964 1046/966/958 1045/969/961
f 483/80/80 269/907/899 1047/972/964
f 1047/972/964 270/82/82 1048/84/84
f 1050/973/965 50/968/960 246/49/49
f 1050/973/965 483/80/80 484/971/963
f 49/974/966 1049/975/967 245/976/968
f 1049/975/967 246/49/49 245/976/968
f 482/977/969 1051/978/970 1049/975/967
f 1049/975/967 1052/81/81 1050/973/965
f 481/77/77 267/913/905 1051/978/970
f 267/913/905 1052/81/81 1051/978/970
f 1054/979/971 49/974/966 244/46/46
f 1054/979/971 481/77/77 482/977/969
f 480/980/972 243/981/973 48/982/974
f 1053/983/975 244/46/46 243/981/973
f 479/74/74 1053/983/975 480/980/972
f 1055/984/976 1054/979/971 1053/983/975
f 58/917/909 1055/984/976 479/74/74
f 265/919/911 1056/78/78 1055/984/976
f 242/43/43 480/980/972 48/982/974
f 1060/75/75 480/980/972 1058/985/977
f 47/986/978 1057/987/979 241/988/980
f 241/988/980 1058/985/977 242/43/43
f 477/72/72 1057/987/979 478/989/981
f 1057/987/979 1060/75/75 1058/985/977
f 57/71/71 1059/990/982 477/72/72
f 1059/990/982 264/73/73 1060/75/75
f 1062/991/983 47/986/978 240/40/40
f 1062/991/983 477/72/72 478/989/981
f 476/992/984 239/993/985 46/994/986
f 239/993/985 1062/991/983 240/40/40
f 475/68/68 1061/995/987 476/992/984
f 1061/995/987 1064/70/70 1062/991/983
f 475/68/68 261/930/922 1063/996/988
f 261/930/922 1064/70/70 1063/996/988
f 238/37/37 476/992/984 46/994/986
f 1068/69/69 476/992/984 1066/997/989
f 474/998/990 237/999/991 45/35/35
f 237/999/991 1066/997/989 238/37/37
f 473/66/66 1065/1000/992 474/998/990
f 1067/1001/993 1066/997/989 1065/1000/992
f 55/65/65 1067/1001/993 473/66/66
f 259/936/928 1068/69/69 1067/1001/993
f 1070/1002/994 45/35/35 236/1003/995
f 1070/1002/994 473/66/66 474/998/990
f 15/1004/996 1069/1005/997 235/1006/998
f 1069/1005/997 236/1003/995 235/1006/998
f 175/1007/999 1071/1008/1000 1069/1005/997
f 1069/1005/997 1072/64/64 1070/1002/994
f 176/1009/1001 257/942/934 1071/1008/1000
f 1071/1008/1000 258/939/931 1072/64/64
f 1074/1010/1002 5/1011/1003 155/1012/1004
f 1074/1010/1002 471/62/62 472/1013/1005
f 6/1014/1006 1073/1015/1007 156/1016/1008
f 156/1016/1008 1074/1010/1002 155/1012/1004
f 470/1017/1009 1075/1018/1010 1073/1015/1007
f 1073/1015/1007 1076/63/63 1074/1010/1002
f 469/60/60 253/951/943 1075/1018/1010
f 253/951/943 1076/63/63 1075/1018/1010
f 157/1019/1011 470/1017/1009 6/1014/1006
f 1080/58/58 470/1017/1009 1078/1020/1012
f 468/1021/1013 158/1022/1014 7/1023/1015
f 1077/1024/1016 157/1019/1011 158/1022/1014
f 468/1021/1013 1079/1025/1017 1077/1024/1016
f 1079/1025/1017 1078/1020/1012 1077/1024/1016
f 52/958/950 1079/1025/1017 467/56/56
f 1079/1025/1017 252/955/947 1080/58/58
f 1082/1026/1018 7/1023/1015 159/1027/1019
f 1084/57/57 468/1021/1013 1082/1026/1018
f 466/1028/1020 160/1029/1021 8/1030/1022
f 1081/1031/1023 159/1027/1019 160/1029/1021
f 465/54/54 1081/1031/1023 466/1028/1020
f 1083/1032/1024 1082/1026/1018 1081/1031/1023
f 51/53/53 1083/1032/1024 465/54/54
f 1083/1032/1024 250/55/55 1084/57/57
f 1086/1033/1025 8/1030/1022 161/1034/1026
f 1088/52/52 466/1028/1020 1086/1033/1025
f 464/1035/1027 162/1036/1028 9/1037/1029
f 1085/1038/1030 161/1034/1026 162/1036/1028
f 463/50/50 1085/1038/1030 464/1035/1027
f 1087/1039/1031 1086/1033/1025 1085/1038/1030
f 463/50/50 247/970/962 1087/1039/1031
f 1087/1039/1031 248/967/959 1088/52/52
f 1090/1040/1032 9/1037/1029 163/1041/1033
f 1092/51/51 464/1035/1027 1090/1040/1032
f 462/1042/1034 164/1043/1035 10/1044/1036
f 1089/1045/1037 163/1041/1033 164/1043/1035
f 461/47/47 1089/1045/1037 462/1042/1034
f 1091/1046/1038 1090/1040/1032 1089/1045/1037
f 461/47/47 245/976/968 1091/1046/1038
f 245/976/968 1092/51/51 1091/1046/1038
f 1094/1047/1039 10/1044/1036 165/1048/1040
f 1096/48/48 462/1042/1034 1094/1047/1039
f 460/1049/1041 166/1050/1042 11/1051/1043
f 1093/1052/1044 165/1048/1040 166/1050/1042
f 459/44/44 1093/1052/1044 460/1049/1041
f 1095/1053/1045 1094/1047/1039 1093/1052/1044
f 48/982/974 1095/1053/1045 459/44/44
f 243/981/973 1096/48/48 1095/1053/1045
f 1098/1054/1046 11/1051/1043 167/1055/1047
f 1098/1054/1046 459/44/44 460/1049/1041
f 458/1056/1048 168/1057/1049 12/1058/1050
f 1097/1059/1051 167/1055/1047 168/1057/1049
f 457/41/41 1097/1059/1051 458/1056/1048
f 1097/1059/1051 1100/45/45 1098/1054/1046
f 457/41/41 241/988/980 1099/1060/1052
f 241/988/980 1100/45/45 1099/1060/1052
f 1102/1061/1053 12/1058/1050 169/1062/1054
f 1104/42/42 458/1056/1048 1102/1061/1053
f 456/1063/1055 170/1064/1056 13/1065/1057
f 1101/1066/1058 169/1062/1054 170/1064/1056
f 456/1063/1055 1103/1067/1059 1101/1066/1058
f 1101/1066/1058 1104/42/42 1102/1061/1053
f 46/994/986 1103/1067/1059 455/38/38
f 239/993/985 1104/42/42 1103/1067/1059
f 1106/1068/1060 13/1065/1057 171/1069/1061
f 1106/1068/1060 455/38/38 456/1063/1055
f 454/1070/1062 172/1071/1063 14/1072/1064
f 1105/1073/1065 171/1069/1061 172/1071/1063
f 453/36/36 1105/1073/1065 454/1070/1062
f 1107/1074/1066 1106/1068/1060 1105/1073/1065
f 45/35/35 1107/1074/1066 453/36/36
f 237/999/991 1108/39/39 1107/1074/1066
f 1110/1075/1067 14/1072/1064 145/1076/1068
f 1112/34/34 454/1070/1062 1110/1075/1067
f 173/1077/1069 146/1078/1070 1/1079/1071
f 1109/1080/1072 145/1076/1068 146/1078/1070
f 174/1081/6 1109/1080/1072 173/1077/1069
f 1109/1080/1072 1112/34/34 1110/1075/1067
f 15/1004/996 1111/1082/1073 174/1081/6
f 235/1006/998 1112/34/34 1111/1082/1073
f 410/1083/1074 216/1084/1075 36/29/29
f 1114/1085/1076 215/33/33 216/1084/1075
f 134/302/302 1113/1086/1077 409/1087/1078
f 1113/1086/1077 410/1083/1074 409/1087/1078
f 652/444/442 1115/1088/1079 1113/1086/1077
f 1115/1088/1079 1114/1085/1076 1113/1086/1077
f 651/332/332 431/1089/1080 1115/1088/1079
f 1115/1088/1079 432/1090/1081 1116/31/31
f 388/1091/1082 218/1092/1083 37/26/26
f 1118/1093/1084 217/30/30 218/1092/1083
f 632/508/505 387/1094/1085 124/507/504
f 1117/1095/1086 388/1091/1082 387/1094/1085
f 631/303/303 1117/1095/1086 632/508/505
f 1117/1095/1086 1120/28/28 1118/1093/1084
f 134/302/302 1119/1096/1087 631/303/303
f 1119/1096/1087 410/1083/1074 1120/28/28
f 366/1097/1088 220/1098/1089 38/23/23
f 1122/1099/1090 219/27/27 220/1098/1089
f 114/242/242 1121/1100/1091 365/1101/1092
f 365/1101/1092 1122/1099/1090 366/1097/1088
f 611/272/272 1121/1100/1091 612/571/568
f 1123/1102/1093 1122/1099/1090 1121/1100/1091
f 124/507/504 1123/1102/1093 611/272/272
f 387/1094/1085 1124/25/25 1123/1102/1093
f 344/1103/1094 222/1104/686 39/20/20
f 1126/1105/1095 221/24/24 222/1104/686
f 592/634/631 343/1106/1096 104/633/630
f 343/1106/1096 1126/1105/1095 344/1103/1094
f 592/634/631 1127/1107/1097 1125/1108/1098
f 1125/1108/1098 1128/22/22 1126/1105/1095
f 114/242/242 1127/1107/1097 591/243/243
f 365/1101/1092 1128/22/22 1127/1107/1097
f 322/1109/1099 224/1110/1100 40/17/17
f 1130/1111/1101 223/21/21 224/1110/1100
f 572/697/693 321/1112/1102 94/696/692
f 1129/1113/1103 322/1109/1099 321/1112/1102
f 572/697/693 1131/1114/1104 1129/1113/1103
f 1129/1113/1103 1132/19/19 1130/1111/1101
f 104/633/630 1131/1114/1104 571/212/212
f 343/1106/1096 1132/19/19 1131/1114/1104
f 300/1115/1105 226/1116/809 41/14/14
f 1134/1117/1106 225/18/18 226/1116/809
f 552/760/754 299/1118/1107 84/759/753
f 299/1118/1107 1134/1117/1106 300/1115/1105
f 551/182/182 1133/1119/1108 552/760/754
f 1135/1120/1109 1134/1117/1106 1133/1119/1108
f 551/182/182 321/1112/1102 1135/1120/1109
f 321/1112/1102 1136/16/16 1135/1120/1109
f 278/1121/1110 228/1122/1111 42/11/11
f 1138/1123/1112 227/15/15 228/1122/1111
f 74/822/814 1137/1124/1113 277/1125/1114
f 277/1125/1114 1138/1123/1112 278/1121/1110
f 532/823/815 1139/1126/1115 1137/1124/1113
f 1139/1126/1115 1138/1123/1112 1137/1124/1113
f 531/152/152 299/1118/1107 1139/1126/1115
f 299/1118/1107 1140/13/13 1139/1126/1115
f 256/1127/1116 230/1128/1117 43/8/8
f 1142/1129/1118 229/12/12 230/1128/1117
f 64/885/877 1141/1130/1119 255/1131/1120
f 1141/1130/1119 256/1127/1116 255/1131/1120
f 512/886/878 1143/1132/1121 1141/1130/1119
f 1143/1132/1121 1142/1129/1118 1141/1130/1119
f 511/122/122 277/1125/1114 1143/1132/1121
f 277/1125/1114 1144/10/10 1143/1132/1121
f 234/1133/1122 232/1134/1123 44/5/5
f 1146/1135/1124 231/9/9 232/1134/1123
f 492/947/939 233/1136/1125 54/948/940
f 1145/1137/1126 234/1133/1122 233/1136/1125
f 491/92/92 1145/1137/1126 492/947/939
f 1145/1137/1126 1148/7/7 1146/1135/1124
f 64/885/877 1147/1138/1127 491/92/92
f 1147/1138/1127 256/1127/1116 1148/7/7
f 153/1139/1128 152/1140/1129 3/1141/1130
f 1150/1142/1131 151/6/6 152/1140/1129
f 472/1013/1005 154/1143/1132 5/1011/1003
f 1149/1144/1133 153/1139/1128 154/1143/1132
f 472/1013/1005 1151/1145/1134 1149/1144/1133
f 1149/1144/1133 1152/4/4 1150/1142/1131
f 471/62/62 233/1136/1125 1151/1145/1134
f 1151/1145/1134 234/1133/1122 1152/4/4
f 432/1090/1081 214/1146/436 35/32/32
f 1154/1147/1135 213/3/3 214/1146/436
f 672/366/366 431/1089/1080 144/365/365
f 1153/1148/1136 432/1090/1081 431/1089/1080
f 671/363/363 1153/1148/1136 672/366/366
f 1155/1149/1137 1154/1147/1135 1153/1148/1136
f 34/362/362 1155/1149/1137 671/363/363
f 149/1150/1138 1156/1/1 1155/1149/1137
f 1156/1/1 150/1151/1139 4/2/2
f 1152/4/4 234/1133/1122 44/5/5
f 1148/7/7 256/1127/1116 43/8/8
f 1144/10/10 278/1121/1110 42/11/11
f 1140/13/13 300/1115/1105 41/14/14
f 1136/16/16 322/1109/1099 40/17/17
f 1132/19/19 344/1103/1094 39/20/20
f 1128/22/22 366/1097/1088 38/23/23
f 1124/25/25 388/1091/1082 37/26/26
f 1120/28/28 410/1083/1074 36/29/29
f 1116/31/31 432/1090/1081 35/32/32
f 1112/34/34 236/1003/995 45/35/35
f 238/37/37 46/994/986 455/38/38
f 240/40/40 47/986/978 457/41/41
f 242/43/43 48/982/974 459/44/44
f 244/46/46 49/974/966 461/47/47
f 246/49/49 50/968/960 463/50/50
f 1088/52/52 248/967/959 51/53/53
f 250/55/55 52/958/950 467/56/56
f 1080/58/58 252/955/947 53/59/59
f 254/61/61 54/948/940 471/62/62
f 1072/64/64 258/939/931 55/65/65
f 260/67/67 56/931/923 475/68/68
f 1064/70/70 262/928/920 57/71/71
f 264/73/73 58/917/909 479/74/74
f 266/76/76 59/911/903 481/77/77
f 268/79/79 60/905/897 483/80/80
f 270/82/82 61/899/891 485/83/83
f 272/85/85 62/893/885 487/86/86
f 1040/88/88 274/891/883 63/89/89
f 276/91/91 64/885/877 491/92/92
f 280/94/94 65/872/864 493/95/95
f 1028/97/97 282/871/863 66/98/98
f 284/100/100 67/862/854 497/101/101
f 1020/103/103 286/859/851 68/104/104
f 1016/106/106 288/852/844 69/107/107
f 290/109/109 70/844/836 503/110/110
f 1008/112/112 292/840/832 71/113/113
f 294/115/115 72/832/824 507/116/116
f 1000/118/118 296/828/820 73/119/119
f 298/121/121 74/822/814 511/122/122
f 992/124/124 302/814/808 75/125/125
f 988/127/127 304/808/802 76/128/128
f 984/130/130 306/801/795 77/131/131
f 308/133/133 78/793/787 519/134/134
f 310/136/136 79/787/781 521/137/137
f 312/139/139 80/779/773 523/140/140
f 314/142/142 81/775/769 525/143/143
f 316/145/145 82/769/763 527/146/146
f 318/148/148 83/763/757 529/149/149
f 320/151/151 84/759/753 531/152/152
f 324/154/154 85/748/744 533/155/155
f 948/157/157 326/745/741 86/158/158
f 328/160/160 87/734/730 537/161/161
f 330/163/163 88/730/726 539/164/164
f 936/166/166 332/726/722 89/167/167
f 334/169/169 90/718/714 543/170/170
f 336/172/172 91/710/706 545/173/173
f 924/175/175 338/708/704 92/176/176
f 340/178/178 93/700/696 549/179/179
f 342/181/181 94/696/692 551/182/182
f 346/184/184 95/685/682 553/185/185
f 348/187/187 96/679/676 555/188/188
f 350/190/190 97/673/670 557/191/191
f 352/193/193 98/667/664 559/194/194
f 896/196/196 354/663/660 99/197/197
f 356/199/199 100/653/650 563/200/200
f 358/202/202 101/649/646 565/203/203
f 360/205/205 102/643/640 567/206/206
f 362/208/208 103/635/632 569/209/209
f 364/211/211 104/633/630 571/212/212
f 872/214/214 368/624/621 105/215/215
f 868/217/217 370/619/616 106/218/218
f 372/220/220 107/610/607 577/221/221
f 374/223/223 108/604/601 579/224/224
f 376/226/226 109/598/595 581/227/227
f 852/229/229 378/594/591 110/230/230
f 380/232/232 111/584/581 585/233/233
f 382/235/235 112/578/575 587/236/236
f 384/238/238 113/572/569 589/239/239
f 836/241/241 386/570/567 114/242/242
f 832/244/244 390/561/558 115/245/245
f 828/247/247 392/556/553 116/248/248
f 394/250/250 117/547/544 597/251/251
f 396/253/253 118/539/536 599/254/254
f 398/256/256 119/535/532 601/257/257
f 400/259/259 120/527/524 603/260/260
f 402/262/262 121/521/518 605/263/263
f 804/265/265 404/519/516 122/266/266
f 406/268/268 123/511/508 609/269/269
f 408/271/271 124/507/504 611/272/272
f 412/274/274 125/496/494 613/275/275
f 414/277/277 126/490/488 615/278/278
f 784/280/280 416/487/485 127/281/281
f 780/283/283 418/481/479 128/284/284
f 776/286/286 420/475/473 129/287/287
f 772/289/289 422/469/467 130/290/290
f 424/292/292 131/460/458 625/293/293
f 764/295/295 426/456/454 132/296/296
f 760/298/298 428/451/449 133/299/299
f 756/301/301 430/443/441 134/302/302
f 752/304/304 434/435/435 135/305/305
f 436/307/307 136/421/421 635/308/308
f 744/310/310 438/420/420 137/311/311
f 440/313/313 138/406/406 639/314/314
f 442/316/316 139/400/400 641/317/317
f 444/319/319 140/392/392 643/320/320
f 728/322/322 446/389/389 141/323/323
f 724/325/325 448/381/381 142/326/326
f 720/328/328 450/373/373 143/329/329
f 452/331/331 144/365/365 651/332/332
f 194/334/334 25/1152/1140 653/335/335
f 708/337/337 196/433/433 26/338/338
f 198/340/340 27/1153/1141 657/341/341
f 700/343/343 200/418/418 28/344/344
f 202/346/346 29/403/403 661/347/347
f 204/349/349 30/395/395 663/350/350
f 206/352/352 31/385/385 665/353/353
f 208/355/355 32/377/377 667/356/356
f 210/358/358 33/1154/1142 669/359/359
f 676/361/361 212/1155/1143 34/362/362
f 674/364/364 672/366/366 144/365/365
f 676/361/361 671/363/363 672/366/366
f 670/367/367 673/369/369 451/368/368
f 451/368/368 673/369/369 674/364/364
f 669/359/359 675/370/370 673/369/369
f 675/370/370 676/361/361 674/364/364
f 669/359/359 33/1154/1142 211/371/371
f 211/371/371 212/1155/1143 676/361/361
f 678/372/372 670/367/367 143/329/329
f 678/372/372 680/360/360 669/359/359
f 668/374/374 677/376/376 449/375/375
f 677/376/376 678/372/372 450/373/373
f 667/356/356 679/378/378 677/376/376
f 677/376/376 679/378/378 680/360/360
f 32/377/377 209/379/379 679/378/378
f 209/379/379 210/358/358 680/360/360
f 682/380/380 668/374/374 142/326/326
f 682/380/380 684/357/357 667/356/356
f 141/323/323 666/384/384 681/382/382
f 681/382/382 682/380/380 448/381/381
f 665/353/353 683/386/386 681/382/382
f 681/382/382 683/386/386 684/357/357
f 31/385/385 207/387/387 683/386/386
f 207/387/387 208/355/355 684/357/357
f 686/388/388 666/384/384 141/323/323
f 686/388/388 688/354/354 665/353/353
f 664/390/390 685/393/393 445/391/391
f 685/393/393 686/388/388 446/389/389
f 664/390/390 663/350/350 687/394/394
f 685/393/393 687/394/394 688/354/354
f 30/395/395 205/396/396 687/394/394
f 205/396/396 206/352/352 688/354/354
f 444/319/319 690/397/397 664/390/390
f 692/351/351 663/350/350 664/390/390
f 662/398/398 689/401/401 443/399/399
f 689/401/401 690/397/397 444/319/319
f 661/347/347 691/402/402 689/401/401
f 691/402/402 692/351/351 690/397/397
f 29/403/403 203/404/404 691/402/402
f 203/404/404 204/349/349 692/351/351
f 694/405/405 662/398/398 139/400/400
f 696/348/348 661/347/347 662/398/398
f 138/406/406 660/409/409 693/407/407
f 693/407/407 694/405/405 442/316/316
f 659/345/345 695/410/410 693/407/407
f 695/410/410 696/348/348 694/405/405
f 28/344/344 201/411/411 695/410/410
f 201/411/411 202/346/346 696/348/348
f 440/313/313 698/412/412 660/409/409
f 700/343/343 659/345/345 660/409/409
f 658/413/413 697/415/415 439/414/414
f 439/414/414 697/415/415 698/412/412
f 657/341/341 699/417/417 697/415/415
f 697/415/415 699/417/417 700/343/343
f 657/341/341 27/1153/1141 199/416/416
f 699/417/417 199/416/416 200/418/418
f 702/419/419 658/413/413 137/311/311
f 704/342/342 657/341/341 658/413/413
f 136/421/421 656/424/424 701/422/422
f 437/423/423 701/422/422 702/419/419
f 655/339/339 703/425/425 701/422/422
f 703/425/425 704/342/342 702/419/419
f 655/339/339 26/338/338 197/426/426
f 703/425/425 197/426/426 198/340/340
f 436/307/307 706/427/427 656/424/424
f 708/337/337 655/339/339 656/424/424
f 135/305/305 654/430/430 705/428/428
f 705/428/428 706/427/427 436/307/307
f 654/430/430 653/335/335 707/431/431
f 705/428/428 707/431/431 708/337/337
f 653/335/335 25/1152/1140 195/432/432
f 707/431/431 195/432/432 196/433/433
f 710/434/434 654/430/430 135/305/305
f 710/434/434 712/336/336 653/335/335
f 147/436/436 709/440/439 433/437/437
f 433/437/437 709/440/439 710/434/434
f 148/439/3 711/441/440 709/440/439
f 711/441/440 712/336/336 710/434/434
f 2/442/2 193/1156/1144 711/441/440
f 711/441/440 193/1156/1144 194/334/334
f 430/443/441 714/445/443 652/444/442
f 716/333/333 651/332/332 652/444/442
f 650/446/444 713/448/446 429/447/445
f 713/448/446 714/445/443 430/443/441
f 649/330/330 715/449/447 713/448/446
f 715/449/447 716/333/333 714/445/443
f 143/329/329 451/368/368 715/449/447
f 715/449/447 451/368/368 452/331/331
f 718/450/448 650/446/444 133/299/299
f 720/328/328 649/330/330 650/446/444
f 648/452/450 717/454/452 427/453/451
f 717/454/452 718/450/448 428/451/449
f 647/327/327 719/455/453 717/454/452
f 719/455/453 720/328/328 718/450/448
f 647/327/327 142/326/326 449/375/375
f 449/375/375 450/373/373 720/328/328
f 426/456/454 722/457/455 648/452/450
f 722/457/455 724/325/325 647/327/327
f 646/458/456 721/461/459 425/459/457
f 721/461/459 722/457/455 426/456/454
f 646/458/456 645/324/324 723/462/460
f 723/462/460 724/325/325 722/457/455
f 645/324/324 141/323/323 447/383/383
f 447/383/383 448/381/381 724/325/325
f 424/292/292 726/463/461 646/458/456
f 728/322/322 645/324/324 646/458/456
f 644/464/462 725/466/464 423/465/463
f 725/466/464 726/463/461 424/292/292
f 644/464/462 643/320/320 727/467/465
f 727/467/465 728/322/322 726/463/461
f 140/392/392 445/391/391 727/467/465
f 445/391/391 446/389/389 728/322/322
f 730/468/466 644/464/462 130/290/290
f 732/321/321 643/320/320 644/464/462
f 642/470/468 729/472/470 421/471/469
f 729/472/470 730/468/466 422/469/467
f 642/470/468 641/317/317 731/473/471
f 731/473/471 732/321/321 730/468/466
f 139/400/400 443/399/399 731/473/471
f 443/399/399 444/319/319 732/321/321
f 734/474/472 642/470/468 129/287/287
f 736/318/318 641/317/317 642/470/468
f 640/476/474 733/479/477 419/477/475
f 419/477/475 733/479/477 734/474/472
f 640/476/474 639/314/314 735/478/476
f 733/479/477 735/478/476 736/318/318
f 639/314/314 138/406/406 441/408/408
f 441/408/408 442/316/316 736/318/318
f 738/480/478 640/476/474 128/284/284
f 740/315/315 639/314/314 640/476/474
f 638/482/480 737/484/482 417/483/481
f 737/484/482 738/480/478 418/481/479
f 638/482/480 637/312/312 739/485/483
f 739/485/483 740/315/315 738/480/478
f 137/311/311 439/414/414 739/485/483
f 439/414/414 440/313/313 740/315/315
f 742/486/484 638/482/480 127/281/281
f 744/310/310 637/312/312 638/482/480
f 636/488/486 741/492/490 415/489/487
f 415/489/487 741/492/490 742/486/484
f 636/488/486 635/308/308 743/491/489
f 743/491/489 744/310/310 742/486/484
f 136/421/421 437/423/423 743/491/489
f 437/423/423 438/420/420 744/310/310
f 414/277/277 746/493/491 636/488/486
f 746/493/491 748/309/309 635/308/308
f 634/494/492 745/497/495 413/495/493
f 745/497/495 746/493/491 414/277/277
f 634/494/492 633/306/306 747/498/496
f 745/497/495 747/498/496 748/309/309
f 633/306/306 135/305/305 435/429/429
f 435/429/429 436/307/307 748/309/309
f 750/499/497 634/494/492 125/496/494
f 752/304/304 633/306/306 634/494/492
f 191/500/498 749/503/501 411/501/499
f 749/503/501 750/499/497 412/274/274
f 191/500/498 192/505/32 751/504/502
f 751/504/502 752/304/304 750/499/497
f 192/505/32 24/438/438 433/437/437
f 751/504/502 433/437/437 434/435/435
f 754/506/503 632/508/505 124/507/504
f 754/506/503 756/301/301 631/303/303
f 630/509/506 753/512/509 407/510/507
f 407/510/507 753/512/509 754/506/503
f 629/300/300 755/513/510 753/512/509
f 753/512/509 755/513/510 756/301/301
f 133/299/299 429/447/445 755/513/510
f 429/447/445 430/443/441 756/301/301
f 758/514/511 630/509/506 123/511/508
f 758/514/511 760/298/298 629/300/300
f 628/515/512 757/517/514 405/516/513
f 405/516/513 757/517/514 758/514/511
f 627/297/297 759/518/515 757/517/514
f 759/518/515 760/298/298 758/514/511
f 132/296/296 427/453/451 759/518/515
f 427/453/451 428/451/449 760/298/298
f 404/519/516 762/520/517 628/515/512
f 762/520/517 764/295/295 627/297/297
f 121/521/518 626/524/521 761/522/519
f 761/522/519 762/520/517 404/519/516
f 626/524/521 625/293/293 763/525/522
f 763/525/522 764/295/295 762/520/517
f 131/460/458 425/459/457 763/525/522
f 425/459/457 426/456/454 764/295/295
f 766/526/523 626/524/521 121/521/518
f 768/294/294 625/293/293 626/524/521
f 120/527/524 624/530/527 765/528/525
f 765/528/525 766/526/523 402/262/262
f 624/530/527 623/291/291 767/531/528
f 767/531/528 768/294/294 766/526/523
f 130/290/290 423/465/463 767/531/528
f 423/465/463 424/292/292 768/294/294
f 770/532/529 624/530/527 120/527/524
f 770/532/529 772/289/289 623/291/291
f 622/533/530 769/536/533 399/534/531
f 769/536/533 770/532/529 400/259/259
f 621/288/288 771/537/534 769/536/533
f 771/537/534 772/289/289 770/532/529
f 129/287/287 421/471/469 771/537/534
f 421/471/469 422/469/467 772/289/289
f 774/538/535 622/533/530 119/535/532
f 776/286/286 621/288/288 622/533/530
f 118/539/536 620/542/539 773/540/537
f 397/541/538 773/540/537 774/538/535
f 619/285/285 775/543/540 773/540/537
f 773/540/537 775/543/540 776/286/286
f 128/284/284 419/477/475 775/543/540
f 775/543/540 419/477/475 420/475/473
f 778/544/541 620/542/539 118/539/536
f 780/283/283 619/285/285 620/542/539
f 618/545/542 777/548/545 395/546/543
f 395/546/543 777/548/545 778/544/541
f 617/282/282 779/549/546 777/548/545
f 779/549/546 780/283/283 778/544/541
f 617/282/282 127/281/281 417/483/481
f 417/483/481 418/481/479 780/283/283
f 394/250/250 782/550/547 618/545/542
f 784/280/280 617/282/282 618/545/542
f 616/551/548 781/553/550 393/552/549
f 393/552/549 781/553/550 782/550/547
f 615/278/278 783/554/551 781/553/550
f 783/554/551 784/280/280 782/550/547
f 126/490/488 415/489/487 783/554/551
f 783/554/551 415/489/487 416/487/485
f 786/555/552 616/551/548 116/248/248
f 788/279/279 615/278/278 616/551/548
f 115/245/245 614/559/556 785/557/554
f 785/557/554 786/555/552 392/556/553
f 613/275/275 787/560/557 785/557/554
f 787/560/557 788/279/279 786/555/552
f 125/496/494 413/495/493 787/560/557
f 413/495/493 414/277/277 788/279/279
f 390/561/558 790/562/559 614/559/556
f 792/276/276 613/275/275 614/559/556
f 22/563/560 189/566/563 789/564/561
f 789/564/561 790/562/559 390/561/558
f 189/566/563 190/568/565 791/567/564
f 789/564/561 791/567/564 792/276/276
f 190/568/565 23/502/500 411/501/499
f 791/567/564 411/501/499 412/274/274
f 794/569/566 612/571/568 114/242/242
f 796/273/273 611/272/272 612/571/568
f 113/572/569 610/575/572 793/573/570
f 385/574/571 793/573/570 794/569/566
f 610/575/572 609/269/269 795/576/573
f 793/573/570 795/576/573 796/273/273
f 123/511/508 407/510/507 795/576/573
f 407/510/507 408/271/271 796/273/273
f 384/238/238 798/577/574 610/575/572
f 798/577/574 800/270/270 609/269/269
f 112/578/575 608/581/578 797/579/576
f 797/579/576 798/577/574 384/238/238
f 608/581/578 607/267/267 799/582/579
f 799/582/579 800/270/270 798/577/574
f 122/266/266 405/516/513 799/582/579
f 405/516/513 406/268/268 800/270/270
f 802/583/580 608/581/578 112/578/575
f 802/583/580 804/265/265 607/267/267
f 111/584/581 606/587/584 801/585/582
f 801/585/582 802/583/580 382/235/235
f 606/587/584 605/263/263 803/588/585
f 803/588/585 804/265/265 802/583/580
f 605/263/263 121/521/518 403/523/520
f 403/523/520 404/519/516 804/265/265
f 380/232/232 806/589/586 606/587/584
f 808/264/264 605/263/263 606/587/584
f 110/230/230 604/592/589 805/590/587
f 379/591/588 805/590/587 806/589/586
f 603/260/260 807/593/590 805/590/587
f 805/590/587 807/593/590 808/264/264
f 120/527/524 401/529/526 807/593/590
f 401/529/526 402/262/262 808/264/264
f 378/594/591 810/595/592 604/592/589
f 812/261/261 603/260/260 604/592/589
f 602/596/593 809/599/596 377/597/594
f 809/599/596 810/595/592 378/594/591
f 602/596/593 601/257/257 811/600/597
f 809/599/596 811/600/597 812/261/261
f 601/257/257 119/535/532 399/534/531
f 811/600/597 399/534/531 400/259/259
f 814/601/598 602/596/593 109/598/595
f 816/258/258 601/257/257 602/596/593
f 600/602/599 813/605/602 375/603/600
f 813/605/602 814/601/598 376/226/226
f 599/254/254 815/606/603 813/605/602
f 815/606/603 816/258/258 814/601/598
f 599/254/254 118/539/536 397/541/538
f 815/606/603 397/541/538 398/256/256
f 374/223/223 818/607/604 600/602/599
f 818/607/604 820/255/255 599/254/254
f 598/608/605 817/611/608 373/609/606
f 817/611/608 818/607/604 374/223/223
f 597/251/251 819/612/609 817/611/608
f 819/612/609 820/255/255 818/607/604
f 117/547/544 395/546/543 819/612/609
f 395/546/543 396/253/253 820/255/255
f 822/613/610 598/608/605 107/610/607
f 824/252/252 597/251/251 598/608/605
f 596/614/611 821/616/613 371/615/612
f 821/616/613 822/613/610 372/220/220
f 595/249/249 823/617/614 821/616/613
f 823/617/614 824/252/252 822/613/610
f 116/248/248 393/552/549 823/617/614
f 393/552/549 394/250/250 824/252/252
f 826/618/615 596/614/611 106/218/218
f 826/618/615 828/247/247 595/249/249
f 594/620/617 825/622/619 369/621/618
f 825/622/619 826/618/615 370/619/616
f 594/620/617 593/246/246 827/623/620
f 825/622/619 827/623/620 828/247/247
f 115/245/245 391/558/555 827/623/620
f 827/623/620 391/558/555 392/556/553
f 368/624/621 830/625/622 594/620/617
f 830/625/622 832/244/244 593/246/246
f 21/626/623 187/630/627 829/627/624
f 367/628/625 829/627/624 830/625/622
f 188/629/626 831/631/628 829/627/624
f 831/631/628 832/244/244 830/625/622
f 22/563/560 389/565/562 831/631/628
f 389/565/562 390/561/558 832/244/244
f 834/632/629 592/634/631 104/633/630
f 836/241/241 591/243/243 592/634/631
f 103/635/632 590/638/635 833/636/633
f 833/636/633 834/632/629 364/211/211
f 590/638/635 589/239/239 835/639/636
f 833/636/633 835/639/636 836/241/241
f 589/239/239 113/572/569 385/574/571
f 835/639/636 385/574/571 386/570/567
f 838/640/637 590/638/635 103/635/632
f 838/640/637 840/240/240 589/239/239
f 588/641/638 837/644/641 361/642/639
f 837/644/641 838/640/637 362/208/208
f 587/236/236 839/645/642 837/644/641
f 839/645/642 840/240/240 838/640/637
f 587/236/236 112/578/575 383/580/577
f 383/580/577 384/238/238 840/240/240
f 842/646/643 588/641/638 102/643/640
f 844/237/237 587/236/236 588/641/638
f 586/647/644 841/650/647 359/648/645
f 359/648/645 841/650/647 842/646/643
f 585/233/233 843/651/648 841/650/647
f 841/650/647 843/651/648 844/237/237
f 585/233/233 111/584/581 381/586/583
f 843/651/648 381/586/583 382/235/235
f 846/652/649 586/647/644 101/649/646
f 848/234/234 585/233/233 586/647/644
f 100/653/650 584/656/653 845/654/651
f 845/654/651 846/652/649 358/202/202
f 583/231/231 847/657/654 845/654/651
f 847/657/654 848/234/234 846/652/649
f 110/230/230 379/591/588 847/657/654
f 379/591/588 380/232/232 848/234/234
f 850/658/655 584/656/653 100/653/650
f 852/229/229 583/231/231 584/656/653
f 99/197/197 582/661/658 849/659/656
f 355/660/657 849/659/656 850/658/655
f 581/227/227 851/662/659 849/659/656
f 851/662/659 852/229/229 850/658/655
f 109/598/595 377/597/594 851/662/659
f 377/597/594 378/594/591 852/229/229
f 354/663/660 854/664/661 582/661/658
f 856/228/228 581/227/227 582/661/658
f 580/665/662 853/669/666 353/666/663
f 353/666/663 853/669/666 854/664/661
f 580/665/662 579/224/224 855/668/665
f 855/668/665 856/228/228 854/664/661
f 108/604/601 375/603/600 855/668/665
f 375/603/600 376/226/226 856/228/228
f 352/193/193 858/670/667 580/665/662
f 858/670/667 860/225/225 579/224/224
f 578/671/668 857/674/671 351/672/669
f 857/674/671 858/670/667 352/193/193
f 577/221/221 859/675/672 857/674/671
f 859/675/672 860/225/225 858/670/667
f 107/610/607 373/609/606 859/675/672
f 373/609/606 374/223/223 860/225/225
f 862/676/673 578/671/668 97/673/670
f 862/676/673 864/222/222 577/221/221
f 576/677/674 861/680/677 349/678/675
f 861/680/677 862/676/673 350/190/190
f 575/219/219 863/681/678 861/680/677
f 863/681/678 864/222/222 862/676/673
f 106/218/218 371/615/612 863/681/678
f 371/615/612 372/220/220 864/222/222
f 866/682/679 576/677/674 96/679/676
f 868/217/217 575/219/219 576/677/674
f 574/683/680 865/686/683 347/684/681
f 865/686/683 866/682/679 348/187/187
f 573/216/216 867/687/684 865/686/683
f 867/687/684 868/217/217 866/682/679
f 105/215/215 369/621/618 867/687/684
f 867/687/684 369/621/618 370/619/616
f 870/688/685 574/683/680 95/685/682
f 872/214/214 573/216/216 574/683/680
f 185/689/686 869/692/688 345/690/687
f 869/692/688 870/688/685 346/184/184
f 186/693/689 871/694/690 869/692/688
f 869/692/688 871/694/690 872/214/214
f 186/693/689 21/626/623 367/628/625
f 871/694/690 367/628/625 368/624/621
f 874/695/691 572/697/693 94/696/692
f 874/695/691 876/213/213 571/212/212
f 570/698/694 873/701/697 341/699/695
f 873/701/697 874/695/691 342/181/181
f 569/209/209 875/702/698 873/701/697
f 873/701/697 875/702/698 876/213/213
f 103/635/632 363/637/634 875/702/698
f 875/702/698 363/637/634 364/211/211
f 878/703/699 570/698/694 93/700/696
f 880/210/210 569/209/209 570/698/694
f 568/704/700 877/707/703 339/705/701
f 339/705/701 877/707/703 878/703/699
f 568/704/700 567/206/206 879/706/702
f 877/707/703 879/706/702 880/210/210
f 102/643/640 361/642/639 879/706/702
f 361/642/639 362/208/208 880/210/210
f 338/708/704 882/709/705 568/704/700
f 884/207/207 567/206/206 568/704/700
f 91/710/706 566/713/709 881/711/707
f 881/711/707 882/709/705 338/708/704
f 565/203/203 883/714/710 881/711/707
f 883/714/710 884/207/207 882/709/705
f 101/649/646 359/648/645 883/714/710
f 359/648/645 360/205/205 884/207/207
f 886/715/711 566/713/709 91/710/706
f 888/204/204 565/203/203 566/713/709
f 564/716/712 885/719/715 335/717/713
f 885/719/715 886/715/711 336/172/172
f 563/200/200 887/720/716 885/719/715
f 885/719/715 887/720/716 888/204/204
f 100/653/650 357/655/652 887/720/716
f 357/655/652 358/202/202 888/204/204
f 890/721/717 564/716/712 90/718/714
f 892/201/201 563/200/200 564/716/712
f 562/722/718 889/724/720 333/723/719
f 889/724/720 890/721/717 334/169/169
f 561/198/198 891/725/721 889/724/720
f 891/725/721 892/201/201 890/721/717
f 99/197/197 355/660/657 891/725/721
f 891/725/721 355/660/657 356/199/199
f 332/726/722 894/727/723 562/722/718
f 896/196/196 561/198/198 562/722/718
f 560/728/724 893/732/728 331/729/725
f 331/729/725 893/732/728 894/727/723
f 560/728/724 559/194/194 895/731/727
f 895/731/727 896/196/196 894/727/723
f 98/667/664 353/666/663 895/731/727
f 353/666/663 354/663/660 896/196/196
f 898/733/729 560/728/724 88/730/726
f 898/733/729 900/195/195 559/194/194
f 87/734/730 558/737/733 897/735/731
f 897/735/731 898/733/729 330/163/163
f 557/191/191 899/738/734 897/735/731
f 897/735/731 899/738/734 900/195/195
f 97/673/670 351/672/669 899/738/734
f 351/672/669 352/193/193 900/195/195
f 902/739/735 558/737/733 87/734/730
f 902/739/735 904/192/192 557/191/191
f 556/740/736 901/742/738 327/741/737
f 901/742/738 902/739/735 328/160/160
f 556/740/736 555/188/188 903/743/739
f 901/742/738 903/743/739 904/192/192
f 96/679/676 349/678/675 903/743/739
f 349/678/675 350/190/190 904/192/192
f 906/744/740 556/740/736 86/158/158
f 906/744/740 908/189/189 555/188/188
f 554/746/742 905/749/745 325/747/743
f 905/749/745 906/744/740 326/745/741
f 554/746/742 553/185/185 907/750/746
f 905/749/745 907/750/746 908/189/189
f 95/685/682 347/684/681 907/750/746
f 347/684/681 348/187/187 908/189/189
f 910/751/747 554/746/742 85/748/744
f 910/751/747 912/186/186 553/185/185
f 19/752/748 183/755/21 909/753/749
f 909/753/749 910/751/747 324/154/154
f 183/755/21 184/757/438 911/756/751
f 909/753/749 911/756/751 912/186/186
f 20/691/20 345/690/687 911/756/751
f 345/690/687 346/184/184 912/186/186
f 914/758/752 552/760/754 84/759/753
f 914/758/752 916/183/183 551/182/182
f 550/761/755 913/764/758 319/762/756
f 913/764/758 914/758/752 320/151/151
f 549/179/179 915/765/759 913/764/758
f 915/765/759 916/183/183 914/758/752
f 93/700/696 341/699/695 915/765/759
f 915/765/759 341/699/695 342/181/181
f 918/766/760 550/761/755 83/763/757
f 920/180/180 549/179/179 550/761/755
f 548/767/761 917/770/764 317/768/762
f 917/770/764 918/766/760 318/148/148
f 548/767/761 547/177/177 919/771/765
f 917/770/764 919/771/765 920/180/180
f 92/176/176 339/705/701 919/771/765
f 919/771/765 339/705/701 340/178/178
f 922/772/766 548/767/761 82/769/763
f 924/175/175 547/177/177 548/767/761
f 546/773/767 921/776/770 315/774/768
f 921/776/770 922/772/766 316/145/145
f 545/173/173 923/777/771 921/776/770
f 923/777/771 924/175/175 922/772/766
f 91/710/706 337/712/708 923/777/771
f 337/712/708 338/708/704 924/175/175
f 926/778/772 546/773/767 81/775/769
f 928/174/174 545/173/173 546/773/767
f 80/779/773 544/782/776 925/780/774
f 925/780/774 926/778/772 314/142/142
f 543/170/170 927/783/777 925/780/774
f 927/783/777 928/174/174 926/778/772
f 90/718/714 335/717/713 927/783/777
f 335/717/713 336/172/172 928/174/174
f 930/784/778 544/782/776 80/779/773
f 932/171/171 543/170/170 544/782/776
f 542/785/779 929/788/782 311/786/780
f 311/786/780 929/788/782 930/784/778
f 541/168/168 931/789/783 929/788/782
f 931/789/783 932/171/171 930/784/778
f 89/167/167 333/723/719 931/789/783
f 333/723/719 334/169/169 932/171/171
f 310/136/136 934/790/784 542/785/779
f 934/790/784 936/166/166 541/168/168
f 540/791/785 933/794/788 309/792/786
f 933/794/788 934/790/784 310/136/136
f 539/164/164 935/795/789 933/794/788
f 935/795/789 936/166/166 934/790/784
f 539/164/164 88/730/726 331/729/725
f 331/729/725 332/726/722 936/166/166
f 938/796/790 540/791/785 78/793/787
f 940/165/165 539/164/164 540/791/785
f 77/131/131 538/799/793 937/797/791
f 937/797/791 938/796/790 308/133/133
f 538/799/793 537/161/161 939/800/794
f 939/800/794 940/165/165 938/796/790
f 87/734/730 329/736/732 939/800/794
f 329/736/732 330/163/163 940/165/165
f 306/801/795 942/802/796 538/799/793
f 944/162/162 537/161/161 538/799/793
f 536/803/797 941/806/800 305/804/798
f 305/804/798 941/806/800 942/802/796
f 536/803/797 535/159/159 943/805/799
f 941/806/800 943/805/799 944/162/162
f 535/159/159 86/158/158 327/741/737
f 327/741/737 328/160/160 944/162/162
f 946/807/801 536/803/797 76/128/128
f 946/807/801 948/157/157 535/159/159
f 534/809/803 945/811/805 303/810/804
f 945/811/805 946/807/801 304/808/802
f 534/809/803 533/155/155 947/812/806
f 947/812/806 948/157/157 946/807/801
f 533/155/155 85/748/744 325/747/743
f 947/812/806 325/747/743 326/745/741
f 950/813/807 534/809/803 75/125/125
f 950/813/807 952/156/156 533/155/155
f 18/815/809 181/819/438 949/816/810
f 301/817/811 949/816/810 950/813/807
f 182/818/18 951/820/812 949/816/810
f 951/820/812 952/156/156 950/813/807
f 19/752/748 323/754/750 951/820/812
f 951/820/812 323/754/750 324/154/154
f 954/821/813 532/823/815 74/822/814
f 956/153/153 531/152/152 532/823/815
f 73/119/119 530/826/818 953/824/816
f 297/825/817 953/824/816 954/821/813
f 529/149/149 955/827/819 953/824/816
f 953/824/816 955/827/819 956/153/153
f 83/763/757 319/762/756 955/827/819
f 955/827/819 319/762/756 320/151/151
f 296/828/820 958/829/821 530/826/818
f 958/829/821 960/150/150 529/149/149
f 528/830/822 957/833/825 295/831/823
f 957/833/825 958/829/821 296/828/820
f 527/146/146 959/834/826 957/833/825
f 959/834/826 960/150/150 958/829/821
f 82/769/763 317/768/762 959/834/826
f 317/768/762 318/148/148 960/150/150
f 962/835/827 528/830/822 72/832/824
f 962/835/827 964/147/147 527/146/146
f 526/836/828 961/838/830 293/837/829
f 293/837/829 961/838/830 962/835/827
f 525/143/143 963/839/831 961/838/830
f 963/839/831 964/147/147 962/835/827
f 81/775/769 315/774/768 963/839/831
f 315/774/768 316/145/145 964/147/147
f 292/840/832 966/841/833 526/836/828
f 966/841/833 968/144/144 525/143/143
f 524/842/834 965/845/837 291/843/835
f 965/845/837 966/841/833 292/840/832
f 524/842/834 523/140/140 967/846/838
f 967/846/838 968/144/144 966/841/833
f 80/779/773 313/781/775 967/846/838
f 313/781/775 314/142/142 968/144/144
f 290/109/109 970/847/839 524/842/834
f 972/141/141 523/140/140 524/842/834
f 522/848/840 969/850/842 289/849/841
f 969/850/842 970/847/839 290/109/109
f 522/848/840 521/137/137 971/851/843
f 971/851/843 972/141/141 970/847/839
f 521/137/137 79/787/781 311/786/780
f 971/851/843 311/786/780 312/139/139
f 288/852/844 974/853/845 522/848/840
f 976/138/138 521/137/137 522/848/840
f 520/854/846 973/856/848 287/855/847
f 973/856/848 974/853/845 288/852/844
f 520/854/846 519/134/134 975/857/849
f 975/857/849 976/138/138 974/853/845
f 519/134/134 78/793/787 309/792/786
f 975/857/849 309/792/786 310/136/136
f 978/858/850 520/854/846 68/104/104
f 980/135/135 519/134/134 520/854/846
f 518/860/852 977/863/855 285/861/853
f 285/861/853 977/863/855 978/858/850
f 517/132/132 979/864/856 977/863/855
f 979/864/856 980/135/135 978/858/850
f 517/132/132 77/131/131 307/798/792
f 979/864/856 307/798/792 308/133/133
f 284/100/100 982/865/857 518/860/852
f 984/130/130 517/132/132 518/860/852
f 66/98/98 516/868/860 981/866/858
f 981/866/858 982/865/857 284/100/100
f 515/129/129 983/869/861 981/866/858
f 981/866/858 983/869/861 984/130/130
f 76/128/128 305/804/798 983/869/861
f 305/804/798 306/801/795 984/130/130
f 986/870/862 516/868/860 66/98/98
f 986/870/862 988/127/127 515/129/129
f 65/872/864 514/875/867 985/873/865
f 281/874/866 985/873/865 986/870/862
f 513/126/126 987/876/868 985/873/865
f 987/876/868 988/127/127 986/870/862
f 513/126/126 75/125/125 303/810/804
f 303/810/804 304/808/802 988/127/127
f 990/877/869 514/875/867 65/872/864
f 992/124/124 513/126/126 514/875/867
f 179/878/870 989/881/873 279/879/871
f 989/881/873 990/877/869 280/94/94
f 180/882/874 991/883/875 989/881/873
f 991/883/875 992/124/124 990/877/869
f 180/882/874 18/815/809 301/817/811
f 991/883/875 301/817/811 302/814/808
f 994/884/876 512/886/878 64/885/877
f 996/123/123 511/122/122 512/886/878
f 63/89/89 510/889/881 993/887/879
f 993/887/879 994/884/876 276/91/91
f 510/889/881 509/120/120 995/890/882
f 995/890/882 996/123/123 994/884/876
f 509/120/120 73/119/119 297/825/817
f 297/825/817 298/121/121 996/123/123
f 274/891/883 998/892/884 510/889/881
f 1000/118/118 509/120/120 510/889/881
f 62/893/885 508/896/888 997/894/886
f 273/895/887 997/894/886 998/892/884
f 508/896/888 507/116/116 999/897/889
f 999/897/889 1000/118/118 998/892/884
f 72/832/824 295/831/823 999/897/889
f 295/831/823 296/828/820 1000/118/118
f 1002/898/890 508/896/888 62/893/885
f 1004/117/117 507/116/116 508/896/888
f 61/899/891 506/902/894 1001/900/892
f 271/901/893 1001/900/892 1002/898/890
f 505/114/114 1003/903/895 1001/900/892
f 1001/900/892 1003/903/895 1004/117/117
f 71/113/113 293/837/829 1003/903/895
f 1003/903/895 293/837/829 294/115/115
f 1006/904/896 506/902/894 61/899/891
f 1008/112/112 505/114/114 506/902/894
f 60/905/897 504/908/900 1005/906/898
f 1005/906/898 1006/904/896 270/82/82
f 503/110/110 1007/909/901 1005/906/898
f 1005/906/898 1007/909/901 1008/112/112
f 70/844/836 291/843/835 1007/909/901
f 1007/909/901 291/843/835 292/840/832
f 268/79/79 1010/910/902 504/908/900
f 1012/111/111 503/110/110 504/908/900
f 59/911/903 502/914/906 1009/912/904
f 267/913/905 1009/912/904 1010/910/902
f 502/914/906 501/108/108 1011/915/907
f 1009/912/904 1011/915/907 1012/111/111
f 69/107/107 289/849/841 1011/915/907
f 289/849/841 290/109/109 1012/111/111
f 1014/916/908 502/914/906 59/911/903
f 1014/916/908 1016/106/106 501/108/108
f 58/917/909 500/920/912 1013/918/910
f 1013/918/910 1014/916/908 266/76/76
f 500/920/912 499/105/105 1015/921/913
f 1015/921/913 1016/106/106 1014/916/908
f 68/104/104 287/855/847 1015/921/913
f 287/855/847 288/852/844 1016/106/106
f 1018/922/914 500/920/912 58/917/909
f 1020/103/103 499/105/105 500/920/912
f 498/923/915 1017/925/917 263/924/916
f 263/924/916 1017/925/917 1018/922/914
f 497/101/101 1019/926/918 1017/925/917
f 1019/926/918 1020/103/103 1018/922/914
f 67/862/854 285/861/853 1019/926/918
f 285/861/853 286/859/851 1020/103/103
f 1022/927/919 498/923/915 57/71/71
f 1024/102/102 497/101/101 498/923/915
f 496/929/921 1021/932/924 261/930/922
f 1021/932/924 1022/927/919 262/928/920
f 496/929/921 495/99/99 1023/933/925
f 1023/933/925 1024/102/102 1022/927/919
f 495/99/99 66/98/98 283/867/859
f 283/867/859 284/100/100 1024/102/102
f 1026/934/926 496/929/921 56/931/923
f 1028/97/97 495/99/99 496/929/921
f 55/65/65 494/937/929 1025/935/927
f 259/936/928 1025/935/927 1026/934/926
f 493/95/95 1027/938/930 1025/935/927
f 1025/935/927 1027/938/930 1028/97/97
f 65/872/864 281/874/866 1027/938/930
f 1027/938/930 281/874/866 282/871/863
f 258/939/931 1030/940/932 494/937/929
f 1032/96/96 493/95/95 494/937/929
f 177/941/933 1029/944/936 257/942/934
f 1029/944/936 1030/940/932 258/939/931
f 177/941/933 178/946/938 1031/945/937
f 1031/945/937 1032/96/96 1030/940/932
f 178/946/938 17/880/872 279/879/871
f 279/879/871 280/94/94 1032/96/96
f 254/61/61 1034/949/941 492/947/939
f 1034/949/941 1036/93/93 491/92/92
f 53/59/59 490/952/944 1033/950/942
f 1033/950/942 1034/949/941 254/61/61
f 490/952/944 489/90/90 1035/953/945
f 1033/950/942 1035/953/945 1036/93/93
f 489/90/90 63/89/89 275/888/880
f 1035/953/945 275/888/880 276/91/91
f 1038/954/946 490/952/944 53/59/59
f 1040/88/88 489/90/90 490/952/944
f 488/956/948 1037/960/952 251/957/949
f 251/957/949 1037/960/952 1038/954/946
f 488/956/948 487/86/86 1039/959/951
f 1039/959/951 1040/88/88 1038/954/946
f 487/86/86 62/893/885 273/895/887
f 1039/959/951 273/895/887 274/891/883
f 1042/961/953 488/956/948 52/958/950
f 1044/87/87 487/86/86 488/956/948
f 486/962/954 1041/964/956 249/963/955
f 1041/964/956 1042/961/953 250/55/55
f 485/83/83 1043/965/957 1041/964/956
f 1043/965/957 1044/87/87 1042/961/953
f 485/83/83 61/899/891 271/901/893
f 1043/965/957 271/901/893 272/85/85
f 1046/966/958 486/962/954 51/53/53
f 1048/84/84 485/83/83 486/962/954
f 50/968/960 484/971/963 1045/969/961
f 1045/969/961 1046/966/958 248/967/959
f 483/80/80 1047/972/964 1045/969/961
f 1047/972/964 1048/84/84 1046/966/958
f 483/80/80 60/905/897 269/907/899
f 1047/972/964 269/907/899 270/82/82
f 1050/973/965 484/971/963 50/968/960
f 1050/973/965 1052/81/81 483/80/80
f 49/974/966 482/977/969 1049/975/967
f 1049/975/967 1050/973/965 246/49/49
f 482/977/969 481/77/77 1051/978/970
f 1049/975/967 1051/978/970 1052/81/81
f 481/77/77 59/911/903 267/913/905
f 267/913/905 268/79/79 1052/81/81
f 1054/979/971 482/977/969 49/974/966
f 1054/979/971 1056/78/78 481/77/77
f 480/980/972 1053/983/975 243/981/973
f 1053/983/975 1054/979/971 244/46/46
f 479/74/74 1055/984/976 1053/983/975
f 1055/984/976 1056/78/78 1054/979/971
f 58/917/909 265/919/911 1055/984/976
f 265/919/911 266/76/76 1056/78/78
f 242/43/43 1058/985/977 480/980/972
f 1060/75/75 479/74/74 480/980/972
f 47/986/978 478/989/981 1057/987/979
f 241/988/980 1057/987/979 1058/985/977
f 477/72/72 1059/990/982 1057/987/979
f 1057/987/979 1059/990/982 1060/75/75
f 57/71/71 263/924/916 1059/990/982
f 1059/990/982 263/924/916 264/73/73
f 1062/991/983 478/989/981 47/986/978
f 1062/991/983 1064/70/70 477/72/72
f 476/992/984 1061/995/987 239/993/985
f 239/993/985 1061/995/987 1062/991/983
f 475/68/68 1063/996/988 1061/995/987
f 1061/995/987 1063/996/988 1064/70/70
f 475/68/68 56/931/923 261/930/922
f 261/930/922 262/928/920 1064/70/70
f 238/37/37 1066/997/989 476/992/984
f 1068/69/69 475/68/68 476/992/984
f 474/998/990 1065/1000/992 237/999/991
f 237/999/991 1065/1000/992 1066/997/989
f 473/66/66 1067/1001/993 1065/1000/992
f 1067/1001/993 1068/69/69 1066/997/989
f 55/65/65 259/936/928 1067/1001/993
f 259/936/928 260/67/67 1068/69/69
f 1070/1002/994 474/998/990 45/35/35
f 1070/1002/994 1072/64/64 473/66/66
f 15/1004/996 175/1007/999 1069/1005/997
f 1069/1005/997 1070/1002/994 236/1003/995
f 175/1007/999 176/1009/1001 1071/1008/1000
f 1069/1005/997 1071/1008/1000 1072/64/64
f 176/1009/1001 16/943/935 257/942/934
f 1071/1008/1000 257/942/934 258/939/931
f 1074/1010/1002 472/1013/1005 5/1011/1003
f 1074/1010/1002 1076/63/63 471/62/62
f 6/1014/1006 470/1017/1009 1073/1015/1007
f 156/1016/1008 1073/1015/1007 1074/1010/1002
f 470/1017/1009 469/60/60 1075/1018/1010
f 1073/1015/1007 1075/1018/1010 1076/63/63
f 469/60/60 53/59/59 253/951/943
f 253/951/943 254/61/61 1076/63/63
f 157/1019/1011 1078/1020/1012 470/1017/1009
f 1080/58/58 469/60/60 470/1017/1009
f 468/1021/1013 1077/1024/1016 158/1022/1014
f 1077/1024/1016 1078/1020/1012 157/1019/1011
f 468/1021/1013 467/56/56 1079/1025/1017
f 1079/1025/1017 1080/58/58 1078/1020/1012
f 52/958/950 251/957/949 1079/1025/1017
f 1079/1025/1017 251/957/949 252/955/947
f 1082/1026/1018 468/1021/1013 7/1023/1015
f 1084/57/57 467/56/56 468/1021/1013
f 466/1028/1020 1081/1031/1023 160/1029/1021
f 1081/1031/1023 1082/1026/1018 159/1027/1019
f 465/54/54 1083/1032/1024 1081/1031/1023
f 1083/1032/1024 1084/57/57 1082/1026/1018
f 51/53/53 249/963/955 1083/1032/1024
f 1083/1032/1024 249/963/955 250/55/55
f 1086/1033/1025 466/1028/1020 8/1030/1022
f 1088/52/52 465/54/54 466/1028/1020
f 464/1035/1027 1085/1038/1030 162/1036/1028
f 1085/1038/1030 1086/1033/1025 161/1034/1026
f 463/50/50 1087/1039/1031 1085/1038/1030
f 1087/1039/1031 1088/52/52 1086/1033/1025
f 463/50/50 50/968/960 247/970/962
f 1087/1039/1031 247/970/962 248/967/959
f 1090/1040/1032 464/1035/1027 9/1037/1029
f 1092/51/51 463/50/50 464/1035/1027
f 462/1042/1034 1089/1045/1037 164/1043/1035
f 1089/1045/1037 1090/1040/1032 163/1041/1033
f 461/47/47 1091/1046/1038 1089/1045/1037
f 1091/1046/1038 1092/51/51 1090/1040/1032
f 461/47/47 49/974/966 245/976/968
f 245/976/968 246/49/49 1092/51/51
f 1094/1047/1039 462/1042/1034 10/1044/1036
f 1096/48/48 461/47/47 462/1042/1034
f 460/1049/1041 1093/1052/1044 166/1050/1042
f 1093/1052/1044 1094/1047/1039 165/1048/1040
f 459/44/44 1095/1053/1045 1093/1052/1044
f 1095/1053/1045 1096/48/48 1094/1047/1039
f 48/982/974 243/981/973 1095/1053/1045
f 243/981/973 244/46/46 1096/48/48
f 1098/1054/1046 460/1049/1041 11/1051/1043
f 1098/1054/1046 1100/45/45 459/44/44
f 458/1056/1048 1097/1059/1051 168/1057/1049
f 1097/1059/1051 1098/1054/1046 167/1055/1047
f 457/41/41 1099/1060/1052 1097/1059/1051
f 1097/1059/1051 1099/1060/1052 1100/45/45
f 457/41/41 47/986/978 241/988/980
f 241/988/980 242/43/43 1100/45/45
f 1102/1061/1053 458/1056/1048 12/1058/1050
f 1104/42/42 457/41/41 458/1056/1048
f 456/1063/1055 1101/1066/1058 170/1064/1056
f 1101/1066/1058 1102/1061/1053 169/1062/1054
f 456/1063/1055 455/38/38 1103/1067/1059
f 1101/1066/1058 1103/1067/1059 1104/42/42
f 46/994/986 239/993/985 1103/1067/1059
f 239/993/985 240/40/40 1104/42/42
f 1106/1068/1060 456/1063/1055 13/1065/1057
f 1106/1068/1060 1108/39/39 455/38/38
f 454/1070/1062 1105/1073/1065 172/1071/1063
f 1105/1073/1065 1106/1068/1060 171/1069/1061
f 453/36/36 1107/1074/1066 1105/1073/1065
f 1107/1074/1066 1108/39/39 1106/1068/1060
f 45/35/35 237/999/991 1107/1074/1066
f 237/999/991 238/37/37 1108/39/39
f 1110/1075/1067 454/1070/1062 14/1072/1064
f 1112/34/34 453/36/36 454/1070/1062
f 173/1077/1069 1109/1080/1072 146/1078/1070
f 1109/1080/1072 1110/1075/1067 145/1076/1068
f 174/1081/6 1111/1082/1073 1109/1080/1072
f 1109/1080/1072 1111/1082/1073 1112/34/34
f 15/1004/996 235/1006/998 1111/1082/1073
f 235/1006/998 236/1003/995 1112/34/34
f 410/1083/1074 1114/1085/1076 216/1084/1075
f 1114/1085/1076 1116/31/31 215/33/33
f 134/302/302 652/444/442 1113/1086/1077
f 1113/1086/1077 1114/1085/1076 410/1083/1074
f 652/444/442 651/332/332 1115/1088/1079
f 1115/1088/1079 1116/31/31 1114/1085/1076
f 651/332/332 144/365/365 431/1089/1080
f 1115/1088/1079 431/1089/1080 432/1090/1081
f 388/1091/1082 1118/1093/1084 218/1092/1083
f 1118/1093/1084 1120/28/28 217/30/30
f 632/508/505 1117/1095/1086 387/1094/1085
f 1117/1095/1086 1118/1093/1084 388/1091/1082
f 631/303/303 1119/1096/1087 1117/1095/1086
f 1117/1095/1086 1119/1096/1087 1120/28/28
f 134/302/302 409/1087/1078 1119/1096/1087
f 1119/1096/1087 409/1087/1078 410/1083/1074
f 366/1097/1088 1122/1099/1090 220/1098/1089
f 1122/1099/1090 1124/25/25 219/27/27
f 114/242/242 612/571/568 1121/1100/1091
f 365/1101/1092 1121/1100/1091 1122/1099/1090
f 611/272/272 1123/1102/1093 1121/1100/1091
f 1123/1102/1093 1124/25/25 1122/1099/1090
f 124/507/504 387/1094/1085 1123/1102/1093
f 387/1094/1085 388/1091/1082 1124/25/25
f 344/1103/1094 1126/1105/1095 222/1104/686
f 1126/1105/1095 1128/22/22 221/24/24
f 592/634/631 1125/1108/1098 343/1106/1096
f 343/1106/1096 1125/1108/1098 1126/1105/1095
f 592/634/631 591/243/243 1127/1107/1097
f 1125/1108/1098 1127/1107/1097 1128/22/22
f 114/242/242 365/1101/1092 1127/1107/1097
f 365/1101/1092 366/1097/1088 1128/22/22
f 322/1109/1099 1130/1111/1101 224/1110/1100
f 1130/1111/1101 1132/19/19 223/21/21
f 572/697/693 1129/1113/1103 321/1112/1102
f 1129/1113/1103 1130/1111/1101 322/1109/1099
f 572/697/693 571/212/212 1131/1114/1104
f 1129/1113/1103 1131/1114/1104 1132/19/19
f 104/633/630 343/1106/1096 1131/1114/1104
f 343/1106/1096 344/1103/1094 1132/19/19
f 300/1115/1105 1134/1117/1106 226/1116/809
f 1134/1117/1106 1136/16/16 225/18/18
f 552/760/754 1133/1119/1108 299/1118/1107
f 299/1118/1107 1133/1119/1108 1134/1117/1106
f 551/182/182 1135/1120/1109 1133/1119/1108
f 1135/1120/1109 1136/16/16 1134/1117/1106
f 551/182/182 94/696/692 321/1112/1102
f 321/1112/1102 322/1109/1099 1136/16/16
f 278/1121/1110 1138/1123/1112 228/1122/1111
f 1138/1123/1112 1140/13/13 227/15/15
f 74/822/814 532/823/815 1137/1124/1113
f 277/1125/1114 1137/1124/1113 1138/1123/1112
f 532/823/815 531/152/152 1139/1126/1115
f 1139/1126/1115 1140/13/13 1138/1123/1112
f 531/152/152 84/759/753 299/1118/1107
f 299/1118/1107 300/1115/1105 1140/13/13
f 256/1127/1116 1142/1129/1118 230/1128/1117
f 1142/1129/1118 1144/10/10 229/12/12
f 64/885/877 512/886/878 1141/1130/1119
f 1141/1130/1119 1142/1129/1118 256/1127/1116
f 512/886/878 511/122/122 1143/1132/1121
f 1143/1132/1121 1144/10/10 1142/1129/1118
f 511/122/122 74/822/814 277/1125/1114
f 277/1125/1114 278/1121/1110 1144/10/10
f 234/1133/1122 1146/1135/1124 232/1134/1123
f 1146/1135/1124 1148/7/7 231/9/9
f 492/947/939 1145/1137/1126 233/1136/1125
f 1145/1137/1126 1146/1135/1124 234/1133/1122
f 491/92/92 1147/1138/1127 1145/1137/1126
f 1145/1137/1126 1147/1138/1127 1148/7/7
f 64/885/877 255/1131/1120 1147/1138/1127
f 1147/1138/1127 255/1131/1120 256/1127/1116
f 153/1139/1128 1150/1142/1131 152/1140/1129
f 1150/1142/1131 1152/4/4 151/6/6
f 472/1013/1005 1149/1144/1133 154/1143/1132
f 1149/1144/1133 1150/1142/1131 153/1139/1128
f 472/1013/1005 471/62/62 1151/1145/1134
f 1149/1144/1133 1151/1145/1134 1152/4/4
f 471/62/62 54/948/940 233/1136/1125
f 1151/1145/1134 233/1136/1125 234/1133/1122
f 432/1090/1081 1154/1147/1135 214/1146/436
f 1154/1147/1135 1156/1/1 213/3/3
f 672/366/366 1153/1148/1136 431/1089/1080
f 1153/1148/1136 1154/1147/1135 432/1090/1081
f 671/363/363 1155/1149/1137 1153/1148/1136
f 1155/1149/1137 1156/1/1 1154/1147/1135
f 34/362/362 149/1150/1138 1155/1149/1137
f 149/1150/1138 150/1151/1139 1156/1/1
