# Blender v3.6.5 OBJ File: 'tomato_crate.blend'
# www.blender.org
mtllib tomato_crate.mtl
o Cube
v 1.154347 -0.998151 1.000412
v 1.154347 -0.457675 1.000412
v 1.154347 -0.998151 1.154137
v 1.154347 -0.457675 1.154137
v -1.154347 -0.998151 1.000412
v -1.154347 -0.457675 1.000412
v -1.154347 -0.998151 1.154137
v -1.154347 -0.457675 1.154137
vt 0.875000 0.500000
vt 0.625000 0.500000
vt 0.625000 0.750000
vt 0.375000 0.750000
vt 0.375000 1.000000
vt 0.625000 0.000000
vt 0.375000 0.000000
vt 0.375000 0.250000
vt 0.375000 0.500000
vt 0.125000 0.500000
vt 0.125000 0.750000
vt 0.625000 0.250000
vt 0.875000 0.750000
vt 0.625000 1.000000
vn 0.0000 -1.0000 0.0000
vn 0.0000 0.0000 1.0000
vn -1.0000 0.0000 0.0000
vn 0.0000 1.0000 0.0000
vn 1.0000 0.0000 0.0000
vn 0.0000 0.0000 -1.0000
usemtl Material
s off
f 5/1/1 1/2/1 3/3/1
f 3/3/2 4/4/2 8/5/2
f 7/6/3 8/7/3 6/8/3
f 2/9/4 6/10/4 8/11/4
f 1/2/5 2/9/5 4/4/5
f 5/12/6 6/8/6 2/9/6
f 5/1/1 3/3/1 7/13/1
f 3/3/2 8/5/2 7/14/2
f 7/6/3 6/8/3 5/12/3
f 2/9/4 8/11/4 4/4/4
f 1/2/5 4/4/5 3/3/5
f 5/12/6 2/9/6 1/2/6
o Cube.002
v 1.154347 -0.326263 1.000412
v 1.154347 0.214213 1.000412
v 1.154347 -0.326263 1.154137
v 1.154347 0.214213 1.154137
v -1.154347 -0.326263 1.000412
v -1.154347 0.214213 1.000412
v -1.154347 -0.326263 1.154137
v -1.154347 0.214213 1.154137
vt 0.875000 0.500000
vt 0.625000 0.500000
vt 0.625000 0.750000
vt 0.375000 0.750000
vt 0.375000 1.000000
vt 0.625000 0.000000
vt 0.375000 0.000000
vt 0.375000 0.250000
vt 0.375000 0.500000
vt 0.125000 0.500000
vt 0.125000 0.750000
vt 0.625000 0.250000
vt 0.875000 0.750000
vt 0.625000 1.000000
vn 0.0000 -1.0000 0.0000
vn 0.0000 0.0000 1.0000
vn -1.0000 0.0000 0.0000
vn 0.0000 1.0000 0.0000
vn 1.0000 0.0000 0.0000
vn 0.0000 0.0000 -1.0000
usemtl Material
s off
f 13/15/7 9/16/7 11/17/7
f 11/17/8 12/18/8 16/19/8
f 15/20/9 16/21/9 14/22/9
f 10/23/10 14/24/10 16/25/10
f 9/16/11 10/23/11 12/18/11
f 13/26/12 14/22/12 10/23/12
f 13/15/7 11/17/7 15/27/7
f 11/17/8 16/19/8 15/28/8
f 15/20/9 14/22/9 13/26/9
f 10/23/10 16/25/10 12/18/10
f 9/16/11 12/18/11 11/17/11
f 13/26/12 10/23/12 9/16/12
o Cube.003
v 1.154347 -0.998151 -1.152803
v 1.154347 -0.457675 -1.152803
v 1.154347 -0.998151 -0.999077
v 1.154347 -0.457675 -0.999077
v -1.154347 -0.998151 -1.152803
v -1.154347 -0.457675 -1.152803
v -1.154347 -0.998151 -0.999077
v -1.154347 -0.457675 -0.999077
vt 0.875000 0.500000
vt 0.625000 0.500000
vt 0.625000 0.750000
vt 0.375000 0.750000
vt 0.375000 1.000000
vt 0.625000 0.000000
vt 0.375000 0.000000
vt 0.375000 0.250000
vt 0.375000 0.500000
vt 0.125000 0.500000
vt 0.125000 0.750000
vt 0.625000 0.250000
vt 0.875000 0.750000
vt 0.625000 1.000000
vn 0.0000 -1.0000 0.0000
vn 0.0000 0.0000 1.0000
vn -1.0000 0.0000 0.0000
vn 0.0000 1.0000 0.0000
vn 1.0000 0.0000 0.0000
vn 0.0000 0.0000 -1.0000
usemtl Material
s off
f 21/29/13 17/30/13 19/31/13
f 19/31/14 20/32/14 24/33/14
f 23/34/15 24/35/15 22/36/15
f 18/37/16 22/38/16 24/39/16
f 17/30/17 18/37/17 20/32/17
f 21/40/18 22/36/18 18/37/18
f 21/29/13 19/31/13 23/41/13
f 19/31/14 24/33/14 23/42/14
f 23/34/15 22/36/15 21/40/15
f 18/37/16 24/39/16 20/32/16
f 17/30/17 20/32/17 19/31/17
f 21/40/18 18/37/18 17/30/18
o Cube.004
v 1.154347 -0.326263 -1.152803
v 1.154347 0.214213 -1.152803
v 1.154347 -0.326263 -0.999077
v 1.154347 0.214213 -0.999077
v -1.154347 -0.326263 -1.152803
v -1.154347 0.214213 -1.152803
v -1.154347 -0.326263 -0.999077
v -1.154347 0.214213 -0.999077
vt 0.875000 0.500000
vt 0.625000 0.500000
vt 0.625000 0.750000
vt 0.375000 0.750000
vt 0.375000 1.000000
vt 0.625000 0.000000
vt 0.375000 0.000000
vt 0.375000 0.250000
vt 0.375000 0.500000
vt 0.125000 0.500000
vt 0.125000 0.750000
vt 0.625000 0.250000
vt 0.875000 0.750000
vt 0.625000 1.000000
vn 0.0000 -1.0000 0.0000
vn 0.0000 0.0000 1.0000
vn -1.0000 0.0000 0.0000
vn 0.0000 1.0000 0.0000
vn 1.0000 0.0000 0.0000
vn 0.0000 0.0000 -1.0000
usemtl Material
s off
f 29/43/19 25/44/19 27/45/19
f 27/45/20 28/46/20 32/47/20
f 31/48/21 32/49/21 30/50/21
f 26/51/22 30/52/22 32/53/22
f 25/44/23 26/51/23 28/46/23
f 29/54/24 30/50/24 26/51/24
f 29/43/19 27/45/19 31/55/19
f 27/45/20 32/47/20 31/56/20
f 31/48/21 30/50/21 29/54/21
f 26/51/22 32/53/22 28/46/22
f 25/44/23 28/46/23 27/45/23
f 29/54/24 26/51/24 25/44/24
o Cube.005
v 0.999745 -0.998151 -1.000131
v 0.999745 -0.457675 -1.000131
v 1.153470 -0.998151 -1.000131
v 1.153470 -0.457675 -1.000131
v 0.999745 -0.998151 1.001465
v 0.999745 -0.457675 1.001465
v 1.153470 -0.998151 1.001465
v 1.153470 -0.457675 1.001465
vt 0.875000 0.500000
vt 0.625000 0.500000
vt 0.625000 0.750000
vt 0.375000 0.750000
vt 0.375000 1.000000
vt 0.625000 0.000000
vt 0.375000 0.000000
vt 0.375000 0.250000
vt 0.375000 0.500000
vt 0.125000 0.500000
vt 0.125000 0.750000
vt 0.625000 0.250000
vt 0.875000 0.750000
vt 0.625000 1.000000
vn 0.0000 -1.0000 0.0000
vn 1.0000 0.0000 -0.0000
vn 0.0000 0.0000 1.0000
vn 0.0000 1.0000 0.0000
vn 0.0000 0.0000 -1.0000
vn -1.0000 0.0000 0.0000
usemtl Material
s off
f 37/57/25 33/58/25 35/59/25
f 35/59/26 36/60/26 40/61/26
f 39/62/27 40/63/27 38/64/27
f 34/65/28 38/66/28 40/67/28
f 33/58/29 34/65/29 36/60/29
f 37/68/30 38/64/30 34/65/30
f 37/57/25 35/59/25 39/69/25
f 35/59/26 40/61/26 39/70/26
f 39/62/27 38/64/27 37/68/27
f 34/65/28 40/67/28 36/60/28
f 33/58/29 36/60/29 35/59/29
f 37/68/30 34/65/30 33/58/30
o Cube.006
v 0.999745 -0.326263 -1.000131
v 0.999745 0.214213 -1.000131
v 1.153470 -0.326263 -1.000131
v 1.153470 0.214213 -1.000131
v 0.999745 -0.326263 1.001465
v 0.999745 0.214213 1.001465
v 1.153470 -0.326263 1.001465
v 1.153470 0.214213 1.001465
vt 0.875000 0.500000
vt 0.625000 0.500000
vt 0.625000 0.750000
vt 0.375000 0.750000
vt 0.375000 1.000000
vt 0.625000 0.000000
vt 0.375000 0.000000
vt 0.375000 0.250000
vt 0.375000 0.500000
vt 0.125000 0.500000
vt 0.125000 0.750000
vt 0.625000 0.250000
vt 0.875000 0.750000
vt 0.625000 1.000000
vn 0.0000 -1.0000 0.0000
vn 1.0000 0.0000 -0.0000
vn 0.0000 0.0000 1.0000
vn 0.0000 1.0000 0.0000
vn 0.0000 0.0000 -1.0000
vn -1.0000 0.0000 0.0000
usemtl Material
s off
f 45/71/31 41/72/31 43/73/31
f 43/73/32 44/74/32 48/75/32
f 47/76/33 48/77/33 46/78/33
f 42/79/34 46/80/34 48/81/34
f 41/72/35 42/79/35 44/74/35
f 45/82/36 46/78/36 42/79/36
f 45/71/31 43/73/31 47/83/31
f 43/73/32 48/75/32 47/84/32
f 47/76/33 46/78/33 45/82/33
f 42/79/34 48/81/34 44/74/34
f 41/72/35 44/74/35 43/73/35
f 45/82/36 42/79/36 41/72/36
o Cube.007
v -1.153470 -0.998151 -1.000131
v -1.153470 -0.457675 -1.000131
v -0.999745 -0.998151 -1.000131
v -0.999745 -0.457675 -1.000131
v -1.153470 -0.998151 1.001465
v -1.153470 -0.457675 1.001465
v -0.999745 -0.998151 1.001465
v -0.999745 -0.457675 1.001465
vt 0.875000 0.500000
vt 0.625000 0.500000
vt 0.625000 0.750000
vt 0.375000 0.750000
vt 0.375000 1.000000
vt 0.625000 0.000000
vt 0.375000 0.000000
vt 0.375000 0.250000
vt 0.375000 0.500000
vt 0.125000 0.500000
vt 0.125000 0.750000
vt 0.625000 0.250000
vt 0.875000 0.750000
vt 0.625000 1.000000
vn 0.0000 -1.0000 0.0000
vn 1.0000 0.0000 -0.0000
vn 0.0000 0.0000 1.0000
vn 0.0000 1.0000 0.0000
vn 0.0000 0.0000 -1.0000
vn -1.0000 0.0000 0.0000
usemtl Material
s off
f 53/85/37 49/86/37 51/87/37
f 51/87/38 52/88/38 56/89/38
f 55/90/39 56/91/39 54/92/39
f 50/93/40 54/94/40 56/95/40
f 49/86/41 50/93/41 52/88/41
f 53/96/42 54/92/42 50/93/42
f 53/85/37 51/87/37 55/97/37
f 51/87/38 56/89/38 55/98/38
f 55/90/39 54/92/39 53/96/39
f 50/93/40 56/95/40 52/88/40
f 49/86/41 52/88/41 51/87/41
f 53/96/42 50/93/42 49/86/42
o Cube.008
v -1.153470 -0.326263 -1.000131
v -1.153470 0.214213 -1.000131
v -0.999745 -0.326263 -1.000131
v -0.999745 0.214213 -1.000131
v -1.153470 -0.326263 1.001465
v -1.153470 0.214213 1.001465
v -0.999745 -0.326263 1.001465
v -0.999745 0.214213 1.001465
vt 0.875000 0.500000
vt 0.625000 0.500000
vt 0.625000 0.750000
vt 0.375000 0.750000
vt 0.375000 1.000000
vt 0.625000 0.000000
vt 0.375000 0.000000
vt 0.375000 0.250000
vt 0.375000 0.500000
vt 0.125000 0.500000
vt 0.125000 0.750000
vt 0.625000 0.250000
vt 0.875000 0.750000
vt 0.625000 1.000000
vn 0.0000 -1.0000 0.0000
vn 1.0000 0.0000 -0.0000
vn 0.0000 0.0000 1.0000
vn 0.0000 1.0000 -0.0000
vn 0.0000 0.0000 -1.0000
vn -1.0000 0.0000 0.0000
usemtl Material
s off
f 61/99/43 57/100/43 59/101/43
f 59/101/44 60/102/44 64/103/44
f 63/104/45 64/105/45 62/106/45
f 58/107/46 62/108/46 64/109/46
f 57/100/47 58/107/47 60/102/47
f 61/110/48 62/106/48 58/107/48
f 61/99/43 59/101/43 63/111/43
f 59/101/44 64/103/44 63/112/44
f 63/104/45 62/106/45 61/110/45
f 58/107/46 64/109/46 60/102/46
f 57/100/47 60/102/47 59/101/47
f 61/110/48 58/107/48 57/100/48
o Cube.009
v -1.000377 -0.852049 -0.999333
v -1.000377 -0.999852 -0.999333
v 0.999623 -0.852049 -0.999333
v 0.999623 -0.999852 -0.999333
v -1.000377 -0.852049 1.000667
v -1.000377 -0.999852 1.000667
v 0.999623 -0.852049 1.000667
v 0.999623 -0.999852 1.000667
vt 0.875000 0.500000
vt 0.625000 0.750000
vt 0.625000 0.500000
vt 0.375000 1.000000
vt 0.375000 0.750000
vt 0.625000 0.000000
vt 0.375000 0.250000
vt 0.375000 0.000000
vt 0.375000 0.500000
vt 0.125000 0.750000
vt 0.125000 0.500000
vt 0.625000 0.250000
vt 0.875000 0.750000
vt 0.625000 1.000000
vn 0.0000 1.0000 0.0000
vn 1.0000 0.0000 -0.0000
vn 0.0000 0.0000 1.0000
vn 0.0000 -1.0000 0.0000
vn 0.0000 0.0000 -1.0000
vn -1.0000 0.0000 0.0000
usemtl Material
s off
f 69/113/49 67/114/49 65/115/49
f 67/114/50 72/116/50 68/117/50
f 71/118/51 70/119/51 72/120/51
f 66/121/52 72/122/52 70/123/52
f 65/115/53 68/117/53 66/121/53
f 69/124/54 66/121/54 70/119/54
f 69/113/49 71/125/49 67/114/49
f 67/114/50 71/126/50 72/116/50
f 71/118/51 69/124/51 70/119/51
f 66/121/52 68/117/52 72/122/52
f 65/115/53 67/114/53 68/117/53
f 69/124/54 65/115/54 66/121/54
o Cube.010
v 1.154347 0.356021 1.000412
v 1.154347 0.896497 1.000412
v 1.154347 0.356021 1.154137
v 1.154347 0.896497 1.154137
v -1.154347 0.356021 1.000412
v -1.154347 0.896497 1.000412
v -1.154347 0.356021 1.154137
v -1.154347 0.896497 1.154137
vt 0.875000 0.500000
vt 0.625000 0.500000
vt 0.625000 0.750000
vt 0.375000 0.750000
vt 0.375000 1.000000
vt 0.625000 0.000000
vt 0.375000 0.000000
vt 0.375000 0.250000
vt 0.375000 0.500000
vt 0.125000 0.500000
vt 0.125000 0.750000
vt 0.625000 0.250000
vt 0.875000 0.750000
vt 0.625000 1.000000
vn 0.0000 -1.0000 0.0000
vn 0.0000 0.0000 1.0000
vn -1.0000 0.0000 0.0000
vn 0.0000 1.0000 0.0000
vn 1.0000 0.0000 0.0000
vn 0.0000 0.0000 -1.0000
usemtl Material
s off
f 77/127/55 73/128/55 75/129/55
f 75/129/56 76/130/56 80/131/56
f 79/132/57 80/133/57 78/134/57
f 74/135/58 78/136/58 80/137/58
f 73/128/59 74/135/59 76/130/59
f 77/138/60 78/134/60 74/135/60
f 77/127/55 75/129/55 79/139/55
f 75/129/56 80/131/56 79/140/56
f 79/132/57 78/134/57 77/138/57
f 74/135/58 80/137/58 76/130/58
f 73/128/59 76/130/59 75/129/59
f 77/138/60 74/135/60 73/128/60
o Cube.011
v 1.154347 0.356021 -1.152803
v 1.154347 0.896497 -1.152803
v 1.154347 0.356021 -0.999077
v 1.154347 0.896497 -0.999077
v -1.154347 0.356021 -1.152803
v -1.154347 0.896497 -1.152803
v -1.154347 0.356021 -0.999077
v -1.154347 0.896497 -0.999077
vt 0.875000 0.500000
vt 0.625000 0.500000
vt 0.625000 0.750000
vt 0.375000 0.750000
vt 0.375000 1.000000
vt 0.625000 0.000000
vt 0.375000 0.000000
vt 0.375000 0.250000
vt 0.375000 0.500000
vt 0.125000 0.500000
vt 0.125000 0.750000
vt 0.625000 0.250000
vt 0.875000 0.750000
vt 0.625000 1.000000
vn 0.0000 -1.0000 0.0000
vn 0.0000 0.0000 1.0000
vn -1.0000 0.0000 0.0000
vn 0.0000 1.0000 0.0000
vn 1.0000 0.0000 0.0000
vn 0.0000 0.0000 -1.0000
usemtl Material
s off
f 85/141/61 81/142/61 83/143/61
f 83/143/62 84/144/62 88/145/62
f 87/146/63 88/147/63 86/148/63
f 82/149/64 86/150/64 88/151/64
f 81/142/65 82/149/65 84/144/65
f 85/152/66 86/148/66 82/149/66
f 85/141/61 83/143/61 87/153/61
f 83/143/62 88/145/62 87/154/62
f 87/146/63 86/148/63 85/152/63
f 82/149/64 88/151/64 84/144/64
f 81/142/65 84/144/65 83/143/65
f 85/152/66 82/149/66 81/142/66
o Cube.012
v 0.999745 0.356021 -1.000131
v 0.999745 0.896497 -1.000131
v 1.153470 0.356021 -1.000131
v 1.153470 0.896497 -1.000131
v 0.999745 0.356021 1.001465
v 0.999745 0.896497 1.001465
v 1.153470 0.356021 1.001465
v 1.153470 0.896497 1.001465
vt 0.875000 0.500000
vt 0.625000 0.500000
vt 0.625000 0.750000
vt 0.375000 0.750000
vt 0.375000 1.000000
vt 0.625000 0.000000
vt 0.375000 0.000000
vt 0.375000 0.250000
vt 0.375000 0.500000
vt 0.125000 0.500000
vt 0.125000 0.750000
vt 0.625000 0.250000
vt 0.875000 0.750000
vt 0.625000 1.000000
vn 0.0000 -1.0000 0.0000
vn 1.0000 0.0000 -0.0000
vn 0.0000 0.0000 1.0000
vn 0.0000 1.0000 -0.0000
vn 0.0000 0.0000 -1.0000
vn -1.0000 0.0000 0.0000
usemtl Material
s off
f 93/155/67 89/156/67 91/157/67
f 91/157/68 92/158/68 96/159/68
f 95/160/69 96/161/69 94/162/69
f 90/163/70 94/164/70 96/165/70
f 89/156/71 90/163/71 92/158/71
f 93/166/72 94/162/72 90/163/72
f 93/155/67 91/157/67 95/167/67
f 91/157/68 96/159/68 95/168/68
f 95/160/69 94/162/69 93/166/69
f 90/163/70 96/165/70 92/158/70
f 89/156/71 92/158/71 91/157/71
f 93/166/72 90/163/72 89/156/72
o Cube.013
v -1.153470 0.356021 -1.000131
v -1.153470 0.896497 -1.000131
v -0.999745 0.356021 -1.000131
v -0.999745 0.896497 -1.000131
v -1.153470 0.356021 1.001465
v -1.153470 0.896497 1.001465
v -0.999745 0.356021 1.001465
v -0.999745 0.896497 1.001465
vt 0.875000 0.500000
vt 0.625000 0.500000
vt 0.625000 0.750000
vt 0.375000 0.750000
vt 0.375000 1.000000
vt 0.625000 0.000000
vt 0.375000 0.000000
vt 0.375000 0.250000
vt 0.375000 0.500000
vt 0.125000 0.500000
vt 0.125000 0.750000
vt 0.625000 0.250000
vt 0.875000 0.750000
vt 0.625000 1.000000
vn 0.0000 -1.0000 0.0000
vn 1.0000 0.0000 -0.0000
vn 0.0000 0.0000 1.0000
vn 0.0000 1.0000 0.0000
vn 0.0000 0.0000 -1.0000
vn -1.0000 0.0000 0.0000
usemtl Material
s off
f 101/169/73 97/170/73 99/171/73
f 99/171/74 100/172/74 104/173/74
f 103/174/75 104/175/75 102/176/75
f 98/177/76 102/178/76 104/179/76
f 97/170/77 98/177/77 100/172/77
f 101/180/78 102/176/78 98/177/78
f 101/169/73 99/171/73 103/181/73
f 99/171/74 104/173/74 103/182/74
f 103/174/75 102/176/75 101/180/75
f 98/177/76 104/179/76 100/172/76
f 97/170/77 100/172/77 99/171/77
f 101/180/78 98/177/78 97/170/78
o Cube.001_Cube.014
v -1.000524 -0.812452 -0.998610
v -0.838382 -0.812452 -0.998610
v -1.000524 -0.812452 -0.844885
v -0.838382 -0.812452 -0.844885
v -1.000525 0.505767 -0.998610
v -0.838382 0.505767 -0.998610
v -1.000525 0.505767 -0.844885
v -0.838382 0.505767 -0.844885
vt 0.875000 0.500000
vt 0.625000 0.500000
vt 0.625000 0.750000
vt 0.375000 0.750000
vt 0.375000 1.000000
vt 0.625000 0.000000
vt 0.375000 0.000000
vt 0.375000 0.250000
vt 0.375000 0.500000
vt 0.125000 0.500000
vt 0.125000 0.750000
vt 0.625000 0.250000
vt 0.875000 0.750000
vt 0.625000 1.000000
vn -1.0000 -0.0000 0.0000
vn 0.0000 0.0000 1.0000
vn 0.0000 1.0000 0.0000
vn 1.0000 0.0000 0.0000
vn 0.0000 -1.0000 0.0000
vn 0.0000 0.0000 -1.0000
usemtl Material
s off
f 109/183/79 105/184/79 107/185/79
f 107/185/80 108/186/80 112/187/80
f 111/188/81 112/189/81 110/190/81
f 106/191/82 110/192/82 112/193/82
f 105/184/83 106/191/83 108/186/83
f 109/194/84 110/190/84 106/191/84
f 109/183/79 107/185/79 111/195/79
f 107/185/80 112/187/80 111/196/80
f 111/188/81 110/190/81 109/194/81
f 106/191/82 112/193/82 108/186/82
f 105/184/83 108/186/83 107/185/83
f 109/194/84 106/191/84 105/184/84
o Cube.015_Cube.016
v -1.000524 -0.812452 0.850259
v -0.838382 -0.812452 0.850259
v -1.000524 -0.812452 1.003984
v -0.838382 -0.812452 1.003984
v -1.000525 0.505767 0.850259
v -0.838382 0.505767 0.850259
v -1.000525 0.505767 1.003984
v -0.838382 0.505767 1.003984
vt 0.875000 0.500000
vt 0.625000 0.500000
vt 0.625000 0.750000
vt 0.375000 0.750000
vt 0.375000 1.000000
vt 0.625000 0.000000
vt 0.375000 0.000000
vt 0.375000 0.250000
vt 0.375000 0.500000
vt 0.125000 0.500000
vt 0.125000 0.750000
vt 0.625000 0.250000
vt 0.875000 0.750000
vt 0.625000 1.000000
vn -1.0000 -0.0000 0.0000
vn 0.0000 0.0000 1.0000
vn 0.0000 1.0000 0.0000
vn 1.0000 0.0000 0.0000
vn 0.0000 -1.0000 0.0000
vn 0.0000 0.0000 -1.0000
usemtl Material
s off
f 117/197/85 113/198/85 115/199/85
f 115/199/86 116/200/86 120/201/86
f 119/202/87 120/203/87 118/204/87
f 114/205/88 118/206/88 120/207/88
f 113/198/89 114/205/89 116/200/89
f 117/208/90 118/204/90 114/205/90
f 117/197/85 115/199/85 119/209/85
f 115/199/86 120/201/86 119/210/86
f 119/202/87 118/204/87 117/208/87
f 114/205/88 120/207/88 116/200/88
f 113/198/89 116/200/89 115/199/89
f 117/208/90 114/205/90 113/198/90
o Cube.014_Cube.018
v 0.840200 -0.812452 -0.998610
v 1.002343 -0.812452 -0.998610
v 0.840200 -0.812452 -0.844885
v 1.002343 -0.812452 -0.844885
v 0.840200 0.505767 -0.998610
v 1.002343 0.505767 -0.998610
v 0.840200 0.505767 -0.844885
v 1.002343 0.505767 -0.844885
vt 0.875000 0.500000
vt 0.625000 0.500000
vt 0.625000 0.750000
vt 0.375000 0.750000
vt 0.375000 1.000000
vt 0.625000 0.000000
vt 0.375000 0.000000
vt 0.375000 0.250000
vt 0.375000 0.500000
vt 0.125000 0.500000
vt 0.125000 0.750000
vt 0.625000 0.250000
vt 0.875000 0.750000
vt 0.625000 1.000000
vn -1.0000 -0.0000 0.0000
vn 0.0000 0.0000 1.0000
vn 0.0000 1.0000 0.0000
vn 1.0000 0.0000 0.0000
vn 0.0000 -1.0000 0.0000
vn 0.0000 0.0000 -1.0000
usemtl Material
s off
f 125/211/91 121/212/91 123/213/91
f 123/213/92 124/214/92 128/215/92
f 127/216/93 128/217/93 126/218/93
f 122/219/94 126/220/94 128/221/94
f 121/212/95 122/219/95 124/214/95
f 125/222/96 126/218/96 122/219/96
f 125/211/91 123/213/91 127/223/91
f 123/213/92 128/215/92 127/224/92
f 127/216/93 126/218/93 125/222/93
f 122/219/94 128/221/94 124/214/94
f 121/212/95 124/214/95 123/213/95
f 125/222/96 122/219/96 121/212/96
o Cube.016_Cube.019
v 0.840200 -0.812452 0.850259
v 1.002343 -0.812452 0.850259
v 0.840200 -0.812452 1.003984
v 1.002343 -0.812452 1.003984
v 0.840200 0.505767 0.850259
v 1.002343 0.505767 0.850259
v 0.840200 0.505767 1.003984
v 1.002343 0.505767 1.003984
vt 0.875000 0.500000
vt 0.625000 0.500000
vt 0.625000 0.750000
vt 0.375000 0.750000
vt 0.375000 1.000000
vt 0.625000 0.000000
vt 0.375000 0.000000
vt 0.375000 0.250000
vt 0.375000 0.500000
vt 0.125000 0.500000
vt 0.125000 0.750000
vt 0.625000 0.250000
vt 0.875000 0.750000
vt 0.625000 1.000000
vn -1.0000 -0.0000 0.0000
vn 0.0000 0.0000 1.0000
vn 0.0000 1.0000 0.0000
vn 1.0000 0.0000 0.0000
vn 0.0000 -1.0000 0.0000
vn 0.0000 0.0000 -1.0000
usemtl Material
s off
f 133/225/97 129/226/97 131/227/97
f 131/227/98 132/228/98 136/229/98
f 135/230/99 136/231/99 134/232/99
f 130/233/100 134/234/100 136/235/100
f 129/226/101 130/233/101 132/228/101
f 133/236/102 134/232/102 130/233/102
f 133/225/97 131/227/97 135/237/97
f 131/227/98 136/229/98 135/238/98
f 135/230/99 134/232/99 133/236/99
f 130/233/100 136/235/100 132/228/100
f 129/226/101 132/228/101 131/227/101
f 133/236/102 130/233/102 129/226/102
o Cube.017_Cube.020
v -1.056791 0.855053 1.056771
v -1.056791 0.855053 -1.056809
v 1.058280 0.869035 1.058027
v 1.056789 0.855053 -1.056809
v -1.056984 0.855301 -0.000026
v -0.000001 0.855053 -1.056809
v 1.056789 0.855796 -0.000019
v 0.000033 0.873079 1.057714
v 0.000235 0.862177 -0.000186
v -1.056791 0.855053 -0.528414
v -0.961253 -0.480753 -0.966691
v 0.528394 0.866050 -1.057065
v 0.961250 -0.480625 -0.961250
v 1.057440 0.860239 0.528634
v 0.961250 -0.480625 0.961250
v -0.528396 0.871210 1.058122
v -0.961250 -0.480625 0.961250
v -1.061700 0.891847 0.528335
v -0.528396 0.855053 -1.056809
v 1.056789 0.855053 -0.528414
v 0.528381 0.866077 1.056991
v 0.000104 0.918812 0.528322
v -0.002558 0.891987 -0.526880
v 0.528377 0.900021 -0.000024
v -0.525817 0.920686 0.000599
v -0.001292 -0.484496 1.006377
v 1.002708 -0.482252 0.000183
v 0.000852 -0.499770 -0.994794
v -0.997961 -0.490943 -0.000771
v -0.988013 -0.480997 0.480590
v -0.973745 -0.482893 -0.480628
v -0.479870 -0.481780 -1.024280
v 0.481600 -0.481782 -0.990567
v 1.011896 -0.487319 -0.480169
v 0.961791 -0.480662 0.480653
v 0.480264 -0.481240 1.019848
v -0.480637 -0.480648 0.961365
v -0.528396 0.895386 -0.528414
v 0.528605 0.926160 -0.528229
v 0.529800 0.868523 0.528714
v -0.528396 0.905373 0.528376
v -1.057630 0.857831 -0.792785
v 0.792592 0.855053 -1.056809
v 1.058187 0.858487 0.792605
v -0.792594 0.872466 1.062194
v -0.961250 -0.240313 0.961250
v -1.075344 0.876535 0.264537
v -0.961250 0.240313 -0.961250
v -0.264199 0.855053 -1.056809
v 0.961250 0.240313 -0.961250
v 1.056789 0.859475 -0.264216
v 0.962150 0.240312 0.961250
v 0.264091 0.896098 1.062251
v 0.000048 0.864072 0.792524
v -0.000018 0.860204 -0.264199
v 0.790586 0.897793 0.001507
v -0.264199 0.855053 -0.000019
v 0.000000 0.240312 0.962118
v 0.961610 0.240268 -0.000028
v 0.000428 0.240083 -0.965111
v -0.996476 0.236176 -0.002790
v -0.961250 0.240313 0.961250
v -1.056791 0.855053 -0.264216
v -0.961250 -0.240313 -0.961250
v 0.264196 0.855053 -1.056809
v 0.961250 -0.240313 -0.961250
v 1.063566 0.892380 0.264179
v 0.961250 -0.240313 0.961250
v -0.264189 0.866065 1.060118
v -1.056878 0.855381 0.792574
v -0.792594 0.855053 -1.056809
v 1.056789 0.866837 -0.792611
v 0.792535 0.856687 1.056755
v 0.000001 0.860821 0.264181
v -0.003506 0.882285 -0.794355
v 0.264157 0.916059 -0.000016
v -0.792594 0.908647 -0.000019
v 0.000000 -0.240313 0.961253
v 0.962256 -0.240313 0.000000
v 0.000000 -0.240313 -0.986017
v -0.983216 -0.240313 0.000000
v -1.005737 0.234274 0.479074
v -0.977470 -0.480625 0.240313
v -1.006283 -0.483144 0.722328
v -0.961742 -0.240190 0.480492
v -0.963035 -0.481141 -0.720826
v -0.968181 -0.480747 -0.240434
v -0.961250 -0.240313 -0.480625
v -0.480731 0.239233 -0.970244
v -0.240311 -0.480624 -0.974222
v -0.721150 -0.480912 -0.971923
v -0.480625 -0.240313 -0.972613
v 0.720938 -0.480625 -0.961250
v 0.240313 -0.480626 -0.961263
v 0.480625 -0.240313 -0.961250
v 0.995724 0.236463 -0.478022
v 0.965250 -0.480628 -0.240313
v 0.969830 -0.481384 -0.721119
v 0.993761 -0.240313 -0.480625
v 0.965155 -0.480893 0.721228
v 0.961389 -0.480640 0.240310
v 0.961250 -0.240313 0.480625
v 0.480625 0.240313 0.970489
v 0.240313 -0.480625 0.966483
v 0.721098 -0.481091 0.970318
v 0.480625 -0.240313 0.981693
v -0.720938 -0.480625 0.961250
v -0.240034 -0.481699 0.968000
v -0.480625 -0.240313 0.961250
v -0.524662 0.901705 -0.260372
v -0.528396 0.883027 -0.792611
v -0.264199 0.891023 -0.528414
v -0.792607 0.898088 -0.527225
v 0.528394 0.876053 -0.264216
v 0.528530 0.874149 -0.792705
v 0.792567 0.857438 -0.528392
v 0.264196 0.899752 -0.528414
v 0.528301 0.860227 0.792598
v 0.528500 0.863967 0.264169
v 0.792659 0.900850 0.528505
v 0.264196 0.910390 0.528376
v -0.528396 0.861077 0.792574
v -0.527946 0.895831 0.263794
v -0.264194 0.926226 0.528376
v -0.790633 0.893560 0.528570
v -0.480625 0.240313 1.018955
v 1.043244 0.236288 0.479382
v 0.478256 0.222613 -1.088221
v -1.037594 0.228806 -0.473158
v -0.994711 0.235849 -0.242853
v -1.033427 0.236159 -0.730628
v 0.241790 0.237864 -1.011580
v 0.721864 0.240349 -0.968404
v 0.967464 0.240312 0.240312
v 0.971049 0.240483 0.720697
v -0.238122 0.238612 0.989063
v -0.720938 0.240313 0.969097
v -0.792594 0.867972 0.264179
v -0.264199 0.856123 0.264179
v -0.264199 0.856105 0.792574
v 0.264196 0.855553 0.264179
v 0.792489 0.858613 0.264341
v 0.791381 0.904140 0.792460
v 0.264196 0.924247 -0.792611
v 0.792608 0.874335 -0.792596
v 0.792592 0.855994 -0.264216
v -0.791057 0.903814 -0.789721
v -0.264212 0.857094 -0.792598
v -0.264644 0.897252 -0.265037
v -0.240313 -0.240313 0.961250
v 0.720938 -0.240313 0.981583
v 0.720932 0.240305 0.961752
v 0.240313 0.240313 1.017739
v 0.961262 -0.240313 0.240313
v 1.019076 -0.240313 -0.720938
v 0.965582 0.240313 -0.720938
v 1.035247 0.242594 -0.239794
v 0.240313 -0.240313 -0.961794
v -0.720938 -0.240313 -0.978737
v -0.720938 0.240313 -0.961250
v -0.246218 0.235320 -1.002014
v -0.961250 -0.240313 -0.240313
v -0.961250 -0.240313 0.720938
v -0.962811 0.240331 0.720938
v -0.971115 0.240148 0.240879
v -0.961250 -0.240313 0.240313
v -0.961250 -0.240313 -0.720938
v -0.240312 -0.240312 -0.961259
v 0.720938 -0.240313 -0.972062
v 0.961250 -0.240313 -0.240313
v 0.966023 -0.240313 0.720938
v 0.240312 -0.240312 0.968087
v -0.720938 -0.240313 0.963970
v -0.792525 0.856222 -0.264204
v 0.264351 0.908796 -0.264226
v 0.264223 0.858401 0.792599
v -0.792360 0.895572 0.792810
v -1.056791 0.855053 -0.924710
v 0.924690 0.855053 -1.056809
v 1.066184 0.894252 0.925200
v -0.924693 0.858464 1.057334
v -1.057297 0.855835 0.132122
v -0.132100 0.860298 -1.056809
v 1.056804 0.872861 -0.132118
v 0.133308 0.881192 1.057660
v 0.000051 0.899020 0.924754
v -0.000022 0.892266 -0.132097
v 0.924690 0.897489 -0.000019
v -0.132100 0.855604 -0.000019
v -0.961250 0.360469 0.961250
v -1.056794 0.857209 -0.396312
v -0.961250 -0.360469 -0.961250
v 0.396295 0.855053 -1.056809
v 0.961250 -0.360469 -0.961250
v 1.056800 0.855763 0.396277
v 0.961250 -0.360469 0.961250
v -0.396297 0.861144 1.056835
v -1.066248 0.892458 0.660475
v -0.660495 0.855053 -1.056809
v 1.056789 0.866635 -0.660513
v 0.660482 0.856418 1.056815
v 0.000014 0.924936 0.396286
v -0.000419 0.861097 -0.660266
v 0.393525 0.923706 -0.000915
v -0.660435 0.886465 -0.000007
v 0.000000 -0.360469 1.018974
v 1.010363 -0.360469 0.000000
v 0.000000 -0.360468 -1.023310
v -1.014015 -0.360469 0.000000
v -0.961280 -0.480633 0.120157
v -0.961250 -0.480625 0.600781
v -0.968825 -0.360055 0.479264
v -0.961250 -0.480625 -0.841094
v -0.980802 -0.483613 -0.360167
v -1.015668 -0.359406 -0.481715
v -0.120150 -0.480621 -0.962212
v -0.600774 -0.480637 -0.962092
v -0.480233 -0.361110 -0.982291
v 0.841094 -0.480625 -0.961250
v 0.362692 -0.484873 -1.018806
v 0.480630 -0.360474 -0.961359
v 0.964362 -0.483106 -0.120156
v 0.961353 -0.480626 -0.600781
v 0.971685 -0.360469 -0.480625
v 0.972608 -0.481300 0.841991
v 0.997360 -0.485870 0.362132
v 0.962968 -0.360469 0.480625
v 0.120198 -0.488762 0.978855
v 0.600656 -0.481056 0.975951
v 0.480625 -0.360469 0.969154
v -0.841094 -0.480625 0.961250
v -0.360883 -0.486443 0.990049
v -0.482519 -0.360371 0.984213
v -0.528440 0.857928 -0.132052
v -0.528396 0.905809 -0.660513
v -0.129485 0.896052 -0.528164
v -0.659413 0.865739 -0.526541
v 0.528292 0.859803 -0.132177
v 0.528405 0.858131 -0.660506
v 0.924690 0.895346 -0.528414
v 0.396295 0.868683 -0.528414
v 0.528435 0.879815 0.925080
v 0.534065 0.924044 0.391989
v 0.927224 0.889032 0.530381
v 0.396772 0.870335 0.528240
v -0.528252 0.912119 0.924921
v -0.528396 0.867548 0.396277
v -0.131906 0.868037 0.528299
v -0.659642 0.923100 0.528313
v -1.056791 0.855053 -0.660513
v 0.660493 0.865259 -1.056895
v 1.060789 0.878652 0.660919
v -0.660495 0.855053 1.056771
v -0.961250 -0.360469 0.961250
v -1.056863 0.855340 0.396191
v -0.961250 0.360469 -0.961250
v -0.396297 0.855053 -1.056809
v 0.961250 0.360469 -0.961250
v 1.056789 0.855053 -0.396315
v 0.964571 0.360469 0.966794
v 0.395891 0.869548 1.063598
v 0.000228 0.895896 0.660454
v 0.000245 0.865097 -0.395743
v 0.660000 0.924520 0.000323
v -0.396518 0.909431 0.000239
v 0.000000 0.360469 1.007359
v 1.021102 0.356040 -0.001998
v -0.007100 0.356882 -1.049496
v -1.012646 0.364482 0.006490
v -1.059506 0.869147 -0.132634
v 0.132098 0.855053 -1.056809
v 1.056978 0.857415 0.132080
v -0.132099 0.898922 1.071530
v -1.056791 0.855053 0.924673
v -0.924693 0.855053 -1.056809
v 1.056789 0.855057 -0.924710
v 0.925224 0.866662 1.058354
v 0.002342 0.892870 0.131336
v -0.001259 0.901815 -0.925764
v 0.133427 0.899162 -0.000833
v -0.924693 0.895685 -0.000019
v -1.052001 0.363002 0.479177
v -1.020964 -0.482504 0.360456
v -0.977577 -0.480965 0.841376
v -0.966647 -0.482190 -0.600444
v -0.995598 -0.485141 -0.122190
v -0.482897 0.361656 -1.092227
v -0.360376 -0.480734 -1.023667
v -0.841572 -0.483010 -1.012677
v 0.600781 -0.480625 -0.961277
v 0.120643 -0.485825 -0.981957
v 1.080675 0.372148 -0.470386
v 1.012851 -0.483717 -0.360397
v 0.970648 -0.481413 -0.841471
v 1.011585 -0.485422 0.597375
v 1.003722 -0.484060 0.120192
v 0.480628 0.360472 1.012969
v 0.360406 -0.480688 1.018578
v 0.841687 -0.482088 0.990078
v -0.600781 -0.480625 0.961250
v -0.120415 -0.480965 1.007181
v -0.529043 0.873706 -0.396340
v -0.528396 0.855053 -0.924710
v -0.396297 0.894136 -0.528414
v -0.925370 0.868713 -0.527777
v 0.528398 0.928822 -0.396311
v 0.528546 0.921840 -0.924837
v 0.660180 0.927801 -0.528175
v 0.132098 0.896734 -0.528414
v 0.526564 0.878231 0.659649
v 0.528394 0.907753 0.132080
v 0.660542 0.860739 0.528515
v 0.132098 0.888931 0.528376
v -0.528396 0.868911 0.660475
v -0.526516 0.908897 0.133142
v -0.395532 0.917602 0.528342
v -0.922865 0.943079 0.525248
v -0.480625 0.360469 1.021272
v 1.037854 0.362539 0.479712
v 0.483099 0.376819 -1.081688
v -1.055836 0.378623 -0.474205
v -0.966879 0.240040 -0.359545
v -0.983246 0.236517 -0.121356
v -1.024579 0.359657 -0.247835
v -0.961289 0.240313 -0.841101
v -1.064052 0.226507 -0.601965
v -1.030967 0.369183 -0.729480
v 0.360038 0.240099 -0.964025
v 0.121389 0.236240 -1.007230
v 0.243990 0.360953 -0.980221
v 0.841094 0.240313 -0.961250
v 0.610265 0.223283 -1.079139
v 0.722467 0.361572 -0.983548
v 0.961264 0.240313 0.360469
v 1.002616 0.240141 0.120227
v 0.963355 0.360369 0.240792
v 1.005838 0.240312 0.841093
v 1.045788 0.235961 0.602728
v 0.962832 0.360473 0.720942
v -0.360469 0.240313 1.007492
v -0.120540 0.239326 1.002594
v -0.240180 0.360561 0.968128
v -0.841094 0.240313 0.961250
v -0.600781 0.240313 1.018788
v -0.720938 0.360469 0.970649
v -0.792582 0.855828 0.396270
v -0.792594 0.915288 0.132080
v -0.660495 0.855096 0.264179
v -0.924729 0.858647 0.264197
v -0.264192 0.879945 0.396284
v -0.264199 0.863955 0.132080
v -0.132100 0.874610 0.264179
v -0.396296 0.881186 0.264177
v -0.264193 0.876337 0.924765
v -0.264198 0.924718 0.660475
v -0.132100 0.858808 0.792574
v -0.396298 0.855843 0.792574
v 0.264328 0.885978 0.396223
v 0.264045 0.909298 0.134539
v 0.396103 0.859009 0.263129
v 0.132098 0.867264 0.264179
v 0.789861 0.928414 0.395012
v 0.792286 0.897725 0.132339
v 0.924690 0.919161 0.264179
v 0.660493 0.896485 0.264179
v 0.790204 0.916691 0.923827
v 0.792593 0.855801 0.660478
v 0.924244 0.865795 0.792479
v 0.660108 0.867991 0.792265
v 0.264196 0.916645 -0.660513
v 0.264196 0.902478 -0.924710
v 0.396295 0.896940 -0.792611
v 0.132098 0.919204 -0.792611
v 0.792592 0.880088 -0.660512
v 0.792592 0.855245 -0.924710
v 0.924691 0.925538 -0.792611
v 0.660493 0.869435 -0.792611
v 0.792572 0.868823 -0.132109
v 0.792591 0.855990 -0.396315
v 0.924690 0.911309 -0.264216
v 0.660493 0.878814 -0.264216
v -0.792562 0.897759 -0.660863
v -0.792596 0.898845 -0.924707
v -0.659149 0.916438 -0.794040
v -0.924626 0.897282 -0.792607
v -0.264217 0.886758 -0.660494
v -0.264199 0.860647 -0.924710
v -0.132155 0.899678 -0.792643
v -0.396380 0.909582 -0.792529
v -0.266905 0.897377 -0.131090
v -0.264199 0.858325 -0.396315
v -0.132153 0.864195 -0.264179
v -0.396196 0.901765 -0.263673
v -0.360469 -0.240313 0.961398
v -0.120156 -0.240313 0.965818
v -0.240315 -0.360466 0.969083
v 0.600781 -0.240313 1.002215
v 0.841094 -0.240313 0.962969
v 0.720938 -0.360469 1.004030
v 0.600740 0.240267 0.982950
v 0.841094 0.240313 0.961250
v 0.719634 0.359596 0.991668
v 0.120560 0.239938 1.010820
v 0.360469 0.240313 0.962249
v 0.240313 0.360469 0.963779
v 0.962035 -0.240313 0.360469
v 0.968192 -0.240313 0.120156
v 0.982284 -0.360772 0.240670
v 1.036113 -0.240313 -0.600781
v 0.971115 -0.240313 -0.841094
v 0.996742 -0.360469 -0.720938
v 1.008445 0.236216 -0.602205
v 0.961250 0.240313 -0.841094
v 0.977839 0.361260 -0.722508
v 1.050416 0.245499 -0.112133
v 0.962544 0.240282 -0.360362
v 0.967663 0.361167 -0.240250
v 0.360469 -0.240313 -0.970180
v 0.120156 -0.240313 -0.964674
v 0.240313 -0.360469 -0.976833
v -0.600781 -0.240313 -0.982739
v -0.841094 -0.240313 -0.961250
v -0.720938 -0.360469 -1.005340
v -0.600827 0.240095 -0.964825
v -0.841094 0.240313 -0.961250
v -0.720938 0.360469 -0.972152
v -0.115499 0.225552 -1.089314
v -0.360442 0.240278 -0.961307
v -0.240385 0.360541 -0.962023
v -0.961301 -0.240313 -0.360469
v -0.964664 -0.240313 -0.120156
v -0.961250 -0.360469 -0.240313
v -0.961296 -0.240313 0.600781
v -0.961250 -0.240313 0.841094
v -0.990768 -0.360470 0.720938
v -0.967860 0.239979 0.601027
v -0.968707 0.240448 0.841134
v -0.989705 0.360610 0.722711
v -1.058293 0.230792 0.120352
v -0.964535 0.239780 0.360094
v -0.961259 0.360469 0.240311
v -0.961783 -0.240313 0.120156
v -0.961250 -0.240313 0.360469
v -0.961250 -0.360469 0.240313
v -0.961250 -0.240313 -0.841094
v -0.961250 -0.240313 -0.600781
v -1.056016 -0.356983 -0.730028
v -0.120153 -0.240309 -0.975758
v -0.360469 -0.240313 -0.961250
v -0.239663 -0.359694 -0.979963
v 0.841094 -0.240313 -0.961250
v 0.600781 -0.240313 -0.964537
v 0.720938 -0.360469 -1.031575
v 0.976174 -0.240313 -0.120156
v 0.961250 -0.240313 -0.360469
v 0.961250 -0.360469 -0.240313
v 0.961250 -0.240313 0.841094
v 0.961250 -0.240313 0.600781
v 1.012546 -0.360469 0.720938
v 0.120156 -0.240313 0.961290
v 0.360469 -0.240313 0.961250
v 0.240307 -0.360464 0.971342
v -0.841094 -0.240313 0.961250
v -0.600787 -0.240309 0.967953
v -0.725310 -0.363264 1.034420
v -0.792594 0.874197 -0.132118
v -0.792509 0.858216 -0.396252
v -0.659733 0.875782 -0.262703
v -0.924997 0.866884 -0.263856
v 0.264186 0.910488 -0.132103
v 0.264196 0.857484 -0.396315
v 0.396362 0.885883 -0.264245
v 0.132127 0.859344 -0.264195
v 0.263896 0.905897 0.926471
v 0.264232 0.870327 0.660505
v 0.396042 0.900352 0.792888
v 0.132099 0.858889 0.792573
v -0.792594 0.916702 0.924673
v -0.791717 0.867729 0.660558
v -0.660495 0.856222 0.792574
v -0.924249 0.870603 0.793156
v -0.924690 0.916031 0.660475
v -0.660007 0.920133 0.660096
v -0.660487 0.862046 0.924674
v 0.132098 0.922095 0.660475
v 0.396225 0.881605 0.660741
v 0.396146 0.863288 0.926244
v 0.131182 0.879424 -0.394075
v 0.396295 0.855053 -0.396315
v 0.398490 0.927145 -0.133907
v -0.925451 0.864397 -0.395998
v -0.659765 0.895660 -0.399333
v -0.660670 0.871734 -0.132136
v -0.595621 -0.363421 1.035469
v -0.841094 -0.360469 0.961250
v 0.360467 -0.360470 0.962509
v 0.120146 -0.360458 1.019381
v 1.005275 -0.360469 0.600781
v 0.961449 -0.360469 0.841094
v 0.961526 -0.360469 -0.360468
v 1.007692 -0.360467 -0.120155
v 0.600781 -0.360469 -1.016860
v 0.841094 -0.360469 -0.961253
v -0.360435 -0.360510 -0.965251
v -0.119883 -0.360236 -1.026311
v -0.992614 -0.360429 -0.600755
v -0.961308 -0.360469 -0.841094
v -0.962550 -0.360469 0.360469
v -1.014403 -0.360466 0.120153
v -1.052977 0.365673 0.351510
v -1.004725 0.360776 0.841209
v -0.961250 -0.360469 0.841094
v -1.033076 -0.362594 0.598508
v -1.006544 -0.360469 -0.120156
v -1.007991 -0.360032 -0.358779
v -0.339718 0.358785 -1.027392
v -0.841094 0.360469 -0.961250
v -0.841159 -0.360543 -0.964312
v -0.600781 -0.360469 -1.007535
v 0.120156 -0.360469 -0.968338
v 0.360569 -0.360704 -1.011710
v 1.005492 0.366089 -0.349922
v 0.961250 0.360469 -0.841094
v 0.969384 -0.360516 -0.841117
v 0.998946 -0.360469 -0.600781
v 0.977875 -0.360469 0.120156
v 1.000921 -0.360564 0.360502
v 0.360469 0.360469 0.964518
v 0.841133 0.360469 0.977302
v 0.841095 -0.360473 0.973306
v 0.600781 -0.360469 1.010845
v -0.120156 -0.360469 0.970746
v -0.360473 -0.360465 1.013400
v -0.396297 0.885439 -0.396315
v -0.132006 0.873527 -0.396264
v -0.132100 0.890642 -0.132118
v -0.396297 0.855053 -0.924710
v -0.132100 0.897105 -0.924710
v -0.132068 0.870566 -0.660438
v -0.924693 0.855343 -0.924710
v -0.660431 0.864663 -0.924734
v -0.665226 0.909732 -0.660698
v 0.660491 0.927567 -0.396314
v 0.924696 0.874408 -0.396281
v 0.924691 0.906877 -0.132118
v 0.660493 0.919142 -0.924710
v 0.924690 0.871734 -0.924710
v 0.924690 0.928151 -0.660513
v 0.132098 0.867280 -0.924710
v 0.396295 0.866465 -0.924710
v 0.396295 0.893894 -0.660513
v 0.659079 0.907713 0.660043
v 0.928539 0.899788 0.662888
v 0.927590 0.891248 0.924984
v 0.660492 0.915479 0.132080
v 0.924690 0.859881 0.132080
v 0.923659 0.875314 0.397248
v 0.132137 0.860250 0.132070
v 0.395908 0.870241 0.132081
v 0.396075 0.924564 0.392130
v -0.396041 0.903221 0.660616
v -0.131886 0.866748 0.660502
v -0.132100 0.920733 0.925278
v -0.396365 0.921205 0.132069
v -0.132103 0.890977 0.132084
v -0.132098 0.856707 0.396275
v -0.924693 0.905652 0.132080
v -0.659516 0.870874 0.132665
v -0.660372 0.925212 0.396205
v -0.600781 0.360469 1.010791
v -0.120156 0.360469 1.019592
v 1.046013 0.364051 0.602232
v 1.046052 0.354679 0.123326
v 0.609960 0.385992 -1.058931
v 0.123955 0.352493 -1.091292
v -1.063292 0.380742 -0.602066
v -1.067461 0.357981 -0.115079
v -0.975918 0.362113 -0.358234
v -0.961998 0.360498 -0.841216
v 0.357975 0.360494 -0.973660
v 0.841094 0.360469 -0.961250
v 0.968486 0.361170 0.359043
v 0.961250 0.360469 0.841094
v -0.360469 0.360469 1.003062
v -0.841094 0.360469 0.961250
v -0.924704 0.897674 0.391237
v -0.396148 0.881314 0.396281
v -0.396299 0.895395 0.924674
v 0.132097 0.920287 0.396279
v 0.660871 0.869533 0.396270
v 0.660450 0.864155 0.924740
v 0.132098 0.930250 -0.660513
v 0.660464 0.875811 -0.660491
v 0.660263 0.891156 -0.131968
v -0.932512 0.921855 -0.658949
v -0.396297 0.894244 -0.660513
v -0.396183 0.855908 -0.132046
v 0.600179 0.360139 1.006913
v 0.120288 0.360356 0.967668
v 1.099874 0.370735 -0.610499
v 0.973141 0.363770 -0.118165
v -0.601196 0.362907 -1.054907
v -0.119685 0.363339 -0.986735
v -1.048156 0.366359 0.611410
v -1.000620 0.368943 0.121569
v -0.924745 0.857482 -0.132170
v 0.132581 0.907759 -0.131963
v 0.133672 0.888410 0.925348
v -0.924675 0.894276 0.924692
v -1.056791 0.793882 1.056771
v -1.056791 0.855053 -0.990760
v 0.990740 0.855053 -1.056809
v 1.063093 0.892404 0.992199
v -0.990742 0.855053 1.056771
v -1.056791 0.855053 0.066031
v -0.066050 0.862980 -1.056809
v 1.056793 0.865597 -0.066068
v 0.066706 0.863297 1.056951
v 0.000117 0.903441 0.991759
v -0.000001 0.866042 -0.066068
v 0.990740 0.879103 -0.000019
v -0.066001 0.856474 -0.000054
v -0.961250 0.420547 0.961250
v -1.056854 0.858315 -0.462302
v -0.961252 -0.420559 -0.963265
v 0.462345 0.855074 -1.056809
v 0.961250 -0.420547 -0.961250
v 1.056792 0.855075 0.462328
v 0.961250 -0.420547 0.961250
v -0.462347 0.878612 1.057773
v -0.961250 -0.540703 0.961250
v -1.066318 0.898349 0.594426
v -0.594446 0.855053 -1.056809
v 1.056789 0.856882 -0.594463
v 0.594410 0.864278 1.056980
v 0.000029 0.925339 0.462306
v -0.003287 0.882996 -0.592893
v 0.457182 0.905369 -0.001716
v -0.590274 0.895476 0.000784
v -0.000123 -0.420829 0.975023
v 0.965598 -0.420576 0.000013
v 0.000070 -0.421217 -0.984544
v -1.008471 -0.422096 -0.000131
v -0.972011 -0.483759 0.060113
v -0.961322 -0.480625 0.540703
v -0.968289 -0.420564 0.480608
v -0.961250 -0.480649 -0.902605
v -1.009660 -0.489266 -0.420233
v -0.978539 -0.422333 -0.480605
v -0.059922 -0.485119 -0.968162
v -0.540322 -0.481245 -0.983117
v -0.479384 -0.422505 -1.015117
v 0.901172 -0.480625 -0.961250
v 0.422844 -0.483939 -1.026203
v 0.481421 -0.421475 -0.978035
v 0.990438 -0.489223 -0.060051
v 0.982181 -0.481790 -0.540559
v 0.995376 -0.421808 -0.479790
v 0.964358 -0.480730 0.901329
v 0.981497 -0.482622 0.421626
v 0.961742 -0.420620 0.480677
v 0.059472 -0.490859 1.001232
v 0.540325 -0.481915 1.011697
v 0.480325 -0.420902 1.002504
v -0.901172 -0.480625 0.961250
v -0.421368 -0.482577 0.970545
v -0.481113 -0.420564 0.967490
v -0.527835 0.886911 -0.065781
v -0.528396 0.904903 -0.594463
v -0.066739 0.893522 -0.527948
v -0.594446 0.858772 -0.528414
v 0.528040 0.876878 -0.066247
v 0.528603 0.903151 -0.594313
v 0.990740 0.866397 -0.528414
v 0.462420 0.883460 -0.528342
v 0.528402 0.882676 0.991203
v 0.533334 0.899999 0.462892
v 0.993341 0.875640 0.529942
v 0.462761 0.864902 0.528365
v -0.528343 0.900195 0.992438
v -0.528396 0.895019 0.462327
v -0.065714 0.903898 0.528228
v -0.594446 0.926210 0.528376
v -1.056791 0.855053 -0.726562
v 0.726542 0.855482 -1.056809
v 1.058835 0.866881 0.726636
v -0.726544 0.858981 1.057316
v -0.961250 -0.300391 0.961250
v -1.062959 0.861570 0.330282
v -0.961250 0.300391 -0.961250
v -0.330248 0.855053 -1.056809
v 0.961250 0.300391 -0.961250
v 1.056789 0.856103 -0.330266
v 0.961291 0.300391 0.961343
v 0.329869 0.886590 1.065629
v 0.000189 0.883392 0.726417
v 0.000078 0.861717 -0.330124
v 0.723799 0.927813 0.001956
v -0.330279 0.861900 0.000012
v 0.000006 0.300384 0.969622
v 0.980541 0.298269 -0.001077
v -0.001697 0.297985 -0.988281
v -1.025843 0.300703 -0.000516
v -0.961250 0.180234 0.961250
v -1.056794 0.855172 -0.198170
v 0.198147 0.855053 -1.056809
v 1.061198 0.881257 0.198129
v -0.198137 0.893153 1.068964
v -1.056791 0.855053 0.858623
v -0.858643 0.855053 -1.056809
v 1.056789 0.860008 -0.858661
v 0.858604 0.856290 1.056936
v 0.000444 0.861008 0.198013
v -0.004619 0.904512 -0.861790
v 0.197855 0.912337 0.000134
v -0.858643 0.913645 -0.000019
v -1.066155 0.289421 0.477310
v -1.016332 -0.480818 0.300391
v -1.013395 -0.482621 0.782388
v -0.981729 -0.486507 -0.659606
v -0.988171 -0.481690 -0.181067
v -0.476948 0.270803 -1.091412
v -0.300380 -0.480636 -1.001274
v -0.781702 -0.482214 -1.003733
v 0.660859 -0.480625 -0.961429
v 0.180259 -0.480795 -0.963017
v 1.078657 0.287966 -0.469055
v 1.001702 -0.480757 -0.300387
v 0.986841 -0.482894 -0.781894
v 0.984796 -0.482446 0.659972
v 0.976805 -0.482091 0.180237
v 0.480631 0.300396 1.011284
v 0.300391 -0.480625 0.998822
v 0.781884 -0.482986 1.004264
v -0.660859 -0.480625 0.961250
v -0.180272 -0.481056 0.987441
v -0.527727 0.895975 -0.331459
v -0.528396 0.855053 -0.858661
v -0.330248 0.905400 -0.528414
v -0.859601 0.897555 -0.525603
v 0.528394 0.916648 -0.330266
v 0.528788 0.916298 -0.858960
v 0.726119 0.905154 -0.528076
v 0.198147 0.910458 -0.528414
v 0.528072 0.868920 0.726412
v 0.528394 0.890785 0.198129
v 0.726676 0.873011 0.528415
v 0.198147 0.925261 0.528376
v -0.528396 0.855123 0.726524
v -0.527844 0.910496 0.198235
v -0.329853 0.923174 0.528354
v -0.856977 0.923000 0.527321
v -0.480625 0.300391 1.003755
v 1.060738 0.298898 0.477716
v 0.473131 0.290879 -1.114027
v -1.069894 0.295241 -0.471464
v -0.992765 0.237005 -0.415934
v -1.006532 0.233174 -0.183791
v -0.965116 0.299976 -0.240695
v -0.961250 0.240313 -0.901172
v -1.059489 0.231365 -0.666868
v -1.054105 0.302663 -0.733138
v 0.411244 0.231689 -1.036810
v 0.182417 0.235386 -1.025653
v 0.240614 0.299920 -0.968330
v 0.901172 0.240313 -0.961250
v 0.673082 0.234935 -1.043010
v 0.727196 0.301466 -1.017693
v 1.011477 0.239183 0.418529
v 0.990966 0.240312 0.180234
v 0.961362 0.300380 0.240331
v 0.985156 0.240312 0.901171
v 1.026536 0.238916 0.665031
v 0.981174 0.300665 0.721631
v -0.420547 0.240313 1.017664
v -0.180325 0.239271 0.999715
v -0.240289 0.300374 0.961531
v -0.901172 0.240313 0.961250
v -0.660859 0.240313 0.995613
v -0.720938 0.300391 0.986319
v -0.792028 0.875762 0.462190
v -0.792594 0.906069 0.198129
v -0.594249 0.870826 0.264118
v -0.858643 0.871176 0.264179
v -0.264194 0.918227 0.462326
v -0.264199 0.861366 0.198129
v -0.066050 0.856062 0.264179
v -0.330248 0.855296 0.264179
v -0.264182 0.884212 0.992618
v -0.264199 0.896087 0.726525
v -0.066021 0.861201 0.792551
v -0.330248 0.855959 0.792574
v 0.264225 0.905926 0.462317
v 0.264197 0.884853 0.198130
v 0.462346 0.855297 0.264170
v 0.198147 0.856533 0.264179
v 0.791156 0.922862 0.462931
v 0.792588 0.872330 0.198128
v 0.992024 0.925117 0.264179
v 0.726550 0.875834 0.264205
v 0.791454 0.880880 0.990348
v 0.792336 0.868441 0.726603
v 0.992141 0.860941 0.792638
v 0.726228 0.884978 0.792603
v 0.264196 0.904545 -0.594463
v 0.264196 0.913567 -0.858661
v 0.462345 0.858827 -0.792611
v 0.198147 0.919534 -0.792611
v 0.792590 0.861650 -0.594462
v 0.792592 0.856114 -0.858661
v 0.990740 0.921652 -0.792611
v 0.726542 0.855096 -0.792611
v 0.791939 0.876809 -0.065686
v 0.792592 0.855053 -0.330266
v 0.990740 0.899910 -0.264216
v 0.726542 0.855702 -0.264216
v -0.792043 0.912305 -0.593241
v -0.792786 0.917996 -0.857773
v -0.593029 0.870135 -0.794820
v -0.856630 0.927933 -0.792438
v -0.264199 0.892737 -0.594463
v -0.264199 0.861053 -0.858661
v -0.067099 0.899094 -0.793141
v -0.330554 0.894645 -0.792307
v -0.264916 0.873296 -0.065773
v -0.264224 0.866132 -0.330328
v -0.066151 0.871242 -0.264116
v -0.326854 0.880451 -0.263830
v -0.420547 -0.240313 0.961250
v -0.180234 -0.240313 0.961250
v -0.240287 -0.420647 0.965368
v 0.540703 -0.240313 0.998966
v 0.781016 -0.240313 0.970240
v 0.721099 -0.421021 0.969440
v 0.540698 0.240307 0.982027
v 0.781016 0.240313 0.961250
v 0.720565 0.300077 0.976981
v 0.060413 0.239967 0.982347
v 0.300391 0.240313 0.996157
v 0.240313 0.300391 1.007758
v 0.963262 -0.240313 0.420547
v 0.967289 -0.240313 0.180234
v 0.965736 -0.420602 0.240377
v 1.023219 -0.240313 -0.540703
v 0.993649 -0.240313 -0.781016
v 0.976918 -0.422198 -0.721410
v 1.015985 0.233778 -0.539567
v 0.961311 0.240313 -0.781016
v 0.981519 0.300607 -0.721878
v 0.972972 0.241076 -0.058699
v 1.000679 0.240374 -0.300394
v 1.025254 0.305433 -0.239656
v 0.420547 -0.240313 -0.963120
v 0.180234 -0.240313 -0.961250
v 0.240313 -0.420547 -0.963064
v -0.540703 -0.240313 -0.979501
v -0.781016 -0.240313 -0.963710
v -0.721120 -0.420784 -0.970581
v -0.540898 0.239377 -0.971894
v -0.781016 0.240313 -0.961250
v -0.720938 0.300391 -0.964305
v -0.049692 0.232464 -1.034578
v -0.300458 0.240257 -0.961584
v -0.244424 0.299958 -0.998516
v -0.961389 -0.240280 -0.420548
v -0.961250 -0.240313 -0.180234
v -0.964734 -0.420606 -0.240371
v -0.962234 -0.240093 0.540465
v -0.961250 -0.240313 0.781016
v -0.994899 -0.422396 0.721986
v -0.997622 0.236013 0.541307
v -0.975221 0.240559 0.781010
v -0.977529 0.300628 0.721445
v -1.053241 0.230620 0.054244
v -0.961250 0.240313 0.300391
v -0.966925 0.300876 0.240963
v -0.971760 -0.240313 0.060078
v -0.961250 -0.240313 0.300391
v -0.969746 -0.420547 0.240313
v -0.961250 -0.240313 -0.901172
v -0.961250 -0.240313 -0.660859
v -1.010004 -0.423666 -0.724157
v -0.060078 -0.240312 -0.991278
v -0.300391 -0.240313 -0.961250
v -0.239987 -0.420182 -0.978428
v 0.901172 -0.240313 -0.961250
v 0.660859 -0.240313 -0.977352
v 0.720938 -0.420547 -0.994280
v 0.962532 -0.240313 -0.060078
v 0.961250 -0.240313 -0.300391
v 0.961666 -0.420547 -0.240313
v 0.961250 -0.240313 0.901172
v 0.963613 -0.240313 0.660859
v 0.991799 -0.420731 0.721138
v 0.060078 -0.240313 0.961250
v 0.300391 -0.240313 0.961318
v 0.240313 -0.420547 0.961822
v -0.901172 -0.240313 0.961250
v -0.660859 -0.240313 0.974525
v -0.721757 -0.421157 0.983041
v -0.792594 0.909778 -0.066068
v -0.792050 0.868790 -0.330138
v -0.595698 0.882656 -0.261313
v -0.858614 0.864155 -0.264144
v 0.264165 0.911297 -0.066075
v 0.264200 0.861916 -0.330262
v 0.462338 0.856678 -0.264211
v 0.198429 0.883372 -0.263950
v 0.263957 0.923272 0.995061
v 0.264272 0.859330 0.726592
v 0.461982 0.885324 0.792789
v 0.198147 0.855053 0.792574
v -0.792594 0.910419 0.993595
v -0.792514 0.864985 0.726572
v -0.594446 0.855236 0.792574
v -0.857901 0.891925 0.793437
v -1.056794 0.855060 -0.858661
v 0.858641 0.855053 -1.056809
v 1.063069 0.872624 0.858693
v -0.858643 0.869396 1.062154
v -1.068298 0.870429 0.198681
v -0.961250 0.180234 -0.961250
v -0.198149 0.855053 -1.056809
v 0.961250 0.180234 -0.961250
v 1.056791 0.869284 -0.198167
v 0.961273 0.180234 0.961250
v 0.198779 0.893857 1.059151
v -0.000001 0.870619 0.858623
v -0.000084 0.889615 -0.198085
v 0.858641 0.880018 -0.000019
v -0.198149 0.855665 -0.000019
v 0.000000 0.180233 0.963602
v 0.961372 0.180234 0.000000
v 0.000000 0.180234 -0.961250
v -0.962272 0.179960 -0.000161
v -0.961250 0.300391 0.961250
v -1.056791 0.855053 -0.330266
v -0.961250 -0.300391 -0.961250
v 0.330246 0.855053 -1.056809
v 0.961250 -0.300391 -0.961250
v 1.059575 0.875084 0.330228
v 0.961250 -0.300391 0.961250
v -0.330248 0.855133 1.056784
v -1.060833 0.869012 0.726524
v -0.726544 0.855053 -1.056809
v 1.056789 0.872355 -0.726562
v 0.726538 0.855256 1.056770
v 0.000013 0.902027 0.330242
v -0.000002 0.858526 -0.726562
v 0.329122 0.926612 -0.000272
v -0.726544 0.907905 -0.000019
v 0.000000 -0.300391 1.000842
v 1.005955 -0.300391 0.000000
v 0.000000 -0.300391 -1.025299
v -1.013043 -0.300391 0.000000
v -0.961250 0.180234 0.480625
v -0.961258 -0.480625 0.180234
v -0.968099 -0.481060 0.661033
v -0.968895 -0.299194 0.478842
v -0.961250 -0.480625 -0.781016
v -0.961250 -0.480625 -0.300391
v -0.984186 -0.298278 -0.481056
v -0.480625 0.180234 -0.961250
v -0.180211 -0.480607 -0.963103
v -0.660859 -0.480625 -0.961251
v -0.480625 -0.300391 -0.989543
v 0.781016 -0.480625 -0.961250
v 0.300944 -0.482097 -0.974635
v 0.480625 -0.300391 -0.961344
v 0.961250 0.180234 -0.480625
v 0.961250 -0.480625 -0.180234
v 0.961250 -0.480625 -0.660859
v 0.993871 -0.300391 -0.480625
v 0.973679 -0.482514 0.783085
v 0.977374 -0.482901 0.300617
v 0.964551 -0.300391 0.480625
v 0.480625 0.180234 0.961250
v 0.180246 -0.480975 0.961954
v 0.660859 -0.480626 0.961271
v 0.480625 -0.300391 0.989528
v -0.781016 -0.480625 0.961250
v -0.299282 -0.486506 0.994108
v -0.481197 -0.300306 0.970372
v -0.526731 0.887810 -0.196212
v -0.528396 0.908188 -0.726562
v -0.189885 0.893895 -0.527459
v -0.726204 0.876519 -0.527879
v 0.528394 0.855443 -0.198167
v 0.528394 0.855053 -0.726562
v 0.858641 0.878221 -0.528414
v 0.330246 0.891124 -0.528414
v 0.528422 0.862571 0.858741
v 0.530031 0.884831 0.327064
v 0.859064 0.901893 0.529078
v 0.330456 0.864811 0.528314
v -0.528334 0.901389 0.858637
v -0.528344 0.858556 0.330176
v -0.198149 0.898228 0.528376
v -0.723737 0.926022 0.528399
v -0.480625 0.180234 0.979783
v 0.974850 0.180229 0.480624
v 0.480485 0.179655 -0.964895
v -0.962858 0.179735 -0.480411
v -1.056791 0.855053 -0.594463
v -0.961250 -0.540770 -0.962965
v 0.594443 0.877971 -1.057474
v 0.961250 -0.540703 -0.961250
v 1.059793 0.874206 0.595070
v 0.961250 -0.540703 0.961250
v -0.594446 0.856425 1.057032
v -0.961250 -0.420547 0.961250
v -1.057484 0.869398 0.461761
v -0.961250 0.420547 -0.961250
v -0.462347 0.855053 -1.056809
v 0.961250 0.420547 -0.961250
v 1.056789 0.855053 -0.462365
v 0.966011 0.420547 0.968437
v 0.462190 0.861117 1.058606
v 0.000172 0.907882 0.594401
v -0.000608 0.882973 -0.461910
v 0.594443 0.924627 -0.000019
v -0.462198 0.922576 0.000354
v -0.000595 -0.543002 0.982207
v 0.000000 0.420547 0.970116
v 0.980676 -0.542617 0.000076
v 0.996242 0.418658 -0.000974
v 0.000546 -0.560367 -0.989707
v -0.001752 0.420873 -1.010512
v -0.966178 -0.542147 -0.000051
v -0.987395 0.424376 0.005013
v -1.062748 0.869660 -0.066758
v 0.066048 0.855053 -1.056809
v 1.056789 0.855053 0.066031
v -0.066050 0.892146 1.063744
v -1.056791 0.855053 0.990722
v -1.056791 0.793882 -1.056809
v -0.990742 0.855053 -1.056809
v 1.056789 0.793882 -1.056809
v 1.056789 0.855053 -0.990760
v 1.057465 0.800722 1.057439
v 0.992585 0.878188 1.059129
v 0.001614 0.892906 0.065175
v -0.000161 0.879991 -0.990911
v 0.066297 0.863542 -0.000190
v -0.990850 0.855594 -0.000023
v -0.000000 0.799182 1.057001
v 1.056789 0.793882 -0.000019
v -0.000001 0.793882 -1.056809
v -1.056791 0.793882 -0.000019
v -1.040639 0.432945 0.479651
v -1.058594 0.802194 0.528376
v -1.019776 -0.482581 0.420490
v -0.961250 -0.480625 0.901172
v -0.968656 -0.541090 0.480618
v -0.961250 -0.480625 -0.540703
v -1.002981 -0.490200 -0.062356
v -0.961254 -0.540704 -0.480625
v -0.486882 0.433303 -1.041638
v -0.528396 0.793882 -1.056809
v -0.420206 -0.481077 -1.034741
v -0.901273 -0.481997 -0.991124
v -0.480500 -0.540879 -0.981654
v 0.540711 -0.480635 -0.961749
v 0.061191 -0.499393 -1.004890
v 0.480779 -0.540891 -0.968444
v 1.040685 0.439814 -0.471150
v 1.056789 0.793882 -0.528414
v 1.010325 -0.492260 -0.420231
v 0.961250 -0.480625 -0.901172
v 0.983745 -0.551707 -0.480574
v 0.974863 -0.481775 0.539682
v 1.004591 -0.480858 0.060221
v 0.961250 -0.540703 0.480625
v 0.480625 0.420547 1.004416
v 0.528386 0.799293 1.056886
v 0.420271 -0.480913 1.019967
v 0.901182 -0.480641 0.962064
v 0.480570 -0.540921 0.970969
v -0.540703 -0.480625 0.961250
v -0.060978 -0.482053 1.007551
v -0.480625 -0.540703 0.961250
v -0.528407 0.868053 -0.462355
v -0.528396 0.855053 -0.990760
v -0.462347 0.902309 -0.528414
v -0.991904 0.868532 -0.527621
v 0.528454 0.928528 -0.462305
v 0.528411 0.911158 -0.990929
v 0.594539 0.923474 -0.528332
v 0.065888 0.863714 -0.528317
v 0.528294 0.860983 0.594487
v 0.528394 0.909995 0.066031
v 0.595515 0.872398 0.528777
v 0.066057 0.896345 0.528372
v -0.528396 0.896904 0.594426
v -0.524343 0.918137 0.067351
v -0.462105 0.872990 0.528364
v -0.994449 0.929618 0.526230
v -0.480625 0.420547 0.967366
v -0.528396 0.798330 1.057251
v 0.973728 0.420547 0.480625
v 1.056962 0.795280 0.528438
v 0.480250 0.421304 -0.966789
v 0.528394 0.794475 -1.056824
v -0.996144 0.431623 -0.478040
v -1.056791 0.793882 -0.528414
v -1.056791 0.793882 -0.264216
v -0.963316 0.240175 -0.300506
v -0.969954 0.238477 -0.060796
v -0.984407 0.177199 -0.242036
v -1.015434 0.425833 -0.249883
v -0.977009 0.240125 -0.784129
v -1.056612 0.224234 -0.537354
v -0.962276 0.180088 -0.721082
v -0.968358 0.422093 -0.721965
v 0.264196 0.793882 -1.056809
v 0.300579 0.240054 -0.971070
v 0.060143 0.239828 -0.967680
v 0.241047 0.179059 -1.014712
v 0.244510 0.422110 -0.980246
v 0.781016 0.240313 -0.961250
v 0.545118 0.219949 -1.092046
v 0.720938 0.180234 -0.961250
v 0.720949 0.420572 -0.961317
v 1.059799 0.802425 0.264179
v 0.961250 0.240313 0.300391
v 0.976579 0.239995 0.059981
v 0.964854 0.180234 0.240312
v 0.962870 0.420531 0.240705
v 0.976602 0.240313 0.781016
v 1.046833 0.235518 0.540865
v 0.962238 0.180234 0.720938
v 0.961250 0.420547 0.720938
v -0.264195 0.796812 1.057918
v -0.299252 0.239484 0.977005
v -0.060116 0.240179 0.977536
v -0.239100 0.179303 0.977830
v -0.240246 0.420593 0.963742
v -0.781016 0.240313 0.961250
v -0.540703 0.240313 1.020252
v -0.720938 0.180234 0.961250
v -0.720938 0.420547 0.961250
v -0.792594 0.855053 0.330228
v -0.792594 0.898470 0.066031
v -0.726544 0.855199 0.264179
v -1.005987 0.878661 0.264985
v -0.264198 0.856033 0.330229
v -0.264199 0.857041 0.066031
v -0.198149 0.873247 0.264179
v -0.462168 0.902467 0.263999
v -0.264199 0.857057 0.858623
v -0.264195 0.924711 0.594427
v -0.198149 0.855297 0.792574
v -0.462347 0.862169 0.792574
v 0.264209 0.859126 0.330222
v 0.264201 0.907911 0.066120
v 0.330246 0.856117 0.264179
v 0.066050 0.871569 0.264181
v 0.791515 0.885650 0.331059
v 0.791084 0.904795 0.067298
v 0.858514 0.867861 0.264290
v 0.594454 0.890870 0.264178
v 0.790339 0.926647 0.857974
v 0.792600 0.872259 0.594442
v 0.856995 0.891776 0.792245
v 0.594148 0.863182 0.792317
v 0.264196 0.925502 -0.726562
v 0.264196 0.869769 -0.990760
v 0.330246 0.917998 -0.792611
v 0.066031 0.884764 -0.792621
v 0.792606 0.886888 -0.726548
v 0.792592 0.855069 -0.990760
v 0.858658 0.916616 -0.792595
v 0.594511 0.887967 -0.792654
v 0.792592 0.863201 -0.198167
v 0.792583 0.858599 -0.462357
v 0.858641 0.899736 -0.264216
v 0.594443 0.893944 -0.264216
v -0.792545 0.870464 -0.726487
v -0.792594 0.856236 -0.990760
v -0.728831 0.903927 -0.790967
v -0.993626 0.866396 -0.793207
v -0.264298 0.873028 -0.726463
v -0.264199 0.855053 -0.990760
v -0.198149 0.876768 -0.792611
v -0.462347 0.908666 -0.792611
v -0.265736 0.891956 -0.198409
v -0.264199 0.879990 -0.462365
v -0.201297 0.883726 -0.266061
v -0.460415 0.908325 -0.261222
v -0.300391 -0.240313 0.961250
v -0.060078 -0.240313 0.970991
v -0.240313 -0.300391 0.961444
v -0.240274 -0.540899 0.962530
v -0.720938 -0.540703 0.961250
v 0.660859 -0.240313 0.995911
v 0.901172 -0.240313 0.961250
v 0.720938 -0.300391 1.014138
v 0.720939 -0.540706 0.961439
v 0.240313 -0.540703 0.961800
v 0.792585 0.794177 1.056770
v 0.660750 0.240177 0.974613
v 0.901172 0.240313 0.961250
v 0.720938 0.180234 0.961250
v 0.720301 0.420228 0.980266
v 0.180261 0.240289 1.010834
v 0.420547 0.240313 0.961349
v 0.240313 0.180234 0.995109
v 0.240313 0.420547 0.961250
v 0.961253 -0.240313 0.300391
v 0.965330 -0.240313 0.060078
v 0.966780 -0.300435 0.240366
v 0.961250 -0.540703 0.240313
v 0.961250 -0.540703 0.720938
v 1.034138 -0.240313 -0.660859
v 0.961728 -0.240313 -0.901172
v 1.026697 -0.300391 -0.720938
v 0.961250 -0.540703 -0.720938
v 0.961363 -0.540704 -0.240313
v 1.056789 0.794299 -0.792611
v 0.976193 0.240220 -0.661009
v 0.961250 0.240313 -0.901172
v 0.961250 0.180234 -0.720938
v 0.961955 0.420588 -0.720995
v 1.062684 0.246084 -0.174801
v 0.969507 0.239615 -0.419494
v 1.008616 0.180291 -0.240289
v 0.961376 0.420565 -0.240302
v 0.300391 -0.240313 -0.968071
v 0.060078 -0.240313 -0.975855
v 0.240313 -0.300391 -0.972992
v 0.240313 -0.540703 -0.961250
v 0.720938 -0.540703 -0.961250
v -0.660859 -0.240313 -0.987522
v -0.901172 -0.240313 -0.961250
v -0.720938 -0.300391 -1.018691
v -0.720955 -0.540727 -0.963185
v -0.240313 -0.540703 -0.963641
v -0.792594 0.793882 -1.056809
v -0.660859 0.240313 -0.961541
v -0.901172 0.240313 -0.961250
v -0.720938 0.180234 -0.961250
v -0.720938 0.420547 -0.964946
v -0.191847 0.226467 -1.079521
v -0.420339 0.239983 -0.962617
v -0.241201 0.179231 -0.966036
v -0.240313 0.420547 -0.961250
v -0.961250 -0.240313 -0.300391
v -0.981854 -0.240313 -0.060078
v -0.961250 -0.300391 -0.240313
v -0.961254 -0.540703 -0.240313
v -0.961250 -0.540703 -0.720938
v -0.961250 -0.240313 0.660859
v -0.961250 -0.240313 0.901172
v -0.972220 -0.300391 0.720938
v -0.968884 -0.541030 0.721094
v -0.961410 -0.540703 0.240313
v -1.056791 0.793882 0.792574
v -0.961250 0.240313 0.660859
v -0.961252 0.240313 0.901172
v -0.965928 0.180234 0.720938
v -0.970238 0.420565 0.721542
v -1.049044 0.236160 0.187190
v -0.984744 0.236666 0.418890
v -0.961250 0.180234 0.240313
v -0.961250 0.420547 0.240313
v -1.061042 0.798753 0.264242
v -0.961250 -0.240313 0.180234
v -0.961250 -0.240313 0.420547
v -0.961250 -0.300391 0.240313
v -0.961250 -0.240313 -0.781016
v -0.961250 -0.240313 -0.540703
v -0.996998 -0.295043 -0.723574
v -0.264199 0.793882 -1.056809
v -0.180224 -0.240302 -0.963197
v -0.420547 -0.240313 -0.962893
v -0.240065 -0.300073 -0.969797
v 0.781016 -0.240313 -0.961573
v 0.540703 -0.240313 -0.961250
v 0.720938 -0.300391 -1.021361
v 1.056789 0.793903 -0.264216
v 0.973679 -0.240313 -0.180234
v 0.967554 -0.240313 -0.420547
v 0.961784 -0.300391 -0.240313
v 0.961273 -0.240313 0.781016
v 0.961250 -0.240313 0.540703
v 1.009094 -0.300391 0.720938
v 0.264113 0.821128 1.061668
v 0.180234 -0.240312 0.968717
v 0.420547 -0.240313 0.964358
v 0.240310 -0.300388 0.984367
v -0.781016 -0.240313 0.961250
v -0.540723 -0.240299 0.962659
v -0.721437 -0.300684 1.012628
v -0.792594 0.855147 -0.198167
v -0.792590 0.855121 -0.462342
v -0.726314 0.860892 -0.264178
v -0.990742 0.855053 -0.264216
v 0.264289 0.939129 -0.199651
v 0.264196 0.889806 -0.462365
v 0.330509 0.909434 -0.264959
v 0.066057 0.857116 -0.264207
v 0.264083 0.866116 0.858766
v 0.264196 0.898576 0.594426
v 0.330280 0.880590 0.792754
v 0.066068 0.864478 0.792553
v -0.792516 0.902504 0.858702
v -0.790014 0.888148 0.595072
v -0.726541 0.878093 0.792578
v -0.990827 0.856847 0.792587
v -0.792594 0.798120 1.058508
v 1.057329 0.794982 0.792586
v 0.792592 0.793882 -1.056809
v -1.056791 0.793882 -0.792611
v -1.056791 0.793882 -0.660513
v 0.660493 0.794300 -1.056810
v 1.059075 0.807433 0.660712
v -0.660495 0.793882 1.056771
v -0.924659 0.871121 0.726566
v -0.924077 0.925064 0.594301
v -0.858643 0.873177 0.660475
v -0.994711 0.923213 0.660475
v -0.660365 0.874889 0.726397
v -0.659980 0.920328 0.594390
v -0.594370 0.909734 0.660400
v -0.725059 0.907180 0.660239
v -0.660495 0.856605 0.990722
v -0.660495 0.861454 0.858623
v -0.594301 0.877566 0.924706
v -0.726544 0.899506 0.924673
v 0.132102 0.889242 0.726520
v 0.132098 0.921241 0.594426
v 0.198147 0.911703 0.660475
v 0.066060 0.909503 0.660464
v 0.396055 0.905597 0.726981
v 0.396315 0.858928 0.594454
v 0.462153 0.870757 0.660610
v 0.330375 0.869872 0.660658
v 0.395854 0.874396 0.997480
v 0.396209 0.872874 0.858695
v 0.462370 0.865214 0.924968
v 0.329919 0.887809 0.927253
v 0.131630 0.878483 -0.329470
v 0.132073 0.868815 -0.462268
v 0.198143 0.857841 -0.396309
v 0.066327 0.893698 -0.393423
v 0.396282 0.857245 -0.330254
v 0.396295 0.855523 -0.462365
v 0.462357 0.892233 -0.396304
v 0.330246 0.855056 -0.396315
v 0.396036 0.928748 -0.067376
v 0.400614 0.919727 -0.200746
v 0.463002 0.894366 -0.133778
v 0.330261 0.909537 -0.132194
v -0.927726 0.911196 -0.328130
v -0.925735 0.868740 -0.460826
v -0.857902 0.882521 -0.396202
v -0.990788 0.874502 -0.396275
v -0.657711 0.919746 -0.329754
v -0.660371 0.856236 -0.462152
v -0.594122 0.919619 -0.399988
v -0.726359 0.862110 -0.396301
v -0.660496 0.876614 -0.066068
v -0.661659 0.877016 -0.196710
v -0.595852 0.870925 -0.131340
v -0.726545 0.873626 -0.132117
v -0.661662 -0.364532 1.044402
v -0.541740 -0.360561 0.991487
v -0.600117 -0.421252 0.992416
v -0.598712 -0.300591 1.020726
v -0.901172 -0.360469 0.961250
v -0.781017 -0.360469 0.967239
v -0.841094 -0.420547 0.961250
v -0.841094 -0.300391 0.961250
v 0.300391 -0.360469 0.961257
v 0.420538 -0.360478 0.961935
v 0.360372 -0.420644 1.013217
v 0.360469 -0.300391 0.961250
v 0.060078 -0.360469 1.020444
v 0.180208 -0.360443 1.007312
v 0.120155 -0.420546 0.978830
v 0.120151 -0.300385 0.989419
v 0.396044 0.801603 1.060746
v 1.016649 -0.360469 0.660859
v 0.963351 -0.360469 0.540703
v 0.989951 -0.422030 0.599742
v 0.982540 -0.300391 0.600781
v 0.961250 -0.360469 0.901172
v 0.985438 -0.360469 0.781016
v 0.976294 -0.421397 0.842232
v 0.961250 -0.300391 0.841094
v 0.961250 -0.360469 -0.300391
v 0.962099 -0.360475 -0.420541
v 1.002864 -0.420712 -0.360315
v 0.961250 -0.300391 -0.360469
v 1.013159 -0.360469 -0.060078
v 0.975316 -0.360467 -0.180233
v 0.961766 -0.420547 -0.120156
v 1.018099 -0.300389 -0.120155
v 1.056789 0.793882 -0.396315
v 0.660859 -0.360469 -1.039860
v 0.540703 -0.360469 -0.967861
v 0.600781 -0.420547 -0.983031
v 0.600781 -0.300391 -1.003196
v 0.901172 -0.360469 -0.961250
v 0.781016 -0.360469 -0.984671
v 0.841094 -0.420547 -0.961250
v 0.841094 -0.300391 -0.961250
v -0.300327 -0.360386 -0.964513
v -0.420228 -0.360937 -0.972325
v -0.360291 -0.420761 -1.012701
v -0.360469 -0.300391 -0.961250
v -0.060064 -0.360458 -1.038788
v -0.179360 -0.359546 -1.003045
v -0.119972 -0.420412 -0.988051
v -0.120080 -0.300313 -1.022617
v -0.396297 0.793882 -1.056809
v -1.052811 -0.357902 -0.660242
v -0.981120 -0.360469 -0.540703
v -0.973881 -0.421659 -0.600882
v -0.963480 -0.300391 -0.600781
v -0.961250 -0.360469 -0.901172
v -1.001016 -0.359285 -0.786776
v -0.961250 -0.420547 -0.841094
v -0.961250 -0.300391 -0.841094
v -0.961713 -0.360469 0.300391
v -0.961455 -0.360470 0.420546
v -1.004050 -0.420566 0.360450
v -0.961250 -0.300391 0.360469
v -1.017746 -0.360469 0.060078
v -0.974159 -0.360466 0.180232
v -0.984530 -0.420547 0.120156
v -0.998129 -0.300389 0.120155
v -1.056791 0.793882 0.396277
v -0.986326 0.361530 0.296732
v -1.059256 0.365315 0.413808
v -1.035511 0.296025 0.352143
v -1.018825 0.430374 0.353527
v -0.961250 0.180234 0.360469
v -0.984945 0.175617 0.119793
v -1.007677 0.360874 0.781061
v -0.970979 0.360522 0.901201
v -1.002293 0.301219 0.841364
v -0.965673 0.420547 0.841094
v -0.975467 0.180234 0.841094
v -0.961250 0.180234 0.600781
v -1.056791 0.793882 0.924673
v -0.987193 -0.543958 0.360470
v -0.963999 -0.540758 0.841135
v -0.966718 -0.360477 0.781024
v -0.961250 -0.360469 0.901172
v -0.966451 -0.420668 0.841206
v -0.961250 -0.300391 0.841094
v -1.014030 -0.361599 0.535698
v -1.014452 -0.360839 0.660630
v -0.971029 -0.420623 0.600710
v -1.009662 -0.301416 0.599642
v -0.961250 -0.540703 -0.600781
v -0.962167 -0.540857 -0.120216
v -0.963951 -0.360469 -0.180234
v -1.019663 -0.360469 -0.060078
v -0.989095 -0.422568 -0.121181
v -1.001217 -0.300391 -0.120156
v -1.040998 -0.357753 -0.420547
v -0.965164 -0.360469 -0.300391
v -0.979302 -0.422180 -0.360317
v -0.988918 -0.299167 -0.360057
v -0.300183 0.360467 -0.961522
v -0.398972 0.360859 -1.101346
v -0.353850 0.296308 -0.979495
v -0.357570 0.421378 -0.977657
v -0.360469 0.180234 -0.961250
v -0.120319 0.177198 -0.974531
v -0.781016 0.360469 -0.961250
v -0.901172 0.360469 -0.961250
v -0.841094 0.300391 -0.961250
v -0.841094 0.420547 -0.961250
v -0.841094 0.180234 -0.961250
v -0.600781 0.180234 -0.961250
v -0.924693 0.793882 -1.056809
v -0.360459 -0.540715 -0.979960
v -0.841178 -0.542281 -0.982816
v -0.781095 -0.360570 -0.974933
v -0.901176 -0.360472 -0.961852
v -0.841636 -0.421644 -0.997535
v -0.841094 -0.300391 -0.961482
v -0.540657 -0.360548 -0.993575
v -0.660859 -0.360469 -1.016467
v -0.600779 -0.420551 -0.966448
v -0.600781 -0.300391 -1.022626
v 0.600781 -0.540703 -0.961250
v 0.120502 -0.546269 -0.977441
v 0.180234 -0.360469 -0.961291
v 0.060078 -0.360469 -0.987252
v 0.120217 -0.420895 -0.964596
v 0.120156 -0.300391 -0.972579
v 0.420854 -0.360919 -0.977935
v 0.300391 -0.360469 -1.011811
v 0.362744 -0.424918 -1.010548
v 0.360469 -0.300391 -1.008243
v 0.975095 0.362298 -0.298303
v 1.054216 0.369135 -0.402692
v 0.983129 0.300457 -0.355140
v 0.985853 0.425753 -0.354270
v 0.961282 0.180234 -0.360469
v 0.989667 0.180332 -0.119402
v 0.962078 0.360469 -0.781016
v 0.961250 0.360469 -0.901172
v 0.961250 0.300391 -0.841094
v 0.961250 0.420547 -0.841094
v 0.961250 0.180234 -0.841094
v 0.961259 0.180234 -0.600781
v 1.056789 0.793882 -0.924710
v 0.983419 -0.546418 -0.360463
v 0.961250 -0.540703 -0.841094
v 0.985574 -0.360713 -0.781119
v 0.961481 -0.360469 -0.901172
v 0.975311 -0.422161 -0.841878
v 0.976561 -0.300391 -0.841094
v 0.988286 -0.360469 -0.540703
v 1.001440 -0.360469 -0.660859
v 0.964772 -0.420547 -0.600781
v 1.037824 -0.300391 -0.600781
v 0.965273 -0.540968 0.600586
v 0.976669 -0.548526 0.120165
v 0.963009 -0.360469 0.180234
v 0.999974 -0.360469 0.060078
v 0.966117 -0.420551 0.120160
v 1.002187 -0.300391 0.120156
v 0.988198 -0.360505 0.420568
v 1.003985 -0.360652 0.300609
v 1.003184 -0.427689 0.362979
v 0.992806 -0.300391 0.360471
v 0.300391 0.360469 0.961250
v 0.420552 0.360474 1.003199
v 0.360469 0.300391 0.961338
v 0.360469 0.420547 0.961776
v 0.360469 0.180234 0.962969
v 0.120188 0.180202 0.982655
v 0.781016 0.360469 0.975870
v 0.903043 0.360469 0.971366
v 0.841094 0.300391 0.962114
v 0.841140 0.420547 0.977879
v 0.841094 0.180234 0.961250
v 0.600781 0.180234 0.961250
v 0.924889 0.799520 1.057656
v 0.360469 -0.540703 0.964273
v 0.841105 -0.540725 0.963336
v 0.781028 -0.360506 0.987200
v 0.901172 -0.360469 0.961476
v 0.841774 -0.422265 0.983317
v 0.841094 -0.300391 0.976327
v 0.540703 -0.360469 0.995778
v 0.660859 -0.360469 1.015961
v 0.600766 -0.420582 0.967383
v 0.600781 -0.300391 1.022908
v -0.600781 -0.540703 0.961250
v -0.120233 -0.540835 0.980872
v -0.180234 -0.360469 0.961250
v -0.060078 -0.360469 1.008624
v -0.120192 -0.420588 0.968097
v -0.120156 -0.300391 0.986187
v -0.420559 -0.360468 0.991200
v -0.300409 -0.360450 1.007173
v -0.361044 -0.423376 1.004118
v -0.360469 -0.300391 0.989576
v -0.396148 0.875048 -0.329066
v -0.396297 0.903823 -0.462365
v -0.330248 0.878522 -0.396315
v -0.462345 0.873458 -0.396323
v -0.132100 0.855053 -0.330266
v -0.130503 0.898464 -0.461844
v -0.066052 0.871070 -0.396305
v -0.198043 0.857616 -0.396270
v -0.132100 0.877139 -0.066068
v -0.132137 0.885522 -0.198136
v -0.066054 0.896461 -0.132115
v -0.204455 0.894252 -0.132036
v -0.396309 0.872010 -0.858650
v -0.396297 0.855053 -0.990760
v -0.330248 0.855053 -0.924710
v -0.462347 0.855053 -0.924710
v -0.132107 0.898025 -0.858669
v -0.132100 0.906592 -0.990760
v -0.066181 0.889194 -0.924834
v -0.198149 0.902143 -0.924710
v -0.131565 0.904952 -0.594544
v -0.132103 0.857520 -0.726564
v -0.066263 0.878049 -0.660098
v -0.198123 0.855528 -0.660515
v -0.924693 0.876038 -0.858661
v -0.924693 0.855053 -0.990760
v -0.858643 0.869918 -0.924710
v -0.990742 0.855053 -0.924710
v -0.656569 0.907805 -0.860245
v -0.660495 0.855053 -0.990760
v -0.594446 0.855053 -0.924710
v -0.726453 0.901446 -0.924663
v -0.661300 0.883837 -0.592610
v -0.663953 0.919546 -0.729456
v -0.594467 0.876042 -0.660514
v -0.727923 0.925263 -0.661587
v 0.660493 0.919661 -0.330266
v 0.660448 0.927482 -0.462324
v 0.726536 0.907072 -0.396309
v 0.594443 0.918139 -0.396315
v 0.924694 0.893839 -0.330250
v 0.924691 0.856577 -0.462362
v 0.990744 0.866588 -0.396298
v 0.858641 0.858176 -0.396311
v 0.924690 0.913631 -0.066068
v 0.924690 0.904723 -0.198167
v 0.990764 0.910052 -0.132118
v 0.858641 0.912546 -0.132118
v 0.660493 0.910101 -0.858661
v 0.660493 0.908730 -0.990782
v 0.726542 0.880284 -0.924710
v 0.594467 0.917873 -0.924730
v 0.924691 0.918854 -0.858660
v 0.924690 0.855053 -0.990760
v 0.990740 0.866133 -0.924710
v 0.858641 0.857166 -0.924710
v 0.924690 0.926542 -0.594463
v 0.924690 0.927878 -0.726562
v 0.990740 0.917041 -0.660513
v 0.858641 0.925694 -0.660513
v 0.132098 0.897079 -0.858661
v 0.132098 0.855135 -0.990760
v 0.198147 0.890398 -0.924710
v 0.065924 0.858844 -0.924810
v 0.396295 0.885397 -0.858661
v 0.396295 0.855250 -0.990760
v 0.462405 0.883274 -0.924763
v 0.330246 0.897854 -0.924710
v 0.396295 0.885706 -0.594463
v 0.396295 0.897443 -0.726562
v 0.462345 0.860136 -0.660513
v 0.330246 0.912543 -0.660513
v 0.659240 0.894320 0.725688
v 0.659903 0.884640 0.594600
v 0.726043 0.872369 0.660323
v 0.588452 0.927693 0.658435
v 0.925725 0.875207 0.727179
v 0.929449 0.903289 0.597753
v 0.996636 0.905437 0.662247
v 0.859510 0.867337 0.661352
v 0.927100 0.885365 0.992516
v 0.925014 0.878504 0.858142
v 1.000369 0.907131 0.925818
v 0.855515 0.905332 0.923525
v 0.660493 0.920497 0.198129
v 0.660447 0.912594 0.066074
v 0.726325 0.922578 0.132256
v 0.594443 0.921745 0.132080
v 0.924692 0.901646 0.198129
v 0.924690 0.859613 0.066031
v 0.990972 0.870338 0.132080
v 0.858641 0.855081 0.132080
v 0.924430 0.874358 0.463229
v 0.924506 0.910503 0.330387
v 0.990742 0.867021 0.396301
v 0.856141 0.898557 0.398155
v 0.132098 0.855055 0.198129
v 0.133068 0.881083 0.065590
v 0.194396 0.907751 0.135627
v 0.066771 0.871844 0.131884
v 0.396295 0.855852 0.198129
v 0.394400 0.912415 0.065734
v 0.462318 0.859836 0.132079
v 0.330760 0.889610 0.133530
v 0.397863 0.900223 0.461740
v 0.395683 0.896187 0.323826
v 0.464622 0.895788 0.395788
v 0.330102 0.898027 0.392145
v -0.396280 0.867921 0.726539
v -0.395613 0.916197 0.594609
v -0.330134 0.923081 0.660543
v -0.462307 0.859836 0.660498
v -0.132049 0.857851 0.726529
v -0.131793 0.872112 0.594394
v -0.065539 0.884083 0.660498
v -0.198149 0.901075 0.660475
v -0.132099 0.924556 1.000327
v -0.132100 0.895780 0.858623
v -0.066050 0.915955 0.925194
v -0.198145 0.915434 0.924820
v -0.396316 0.916287 0.198126
v -0.396395 0.921904 0.066109
v -0.330361 0.886165 0.132061
v -0.462339 0.902780 0.132087
v -0.132100 0.893873 0.198129
v -0.132107 0.878715 0.066039
v -0.065309 0.876669 0.131799
v -0.198151 0.892626 0.132083
v -0.132053 0.862051 0.462294
v -0.132100 0.855273 0.330228
v -0.066031 0.889437 0.396268
v -0.198149 0.855681 0.396277
v -0.924748 0.882387 0.198156
v -0.924693 0.908036 0.066031
v -0.858643 0.912064 0.132080
v -0.991205 0.857176 0.132173
v -0.660299 0.859977 0.198282
v -0.659605 0.888995 0.066367
v -0.590117 0.909517 0.134399
v -0.726544 0.910113 0.132080
v -0.659980 0.929909 0.462081
v -0.660492 0.876230 0.330226
v -0.594446 0.911846 0.396277
v -0.726150 0.905104 0.396052
v -0.660859 0.360469 0.992939
v -0.540703 0.360469 1.021147
v -0.600781 0.300391 1.019089
v -0.600781 0.420547 0.964738
v -0.600781 0.180234 0.966577
v -0.841094 0.180234 0.961250
v -0.180134 0.360539 1.001858
v -0.060078 0.360469 1.020662
v -0.120162 0.300374 0.969979
v -0.120156 0.420547 0.990769
v -0.120373 0.179659 1.006515
v -0.360469 0.180234 0.961689
v -0.132099 0.821899 1.068066
v 1.018388 0.361867 0.664179
v 1.042851 0.364358 0.540702
v 1.060473 0.300230 0.605537
v 0.975527 0.420547 0.600781
v 0.980056 0.180208 0.600784
v 1.002177 0.180234 0.841094
v 0.990129 0.358756 0.183369
v 1.056062 0.352592 0.059368
v 0.990362 0.296757 0.121375
v 1.019541 0.417358 0.122581
v 1.012005 0.180234 0.120156
v 0.961250 0.180234 0.360469
v 1.056789 0.793885 0.132080
v 0.670227 0.373002 -1.046429
v 0.551223 0.389434 -1.064562
v 0.613196 0.300773 -1.083924
v 0.601265 0.422303 -0.968592
v 0.600655 0.178284 -0.968642
v 0.841094 0.180234 -0.961250
v 0.191583 0.355524 -1.073013
v 0.053546 0.352181 -1.085644
v 0.119514 0.292715 -1.021852
v 0.124383 0.425998 -1.070762
v 0.120750 0.177812 -1.013915
v 0.360469 0.180234 -0.961250
v 0.132098 0.793882 -1.056809
v -1.057551 0.376412 -0.665746
v -1.059678 0.384131 -0.539228
v -1.067813 0.296975 -0.603128
v -1.009093 0.435443 -0.601346
v -0.969102 0.178681 -0.600848
v -0.961250 0.180234 -0.841094
v -1.067141 0.357293 -0.185514
v -1.051608 0.360748 -0.048405
v -1.017534 0.295636 -0.114914
v -1.042690 0.431813 -0.113576
v -0.980246 0.177012 -0.121094
v -0.961250 0.180234 -0.360469
v -1.056858 0.794213 -0.132126
v -1.056791 0.793882 -0.396315
v -1.027047 0.370201 -0.412921
v -0.962058 0.360529 -0.300580
v -0.989004 0.300305 -0.357402
v -0.963563 0.421052 -0.360086
v -0.961250 0.360469 -0.901172
v -0.981336 0.362199 -0.784570
v -0.963534 0.300434 -0.841506
v -0.961250 0.420547 -0.841094
v 0.396295 0.793882 -1.056809
v 0.412708 0.362853 -1.052207
v 0.299942 0.360594 -0.963111
v 0.355635 0.299297 -0.999550
v 0.360400 0.420599 -0.961580
v 0.901172 0.360469 -0.961250
v 0.781016 0.360469 -0.961250
v 0.841094 0.300391 -0.961250
v 0.841094 0.420547 -0.961250
v 1.056789 0.793882 0.396277
v 1.012721 0.362193 0.417132
v 0.961812 0.360537 0.300245
v 0.970336 0.300874 0.359336
v 0.961396 0.420565 0.360431
v 0.962960 0.360469 0.903366
v 0.961250 0.360469 0.781016
v 0.966362 0.300391 0.841094
v 0.961250 0.420547 0.841094
v -0.396297 0.794161 1.056773
v -0.420547 0.360469 1.017023
v -0.300391 0.360469 0.967040
v -0.360469 0.300391 1.018575
v -0.360469 0.420547 0.961394
v -0.901172 0.360469 0.961250
v -0.781016 0.360469 0.961250
v -0.841094 0.300391 0.961250
v -0.841094 0.420547 0.961250
v -0.924331 0.949615 0.454730
v -0.924685 0.855211 0.330177
v -0.858528 0.865698 0.395795
v -0.992133 0.880501 0.392417
v -0.395858 0.909460 0.462225
v -0.396283 0.858170 0.330237
v -0.330159 0.898620 0.396299
v -0.462326 0.857139 0.396277
v -0.396298 0.890617 0.990844
v -0.396299 0.874555 0.858624
v -0.330248 0.857872 0.924673
v -0.462338 0.919114 0.924812
v 0.132098 0.891637 0.462327
v 0.132097 0.913188 0.330230
v 0.198146 0.918427 0.396279
v 0.066056 0.924222 0.396285
v 0.661096 0.869875 0.462465
v 0.660604 0.858819 0.330242
v 0.722382 0.905809 0.394771
v 0.599330 0.906978 0.394603
v 0.660456 0.861016 0.990843
v 0.660467 0.863356 0.858625
v 0.725862 0.891184 0.924438
v 0.594436 0.875883 0.925035
v 0.132098 0.919979 -0.594463
v 0.132098 0.925998 -0.726562
v 0.198147 0.921169 -0.660513
v 0.066048 0.906367 -0.660513
v 0.660184 0.918633 -0.594249
v 0.660493 0.855075 -0.726562
v 0.726525 0.858005 -0.660501
v 0.594447 0.876300 -0.660504
v 0.659624 0.925166 -0.065650
v 0.660495 0.855890 -0.198165
v 0.725979 0.873050 -0.131863
v 0.594461 0.877165 -0.132070
v -0.928812 0.897491 -0.592924
v -0.925618 0.912417 -0.726549
v -0.859035 0.917111 -0.660525
v -0.990743 0.855914 -0.660513
v -0.396297 0.892994 -0.594463
v -0.396324 0.903371 -0.726536
v -0.330264 0.908386 -0.660497
v -0.462347 0.896773 -0.660513
v -0.396345 0.869216 -0.065957
v -0.395948 0.883488 -0.197943
v -0.328037 0.883709 -0.130349
v -0.462334 0.859953 -0.132086
v -0.360434 -0.541337 0.964655
v -0.841094 -0.540703 0.961250
v 0.600753 -0.540894 0.964673
v 0.120224 -0.548708 0.975285
v 0.660491 0.794196 1.056783
v 0.540669 0.360454 1.000826
v 0.658999 0.359325 1.016096
v 0.600626 0.300239 1.013879
v 0.600297 0.420372 0.990529
v 0.060126 0.360422 0.970835
v 0.180255 0.360451 0.970388
v 0.121067 0.299601 1.011123
v 0.120156 0.420547 0.961250
v 0.964570 -0.541022 0.360570
v 0.961250 -0.540703 0.841094
v 0.961250 -0.540703 -0.600781
v 0.966236 -0.545215 -0.120153
v 1.056789 0.794325 -0.660513
v 1.097100 0.374324 -0.540391
v 1.064035 0.367314 -0.673327
v 1.095818 0.290522 -0.607882
v 1.033610 0.433312 -0.605895
v 0.974041 0.360528 -0.059964
v 0.980779 0.364870 -0.178835
v 1.046735 0.311298 -0.110723
v 0.961250 0.420547 -0.120156
v 0.360972 -0.541797 -0.980913
v 0.841094 -0.540703 -0.961250
v -0.600781 -0.540704 -0.961324
v -0.120156 -0.540785 -0.961335
v -0.660495 0.793882 -1.056809
v -0.546514 0.366566 -1.078671
v -0.660124 0.361313 -1.017222
v -0.602496 0.294260 -1.044971
v -0.599846 0.423041 -1.005763
v -0.060470 0.360730 -0.970635
v -0.181238 0.362190 -0.978089
v -0.115796 0.312387 -1.091878
v -0.120156 0.420547 -0.961250
v -0.961517 -0.540736 -0.360461
v -0.961250 -0.540703 -0.841094
v -0.961250 -0.540703 0.600781
v -0.961250 -0.540703 0.120156
v -1.060241 0.803676 0.660475
v -1.062289 0.365506 0.545182
v -0.982204 0.362632 0.665079
v -1.042310 0.296950 0.608552
v -0.993199 0.428847 0.607654
v -1.001336 0.366125 0.060499
v -0.970524 0.362815 0.181294
v -1.062241 0.309399 0.122756
v -0.961255 0.420548 0.120156
v -1.056791 0.793882 0.132080
v -0.132100 0.793882 -1.056809
v 1.056792 0.795459 -0.132118
v 0.132756 0.808593 1.057319
v -0.924693 0.864884 -0.066068
v -0.924699 0.855358 -0.198174
v -0.858643 0.860480 -0.132118
v -0.993609 0.886408 -0.133099
v 0.132654 0.907185 -0.066165
v 0.132490 0.890455 -0.198061
v 0.197277 0.926587 -0.132013
v 0.066225 0.869926 -0.132069
v 0.134374 0.904369 0.991995
v 0.132276 0.857958 0.858664
v 0.198759 0.905844 0.925899
v 0.066976 0.875289 0.924903
v -0.924693 0.877685 0.991171
v -0.924391 0.886821 0.859043
v -0.858636 0.917759 0.924680
v -0.990740 0.858267 0.924675
v -0.924693 0.794185 1.056803
v 1.064485 0.822590 0.924949
v 0.924690 0.793882 -1.056809
v -1.056791 0.793882 -0.924710
v -1.056791 0.793882 -0.858661
v 0.858641 0.793882 -1.056809
v 1.060573 0.803367 0.858670
v -0.858643 0.797524 1.058563
v -0.990728 0.858710 0.858642
v -0.858202 0.905265 0.859173
v -0.858643 0.905603 0.993715
v 0.066102 0.856167 0.858637
v 0.198159 0.862221 0.858693
v 0.199154 0.923503 0.993021
v 0.066078 0.859515 -0.198150
v 0.196524 0.928589 -0.199972
v 0.198024 0.913478 -0.065822
v -0.990844 0.859756 -0.198269
v -0.858643 0.855053 -0.198167
v -0.858643 0.904149 -0.066068
v 0.198489 0.818375 1.058778
v 1.056789 0.794291 -0.198167
v -0.198149 0.793882 -1.056809
v -1.058641 0.796044 0.198187
v -0.961250 0.420547 0.180234
v -1.049454 0.307419 0.188739
v -1.061762 0.304239 0.057558
v -0.967257 0.421893 0.662331
v -0.970146 0.300632 0.661987
v -1.066402 0.291828 0.543315
v -1.057469 0.795769 0.726524
v -0.961250 -0.540703 0.180234
v -0.961592 -0.540724 0.660866
v -0.961250 -0.540703 -0.781016
v -0.961250 -0.540703 -0.300391
v -0.180234 0.420547 -0.961250
v -0.191099 0.306171 -1.077150
v -0.050315 0.303822 -1.050109
v -0.660370 0.421164 -0.998021
v -0.660722 0.300236 -0.988381
v -0.544857 0.280984 -1.080509
v -0.726544 0.793882 -1.056809
v -0.180234 -0.540703 -0.961253
v -0.660859 -0.540703 -0.961250
v 0.781016 -0.540703 -0.961250
v 0.300450 -0.540870 -0.963524
v 0.961250 0.420547 -0.180234
v 1.061381 0.312270 -0.173990
v 0.974202 0.302126 -0.058014
v 0.976862 0.422411 -0.662943
v 1.058078 0.297521 -0.670279
v 1.092427 0.285034 -0.537550
v 1.056789 0.795030 -0.726562
v 0.961250 -0.540703 -0.180234
v 0.961250 -0.540703 -0.660859
v 0.961250 -0.540703 0.781016
v 0.962242 -0.540808 0.300391
v 0.180234 0.420547 0.961250
v 0.180397 0.300255 1.012657
v 0.060892 0.299598 0.981801
v 0.659150 0.419877 0.996360
v 0.660098 0.299700 1.010801
v 0.540693 0.300380 1.014427
v 0.726542 0.793882 1.056771
v 0.180244 -0.541158 0.962025
v 0.660859 -0.540703 0.961250
v -0.781016 -0.540703 0.961250
v -0.300085 -0.542108 0.969191
v -0.461669 0.897531 -0.197475
v -0.323799 0.893185 -0.195010
v -0.330251 0.859889 -0.065929
v -0.462347 0.902341 -0.726562
v -0.330360 0.906843 -0.726451
v -0.330248 0.904873 -0.594463
v -0.990747 0.858215 -0.726563
v -0.855213 0.928503 -0.727436
v -0.859786 0.911393 -0.593348
v 0.594444 0.856748 -0.198165
v 0.726542 0.855053 -0.198167
v 0.724283 0.917840 -0.064886
v 0.594443 0.855161 -0.726562
v 0.726542 0.855583 -0.726562
v 0.726200 0.882503 -0.594220
v 0.066048 0.906132 -0.726562
v 0.198147 0.916055 -0.726562
v 0.198147 0.916629 -0.594463
v 0.594454 0.860215 0.858711
v 0.725969 0.900457 0.858507
v 0.726294 0.866764 0.990642
v 0.595750 0.870963 0.329584
v 0.726038 0.872561 0.330293
v 0.724534 0.897273 0.462859
v 0.066057 0.918737 0.330237
v 0.198146 0.889546 0.330229
v 0.198147 0.922989 0.462327
v -0.462347 0.902994 0.858625
v -0.330248 0.855383 0.858623
v -0.330247 0.856726 0.990754
v -0.462331 0.859415 0.330212
v -0.330235 0.860273 0.330239
v -0.330075 0.926774 0.462285
v -0.994245 0.859498 0.330300
v -0.858643 0.855053 0.330228
v -0.857472 0.908567 0.460205
v -0.781016 0.420547 0.961250
v -0.781016 0.300391 0.961416
v -0.901172 0.300391 0.961250
v -0.300391 0.420547 0.961250
v -0.300389 0.300389 0.987358
v -0.420547 0.300391 1.010127
v -0.330248 0.793882 1.056771
v 0.961250 0.420547 0.781016
v 0.961447 0.300391 0.781016
v 0.963451 0.300391 0.901172
v 0.961250 0.420547 0.300391
v 0.961471 0.300417 0.300333
v 1.043921 0.300193 0.415280
v 1.057328 0.796315 0.330228
v 0.781016 0.420547 -0.961250
v 0.781016 0.300391 -0.961401
v 0.901172 0.300391 -0.961250
v 0.300401 0.420554 -0.961312
v 0.299879 0.300483 -0.963519
v 0.402249 0.294888 -1.090067
v 0.330246 0.793882 -1.056809
v -0.962076 0.420681 -0.781152
v -1.003692 0.301489 -0.788947
v -0.961250 0.300391 -0.901172
v -0.964179 0.421005 -0.301277
v -0.961867 0.300378 -0.300297
v -1.040748 0.299037 -0.410826
v -1.056791 0.793882 -0.330266
v -1.057533 0.795160 -0.066127
v -0.962112 0.180184 -0.300435
v -0.969859 0.178411 -0.060808
v -1.024600 0.430633 -0.046569
v -1.003506 0.298571 -0.053696
v -0.993730 0.297003 -0.181520
v -0.961250 0.180234 -0.781016
v -0.965576 0.178885 -0.540426
v -1.007734 0.436258 -0.539893
v -1.069343 0.290568 -0.536923
v -1.067187 0.303577 -0.668083
v 0.066048 0.793882 -1.056809
v 0.300497 0.180092 -0.971987
v 0.060133 0.179836 -0.972014
v 0.056825 0.423333 -1.063715
v 0.055685 0.292208 -1.015480
v 0.181910 0.297567 -0.989418
v 0.781016 0.180234 -0.961250
v 0.540463 0.179552 -0.965970
v 0.541192 0.421850 -0.969224
v 0.547622 0.289980 -1.097824
v 0.677473 0.305970 -1.069125
v 1.056789 0.793882 0.066031
v 0.961250 0.180234 0.300391
v 0.983472 0.180234 0.060078
v 1.024422 0.415828 0.059435
v 1.002436 0.295172 0.059077
v 0.967455 0.299684 0.181251
v 0.981527 0.180234 0.781016
v 0.985207 0.180146 0.540709
v 0.984076 0.420553 0.540703
v 1.045786 0.300444 0.540805
v 1.053221 0.300880 0.669568
v -0.066050 0.813700 1.061036
v -0.299943 0.179909 0.964358
v -0.060100 0.180143 0.985288
v -0.060078 0.420547 0.984345
v -0.060078 0.300391 0.973259
v -0.180236 0.300388 0.962996
v -0.781016 0.180234 0.961250
v -0.540703 0.180234 0.977946
v -0.540703 0.420547 0.967205
v -0.540703 0.300391 1.008337
v -0.660859 0.300391 1.007236
v -0.726541 0.859378 0.330225
v -0.594445 0.864751 0.330228
v -0.594445 0.924834 0.462327
v -0.726544 0.915552 0.066031
v -0.587086 0.911220 0.068427
v -0.593357 0.896825 0.198871
v -0.990742 0.857252 0.066031
v -0.858643 0.905554 0.066031
v -0.858643 0.906522 0.198129
v -0.198149 0.855378 0.330228
v -0.066047 0.864641 0.330231
v -0.065945 0.903738 0.462253
v -0.198154 0.880154 0.066036
v -0.065230 0.871679 0.065548
v -0.066034 0.866231 0.198125
v -0.462294 0.915508 0.066142
v -0.330293 0.880432 0.066037
v -0.330287 0.870494 0.198123
v -0.198149 0.880682 0.858623
v -0.066050 0.889377 0.858623
v -0.066050 0.918884 0.996217
v -0.198149 0.906942 0.594426
v -0.065480 0.895268 0.594352
v -0.065822 0.871386 0.726484
v -0.462151 0.870642 0.594486
v -0.329839 0.918557 0.594546
v -0.330239 0.893576 0.726533
v 0.330037 0.870676 0.328040
v 0.463148 0.874858 0.328673
v 0.464378 0.890959 0.462221
v 0.329834 0.912949 0.066005
v 0.460664 0.883621 0.065608
v 0.462345 0.855941 0.198129
v 0.066351 0.871090 0.065878
v 0.198002 0.906720 0.066448
v 0.198149 0.866250 0.198131
v 0.857241 0.879239 0.331590
v 0.991428 0.914844 0.330228
v 0.990968 0.857616 0.462515
v 0.858624 0.856355 0.066047
v 0.990740 0.856292 0.066031
v 0.992259 0.918433 0.198129
v 0.594443 0.923343 0.066031
v 0.725035 0.923826 0.067290
v 0.726539 0.914240 0.198128
v 0.855435 0.913663 0.857578
v 0.997228 0.878026 0.858705
v 0.997279 0.906569 0.993396
v 0.860203 0.885069 0.595731
v 0.996547 0.902791 0.597035
v 0.993437 0.881077 0.727056
v 0.592034 0.892772 0.593569
v 0.726407 0.865547 0.594528
v 0.726043 0.872281 0.726232
v 0.330246 0.916479 -0.726562
v 0.462345 0.861132 -0.726562
v 0.462362 0.859257 -0.594450
v 0.330246 0.864343 -0.990760
v 0.462353 0.867052 -0.990768
v 0.462431 0.868694 -0.858727
v 0.066048 0.855053 -0.990760
v 0.198147 0.860748 -0.990760
v 0.198147 0.912225 -0.858661
v 0.858655 0.925135 -0.726548
v 0.990740 0.923987 -0.726562
v 0.990740 0.901594 -0.594463
v 0.858641 0.855053 -0.990760
v 0.990740 0.855053 -0.990760
v 0.990740 0.910582 -0.858661
v 0.594444 0.918822 -0.991069
v 0.726542 0.869328 -0.990760
v 0.726542 0.867157 -0.858661
v 0.858641 0.909766 -0.198167
v 0.990744 0.906331 -0.198167
v 0.990747 0.906049 -0.066068
v 0.858641 0.855167 -0.462365
v 0.990740 0.855292 -0.462364
v 0.990742 0.878571 -0.330260
v 0.594465 0.904276 -0.462343
v 0.726442 0.912407 -0.462273
v 0.726542 0.880946 -0.330266
v -0.728235 0.899961 -0.727681
v -0.594434 0.871343 -0.727288
v -0.594446 0.868203 -0.594463
v -0.726544 0.858350 -0.990760
v -0.594446 0.855053 -0.990760
v -0.594415 0.855275 -0.858678
v -0.990742 0.855053 -0.990760
v -0.858643 0.855053 -0.990760
v -0.858606 0.902123 -0.858569
v -0.198149 0.855053 -0.726562
v -0.066089 0.858191 -0.726582
v -0.066947 0.896901 -0.593892
v -0.198149 0.880624 -0.990760
v -0.066065 0.905296 -0.990774
v -0.066723 0.897935 -0.859125
v -0.462347 0.855053 -0.990760
v -0.330248 0.855053 -0.990760
v -0.330285 0.859339 -0.858624
v -0.206420 0.898711 -0.200821
v -0.066151 0.893999 -0.198067
v -0.066050 0.888437 -0.066068
v -0.193755 0.884985 -0.461142
v -0.066140 0.902122 -0.462250
v -0.066050 0.855053 -0.330266
v -0.462347 0.896230 -0.462365
v -0.330248 0.901449 -0.462365
v -0.330112 0.856806 -0.330283
v -0.300391 -0.300391 0.980788
v -0.300173 -0.422107 0.996785
v -0.421360 -0.422446 0.982558
v -0.060078 -0.300391 1.014593
v -0.060230 -0.420759 0.970572
v -0.180236 -0.420551 0.962037
v -0.060400 -0.541212 0.976865
v -0.540703 -0.540703 0.961250
v 0.660859 -0.300391 1.026160
v 0.660859 -0.420547 0.965881
v 0.540564 -0.420784 0.981351
v 0.901172 -0.300391 0.961647
v 0.901179 -0.420558 0.961533
v 0.782041 -0.423350 0.997983
v 0.901172 -0.540703 0.961250
v 0.420545 -0.540705 0.964181
v 0.991847 0.808122 1.058235
v 0.660859 0.180234 0.961250
v 0.901172 0.180234 0.961250
v 0.903762 0.420547 0.972776
v 0.901210 0.300391 0.961430
v 0.781016 0.300391 0.962025
v 0.180240 0.180228 1.001516
v 0.420547 0.180234 0.961250
v 0.420547 0.420547 0.986379
v 0.420556 0.300399 0.985226
v 0.300391 0.300391 0.973028
v 0.986327 -0.300423 0.300435
v 0.988383 -0.422751 0.300957
v 0.981039 -0.423811 0.422279
v 1.008525 -0.300391 0.060078
v 0.968333 -0.420575 0.060101
v 0.961277 -0.420547 0.180234
v 0.971946 -0.541741 0.060114
v 0.962123 -0.540714 0.540687
v 1.038145 -0.300391 -0.660859
v 0.965964 -0.420547 -0.660859
v 0.967473 -0.420670 -0.540627
v 0.962502 -0.300391 -0.901172
v 0.961255 -0.420547 -0.901172
v 0.996573 -0.424898 -0.782760
v 0.961250 -0.540703 -0.901172
v 0.986390 -0.555633 -0.420527
v 1.056789 0.793882 -0.990760
v 0.961250 0.180234 -0.660859
v 0.961250 0.180234 -0.901172
v 0.961250 0.420547 -0.901172
v 0.961250 0.300391 -0.901172
v 0.963297 0.300391 -0.781016
v 1.014750 0.180437 -0.179514
v 0.961250 0.180234 -0.420547
v 1.007483 0.432799 -0.408182
v 1.042368 0.294320 -0.405863
v 0.983466 0.300852 -0.299798
v 0.300391 -0.300391 -1.006706
v 0.300874 -0.421799 -0.981445
v 0.423128 -0.424320 -1.011908
v 0.060078 -0.300391 -0.995376
v 0.060270 -0.421937 -0.971099
v 0.180235 -0.420550 -0.961293
v 0.060803 -0.559032 -0.995064
v 0.540703 -0.540703 -0.961250
v -0.660859 -0.300391 -1.031272
v -0.660859 -0.420547 -0.966003
v -0.540195 -0.421399 -0.979092
v -0.901172 -0.300391 -0.961250
v -0.901280 -0.420890 -0.978528
v -0.781701 -0.421500 -0.991656
v -0.901180 -0.541637 -0.973718
v -0.420481 -0.540784 -0.989246
v -0.990742 0.793882 -1.056809
v -0.660859 0.180234 -0.961250
v -0.901172 0.180234 -0.961250
v -0.901172 0.420547 -0.961250
v -0.901172 0.300391 -0.961250
v -0.781016 0.300391 -0.961250
v -0.182709 0.176228 -0.978908
v -0.420547 0.180234 -0.961250
v -0.411153 0.429684 -1.061638
v -0.399377 0.274393 -1.077719
v -0.300364 0.300389 -0.961292
v -0.962999 -0.300391 -0.300391
v -0.961255 -0.420547 -0.300391
v -1.013350 -0.426236 -0.420322
v -1.016894 -0.300391 -0.060078
v -1.006746 -0.423213 -0.060767
v -0.977526 -0.421136 -0.180710
v -0.964361 -0.541427 -0.060256
v -0.961250 -0.540703 -0.540703
v -0.989887 -0.300475 0.660808
v -0.975513 -0.420726 0.660933
v -0.964188 -0.420607 0.540566
v -0.961250 -0.300391 0.901172
v -0.961250 -0.420547 0.901172
v -0.993601 -0.422110 0.782115
v -0.961250 -0.540703 0.901172
v -0.988798 -0.544208 0.420543
v -1.056791 0.793882 0.990722
v -0.961250 0.180234 0.660859
v -0.962245 0.180234 0.901172
v -0.961363 0.420547 0.901172
v -0.969042 0.300517 0.901241
v -1.004962 0.301481 0.781001
v -0.969056 0.179136 0.180687
v -0.961250 0.180234 0.420547
v -1.040217 0.433606 0.415368
v -1.059891 0.292094 0.414015
v -0.972156 0.300021 0.298804
v -1.056792 0.794351 0.462327
v -0.965318 -0.300390 0.180234
v -0.962618 -0.420547 0.180234
v -1.001601 -0.420605 0.060079
v -0.961250 -0.300391 0.420547
v -0.993366 -0.420602 0.420491
v -1.001739 -0.420547 0.300391
v -0.969185 -0.299863 -0.781322
v -0.972131 -0.420569 -0.781873
v -0.961250 -0.420547 -0.901395
v -0.963450 -0.300391 -0.540703
v -0.964095 -0.420547 -0.540703
v -1.014621 -0.426381 -0.660844
v -0.462347 0.793882 -1.056809
v -0.179888 -0.299986 -0.988991
v -0.179705 -0.420040 -0.981859
v -0.060066 -0.420538 -0.995435
v -0.420547 -0.300391 -0.966902
v -0.419810 -0.421598 -1.025959
v -0.300373 -0.420559 -0.992040
v 0.781016 -0.300391 -0.977454
v 0.781016 -0.420547 -0.965146
v 0.901172 -0.420547 -0.961250
v 0.540703 -0.300391 -0.963657
v 0.540704 -0.420548 -0.962652
v 0.660859 -0.420547 -1.004516
v 1.056789 0.793882 -0.462365
v 1.001436 -0.300389 -0.180233
v 0.961250 -0.420547 -0.180234
v 0.963949 -0.420547 -0.060078
v 0.967188 -0.300391 -0.420547
v 1.005077 -0.421422 -0.419833
v 0.985806 -0.420555 -0.300382
v 0.978915 -0.300391 0.781016
v 0.981579 -0.422658 0.783334
v 0.966444 -0.420713 0.901420
v 0.961250 -0.300391 0.540703
v 0.962498 -0.420650 0.540603
v 0.999562 -0.420754 0.660777
v 0.462272 0.796059 1.057547
v 0.180220 -0.300377 1.003817
v 0.180232 -0.420544 0.965598
v 0.060067 -0.420623 0.980039
v 0.420547 -0.300391 0.964033
v 0.420221 -0.420882 1.014388
v 0.300391 -0.420547 0.985248
v -0.781016 -0.300391 0.963962
v -0.781016 -0.420547 0.961260
v -0.901172 -0.420547 0.961250
v -0.541191 -0.300189 0.983491
v -0.541106 -0.420622 0.975521
v -0.660931 -0.422667 1.008918
v -0.726544 0.855914 -0.198167
v -0.598904 0.897103 -0.193750
v -0.594155 0.864703 -0.066021
v -0.726308 0.856314 -0.461995
v -0.594503 0.857901 -0.462309
v -0.592911 0.922895 -0.330856
v -0.991851 0.886426 -0.461202
v -0.858642 0.855111 -0.462364
v -0.858030 0.915270 -0.329419
v 0.331592 0.923396 -0.199193
v 0.462148 0.869827 -0.198291
v 0.458514 0.903623 -0.067845
v 0.330246 0.869957 -0.462365
v 0.462391 0.899627 -0.462320
v 0.462345 0.866069 -0.330266
v 0.066165 0.859240 -0.461994
v 0.198147 0.892015 -0.462365
v 0.198147 0.855525 -0.330259
v 0.330182 0.868797 0.858728
v 0.462275 0.867398 0.858711
v 0.462225 0.869006 0.992496
v 0.330270 0.857517 0.594446
v 0.462336 0.856244 0.594432
v 0.461916 0.889120 0.726816
v 0.066056 0.908223 0.594424
v 0.198147 0.928911 0.594426
v 0.198147 0.867955 0.726524
v -0.726544 0.891839 0.858623
v -0.594383 0.868943 0.858638
v -0.594393 0.866245 0.991090
v -0.723438 0.920947 0.595027
v -0.594430 0.925556 0.594410
v -0.594428 0.863306 0.726507
v -0.995422 0.920961 0.594424
v -0.858171 0.908915 0.594363
v -0.858461 0.862412 0.726715
v -0.594446 0.794003 1.056800
v 1.058253 0.803283 0.594728
v 0.594443 0.796173 -1.056956
v -1.056791 0.793882 -0.594463
v -1.056791 0.793882 -0.726562
v 0.726542 0.793882 -1.056809
v 1.057800 0.799436 0.726568
v -0.726544 0.794020 1.056796
v -0.994492 0.892158 0.726524
v -0.726376 0.866686 0.726372
v -0.726544 0.886597 0.991104
v 0.066099 0.891793 0.726471
v 0.330363 0.885035 0.726836
v 0.329727 0.905659 0.998812
v 0.066179 0.891830 -0.329477
v 0.330237 0.866655 -0.330257
v 0.329504 0.917794 -0.066593
v -0.991086 0.857138 -0.330178
v -0.725442 0.886709 -0.330024
v -0.726545 0.887388 -0.066068
v -0.660495 -0.300588 1.025372
v -0.901172 -0.300391 0.961250
v 0.300391 -0.300391 0.962053
v 0.060078 -0.300391 0.986399
v 0.329970 0.813127 1.063268
v 1.007582 -0.300391 0.660859
v 0.961250 -0.300391 0.901172
v 0.961250 -0.300391 -0.300391
v 1.007611 -0.300391 -0.060078
v 1.056789 0.793882 -0.330266
v 0.660859 -0.300391 -1.029581
v 0.901172 -0.300391 -0.961250
v -0.300385 -0.300383 -0.961366
v -0.060074 -0.300386 -1.038506
v -0.330248 0.793882 -1.056809
v -0.976036 -0.299634 -0.661557
v -0.961250 -0.300391 -0.901172
v -0.961250 -0.300391 0.300391
v -1.012688 -0.300391 0.060078
v -1.057546 0.794616 0.330231
v -0.965550 0.421125 0.299569
v -0.961250 0.180234 0.300391
v -0.974151 0.177323 0.058743
v -0.971212 0.420548 0.781140
v -0.983110 0.180234 0.781016
v -0.961250 0.180234 0.540703
v -1.056791 0.793882 0.858623
v -0.975182 -0.540963 0.300391
v -0.975515 -0.541054 0.781253
v -0.962287 -0.300391 0.781016
v -0.999384 -0.299484 0.536514
v -0.961937 -0.540902 -0.660816
v -0.961569 -0.540710 -0.180242
v -0.961632 -0.300391 -0.180234
v -1.020726 -0.292548 -0.420852
v -0.300391 0.420547 -0.961250
v -0.300391 0.180234 -0.961250
v -0.059863 0.179964 -0.962288
v -0.781016 0.420547 -0.961250
v -0.781016 0.180234 -0.961250
v -0.540703 0.180234 -0.961250
v -0.858643 0.793882 -1.056809
v -0.300390 -0.540704 -0.970417
v -0.781151 -0.541425 -0.976544
v -0.781016 -0.300391 -0.979003
v -0.540703 -0.300391 -1.009856
v 0.660859 -0.540703 -0.961250
v 0.180245 -0.540790 -0.962120
v 0.180234 -0.300391 -0.961305
v 0.420547 -0.300391 -0.975783
v 0.970837 0.421982 -0.298925
v 0.980464 0.180234 -0.300391
v 0.961579 0.180234 -0.060079
v 0.961250 0.420547 -0.781016
v 0.961250 0.180234 -0.781016
v 0.961295 0.180234 -0.540703
v 1.056789 0.793898 -0.858661
v 0.970605 -0.540872 -0.300391
v 0.961510 -0.540709 -0.781018
v 1.003260 -0.300391 -0.781016
v 1.024125 -0.300391 -0.540703
v 0.961339 -0.540721 0.660857
v 0.969135 -0.543662 0.180237
v 0.979313 -0.300391 0.180234
v 0.990952 -0.300391 0.420547
v 0.300391 0.420547 0.961250
v 0.300391 0.180234 0.975819
v 0.060085 0.180226 0.962973
v 0.781016 0.420547 0.978597
v 0.781016 0.180234 0.961250
v 0.540703 0.180234 0.961250
v 0.858640 0.793994 1.056798
v 0.300391 -0.540703 0.966214
v 0.781048 -0.540790 0.966138
v 0.781016 -0.300391 0.994680
v 0.540703 -0.300391 1.015512
v -0.660859 -0.540703 0.961250
v -0.180248 -0.541040 0.974365
v -0.180234 -0.300391 0.961250
v -0.420547 -0.300391 0.969229
v -0.461506 0.890779 -0.327283
v -0.198411 0.859423 -0.330466
v -0.198785 0.861003 -0.065955
v -0.462347 0.862500 -0.858661
v -0.198149 0.897283 -0.858661
v -0.195318 0.876874 -0.594458
v -0.991299 0.856898 -0.858776
v -0.726014 0.913693 -0.858286
v -0.725877 0.908695 -0.593180
v 0.594443 0.923066 -0.330266
v 0.858642 0.870511 -0.330263
v 0.858641 0.909852 -0.066068
v 0.594591 0.917287 -0.858771
v 0.858643 0.894043 -0.858659
v 0.858641 0.917693 -0.594463
v 0.065299 0.870485 -0.859184
v 0.330246 0.914596 -0.858661
v 0.330246 0.901008 -0.594463
v 0.593279 0.892822 0.725790
v 0.858483 0.867031 0.726730
v 0.857413 0.875290 0.990534
v 0.594443 0.918721 0.198129
v 0.858641 0.856618 0.198129
v 0.857421 0.904923 0.463678
v 0.066124 0.856157 0.198110
v 0.330245 0.870649 0.198129
v 0.331452 0.880586 0.461873
v -0.462347 0.855053 0.726524
v -0.198149 0.870585 0.726524
v -0.198136 0.922615 0.996439
v -0.462292 0.915807 0.198075
v -0.198149 0.891353 0.198129
v -0.198149 0.874077 0.462327
v -1.000237 0.873339 0.199173
v -0.726544 0.876645 0.198129
v -0.725122 0.924814 0.461824
v -0.660859 0.420547 0.961502
v -0.660859 0.180234 0.961571
v -0.901172 0.180234 0.961250
v -0.180179 0.420586 0.980256
v -0.180261 0.179606 0.996132
v -0.420547 0.180234 0.971284
v -0.198143 0.814599 1.064767
v 0.961335 0.420547 0.660859
v 0.966353 0.180241 0.660852
v 0.977483 0.180234 0.901172
v 0.980222 0.419914 0.182466
v 0.992764 0.180234 0.180234
v 0.961368 0.180234 0.420547
v 1.057824 0.798100 0.198129
v 0.661149 0.421252 -0.964220
v 0.660845 0.179578 -0.963487
v 0.901172 0.180234 -0.961250
v 0.193663 0.423745 -1.057864
v 0.181213 0.177830 -1.028532
v 0.420505 0.180154 -0.961655
v 0.198147 0.793882 -1.056809
v -0.990100 0.428547 -0.662722
v -0.968277 0.179142 -0.661252
v -0.961250 0.180234 -0.901172
v -1.052209 0.428675 -0.186538
v -0.994905 0.174969 -0.182773
v -0.961330 0.180222 -0.420532
v -1.056791 0.793882 -0.198167
v -1.056791 0.793882 -0.462365
v -0.977764 0.424761 -0.418290
v -0.961250 0.420547 -0.901172
v 0.462345 0.793882 -1.056809
v 0.420011 0.421372 -0.964927
v 0.901172 0.420547 -0.961250
v 1.056789 0.793882 0.462327
v 0.963234 0.420585 0.420506
v 0.964042 0.420547 0.904459
v -0.462347 0.801426 1.057072
v -0.420547 0.420547 0.964157
v -0.901172 0.420547 0.961250
v -0.994434 0.935924 0.455216
v -0.462237 0.864515 0.462293
v -0.462346 0.913929 0.992037
v 0.066050 0.901084 0.462327
v 0.597975 0.898273 0.462913
v 0.594404 0.878804 0.991169
v 0.065991 0.880333 -0.594438
v 0.594507 0.921569 -0.594408
v 0.594448 0.912785 -0.066048
v -0.990742 0.855347 -0.594463
v -0.462347 0.897192 -0.594463
v -0.462221 0.892933 -0.065754
v -0.420547 -0.540703 0.961251
v -0.901172 -0.540703 0.961250
v 0.540564 -0.541543 0.978354
v 0.059822 -0.550066 0.986045
v 0.594424 0.798181 1.056879
v 0.540677 0.420537 0.994225
v 0.060078 0.420547 0.961599
v 0.961899 -0.540741 0.420567
v 0.961250 -0.540703 0.901172
v 0.967629 -0.542443 -0.540670
v 0.982135 -0.550925 -0.060071
v 1.056789 0.793882 -0.594463
v 1.052756 0.439691 -0.539228
v 0.966758 0.420521 -0.060098
v 0.421236 -0.541741 -0.988425
v 0.901172 -0.540703 -0.961250
v -0.540667 -0.540758 -0.965627
v -0.059943 -0.547017 -0.969247
v -0.594446 0.793882 -1.056809
v -0.543145 0.428751 -1.004544
v -0.060079 0.420547 -0.961262
v -0.964298 -0.541169 -0.420537
v -0.961250 -0.540708 -0.901354
v -0.961250 -0.540703 0.540703
v -0.962921 -0.541183 0.060100
v -1.061997 0.808806 0.594426
v -1.032562 0.433239 0.544467
v -0.961459 0.420581 0.060100
v -1.056791 0.793882 0.066031
v -0.066050 0.793882 -1.056809
v 1.056789 0.794139 -0.066068
v 0.066308 0.796460 1.056839
v -0.996858 0.878356 -0.067129
v 0.066242 0.868778 -0.066095
v 0.067480 0.883303 0.991121
v -0.990742 0.855411 0.990722
v -0.990742 0.793882 1.056771
v 1.061878 0.821212 0.991637
v 0.990740 0.793882 -1.056809
v -1.056791 0.793882 -0.990760
vt 1.986264 -1.062153
vt 1.954628 -1.030517
vt 1.954628 -1.062153
vt 1.986264 -0.049812
vt 1.954628 -0.018177
vt 1.954628 -0.049812
vt 1.954628 0.962528
vt 1.986264 0.994164
vt 1.954628 0.994164
vt 1.986264 1.974869
vt 1.954628 2.006505
vt 1.954628 1.974869
vt 2.998604 0.962528
vt 2.966968 0.994164
vt 2.966968 0.962528
vt 2.460798 0.962528
vt 2.492434 0.994164
vt 2.460798 0.994164
vt 2.492434 0.456358
vt 2.460798 0.487994
vt 2.460798 0.456358
vt 2.966968 0.456358
vt 2.998604 0.487994
vt 2.966968 0.487994
vt 1.986264 1.468699
vt 1.954628 1.500334
vt 1.954628 1.468699
vt 1.954628 0.456358
vt 1.986264 0.487994
vt 1.954628 0.487994
vt 1.954628 -0.555982
vt 1.986264 -0.524347
vt 1.954628 -0.524347
vt 1.986264 -1.568323
vt 1.954628 -1.536687
vt 1.954628 -1.568323
vt 1.954628 -1.821408
vt 1.986264 -1.789773
vt 1.954628 -1.789773
vt 1.227008 -1.568323
vt 1.195372 -1.536687
vt 1.195372 -1.568323
vt 1.227008 -1.821408
vt 1.195372 -1.789773
vt 1.195372 -1.821408
vt 1.227008 -1.062153
vt 1.195372 -1.030517
vt 1.195372 -1.062153
vt 1.195372 -1.315238
vt 1.227008 -1.283602
vt 1.195372 -1.283602
vt 1.986264 -0.809067
vt 1.954628 -0.777432
vt 1.954628 -0.809067
vt 1.195372 -0.555982
vt 1.227008 -0.524347
vt 1.195372 -0.524347
vt 1.227008 -0.809067
vt 1.195372 -0.777432
vt 1.195372 -0.809067
vt 1.227008 -0.049812
vt 1.195372 -0.018177
vt 1.195372 -0.049812
vt 1.195372 -0.302897
vt 1.227008 -0.271262
vt 1.195372 -0.271262
vt 1.954628 0.203273
vt 1.986264 0.234909
vt 1.954628 0.234909
vt 1.227008 0.456358
vt 1.195372 0.487994
vt 1.195372 0.456358
vt 1.227008 0.203273
vt 1.195372 0.234909
vt 1.195372 0.203273
vt 1.227008 0.962528
vt 1.195372 0.994164
vt 1.195372 0.962528
vt 1.195372 0.709443
vt 1.227008 0.741079
vt 1.195372 0.741079
vt 1.986264 1.215613
vt 1.954628 1.247249
vt 1.954628 1.215613
vt 1.227008 1.468699
vt 1.195372 1.500334
vt 1.195372 1.468699
vt 1.227008 1.215613
vt 1.195372 1.247249
vt 1.195372 1.215613
vt 1.227008 1.974869
vt 1.195372 2.006505
vt 1.195372 1.974869
vt 1.227008 1.721784
vt 1.195372 1.753419
vt 1.195372 1.721784
vt 2.713883 0.456358
vt 2.745519 0.487994
vt 2.713883 0.487994
vt 2.713883 0.203273
vt 2.745519 0.234909
vt 2.713883 0.234909
vt 2.966968 0.203273
vt 2.998604 0.234909
vt 2.966968 0.234909
vt 2.207713 0.456358
vt 2.239348 0.487994
vt 2.207713 0.487994
vt 2.207713 0.203273
vt 2.239348 0.234909
vt 2.207713 0.234909
vt 2.492434 0.203273
vt 2.460798 0.234909
vt 2.460798 0.203273
vt 2.207713 0.962528
vt 2.239348 0.994164
vt 2.207713 0.994164
vt 2.239348 0.709443
vt 2.207713 0.741079
vt 2.207713 0.709443
vt 2.460798 0.709443
vt 2.492434 0.741079
vt 2.460798 0.741079
vt 2.745519 0.962528
vt 2.713883 0.994164
vt 2.713883 0.962528
vt 2.745519 0.709443
vt 2.713883 0.741079
vt 2.713883 0.709443
vt 2.998604 0.709443
vt 2.966968 0.741079
vt 2.966968 0.709443
vt 1.954628 1.721784
vt 1.986264 1.753419
vt 1.954628 1.753419
vt 1.986264 0.709443
vt 1.954628 0.741079
vt 1.954628 0.709443
vt 1.986264 -0.302897
vt 1.954628 -0.271262
vt 1.954628 -0.302897
vt 1.954628 -1.315238
vt 1.986264 -1.283602
vt 1.954628 -1.283602
vt 1.954628 -1.441780
vt 1.986264 -1.410145
vt 1.954628 -1.410145
vt 1.606636 -1.315238
vt 1.575000 -1.283602
vt 1.575000 -1.315238
vt 1.606636 -1.441780
vt 1.575000 -1.410145
vt 1.575000 -1.441780
vt 1.606636 -1.062153
vt 1.575000 -1.030517
vt 1.575000 -1.062153
vt 1.575000 -1.188695
vt 1.606636 -1.157060
vt 1.575000 -1.157060
vt 1.986264 -0.429440
vt 1.954628 -0.397804
vt 1.954628 -0.429440
vt 1.606636 -0.302897
vt 1.575000 -0.271262
vt 1.575000 -0.302897
vt 1.606636 -0.429440
vt 1.575000 -0.397804
vt 1.575000 -0.429440
vt 1.606636 -0.049812
vt 1.575000 -0.018177
vt 1.575000 -0.049812
vt 1.575000 -0.176355
vt 1.606636 -0.144719
vt 1.575000 -0.144719
vt 1.986264 0.582901
vt 1.954628 0.614536
vt 1.954628 0.582901
vt 1.606636 0.709443
vt 1.575000 0.741079
vt 1.575000 0.709443
vt 1.575000 0.582901
vt 1.606636 0.614536
vt 1.575000 0.614536
vt 1.575000 0.962528
vt 1.606636 0.994164
vt 1.575000 0.994164
vt 1.575000 0.835986
vt 1.606636 0.867621
vt 1.575000 0.867621
vt 1.954628 1.595241
vt 1.986264 1.626877
vt 1.954628 1.626877
vt 1.606636 1.721784
vt 1.575000 1.753419
vt 1.575000 1.721784
vt 1.575000 1.595241
vt 1.606636 1.626877
vt 1.575000 1.626877
vt 1.606636 1.974869
vt 1.575000 2.006505
vt 1.575000 1.974869
vt 1.575000 1.848326
vt 1.606636 1.879962
vt 1.575000 1.879962
vt 2.840425 0.709443
vt 2.872061 0.741079
vt 2.840425 0.741079
vt 2.840425 0.582901
vt 2.872061 0.614536
vt 2.840425 0.614536
vt 2.998604 0.582901
vt 2.966968 0.614536
vt 2.966968 0.582901
vt 2.618976 0.709443
vt 2.587340 0.741079
vt 2.587340 0.709443
vt 2.618976 0.582901
vt 2.587340 0.614536
vt 2.587340 0.582901
vt 2.745519 0.582901
vt 2.713883 0.614536
vt 2.713883 0.582901
vt 2.618976 0.962528
vt 2.587340 0.994164
vt 2.587340 0.962528
vt 2.587340 0.835986
vt 2.618976 0.867621
vt 2.587340 0.867621
vt 2.713883 0.835986
vt 2.745519 0.867621
vt 2.713883 0.867621
vt 2.334255 0.709443
vt 2.365891 0.741079
vt 2.334255 0.741079
vt 2.334255 0.582901
vt 2.365891 0.614536
vt 2.334255 0.614536
vt 2.460798 0.582901
vt 2.492434 0.614536
vt 2.460798 0.614536
vt 2.081170 0.709443
vt 2.112806 0.741079
vt 2.081170 0.741079
vt 2.112806 0.582901
vt 2.081170 0.614536
vt 2.081170 0.582901
vt 2.239348 0.582901
vt 2.207713 0.614536
vt 2.207713 0.582901
vt 2.081170 0.962528
vt 2.112806 0.994164
vt 2.081170 0.994164
vt 2.112806 0.835986
vt 2.081170 0.867621
vt 2.081170 0.835986
vt 2.239348 0.835986
vt 2.207713 0.867621
vt 2.207713 0.835986
vt 2.334255 0.203273
vt 2.365891 0.234909
vt 2.334255 0.234909
vt 2.365891 0.076730
vt 2.334255 0.108366
vt 2.334255 0.076730
vt 2.460798 0.076730
vt 2.492434 0.108366
vt 2.460798 0.108366
vt 2.112806 0.203273
vt 2.081170 0.234909
vt 2.081170 0.203273
vt 2.081170 0.076730
vt 2.112806 0.108366
vt 2.081170 0.108366
vt 2.239348 0.076730
vt 2.207713 0.108366
vt 2.207713 0.076730
vt 2.112806 0.456358
vt 2.081170 0.487994
vt 2.081170 0.456358
vt 2.081170 0.329816
vt 2.112806 0.361451
vt 2.081170 0.361451
vt 2.239348 0.329816
vt 2.207713 0.361451
vt 2.207713 0.329816
vt 2.840425 0.203273
vt 2.872061 0.234909
vt 2.840425 0.234909
vt 2.872061 0.076730
vt 2.840425 0.108366
vt 2.840425 0.076730
vt 2.998604 0.076730
vt 2.966968 0.108366
vt 2.966968 0.076730
vt 2.587340 0.203273
vt 2.618976 0.234909
vt 2.587340 0.234909
vt 2.618976 0.076730
vt 2.587340 0.108366
vt 2.587340 0.076730
vt 2.713883 0.076730
vt 2.745519 0.108366
vt 2.713883 0.108366
vt 2.587340 0.456358
vt 2.618976 0.487994
vt 2.587340 0.487994
vt 2.618976 0.329816
vt 2.587340 0.361451
vt 2.587340 0.329816
vt 2.713883 0.329816
vt 2.745519 0.361451
vt 2.713883 0.361451
vt 1.321915 1.721784
vt 1.353551 1.753419
vt 1.321915 1.753419
vt 1.321915 1.595241
vt 1.353551 1.626877
vt 1.321915 1.626877
vt 1.195372 1.595241
vt 1.227008 1.626877
vt 1.195372 1.626877
vt 1.227008 1.848326
vt 1.195372 1.879962
vt 1.195372 1.848326
vt 1.353551 1.215613
vt 1.321915 1.247249
vt 1.321915 1.215613
vt 1.321915 1.089071
vt 1.353551 1.120707
vt 1.321915 1.120707
vt 1.195372 1.089071
vt 1.227008 1.120707
vt 1.195372 1.120707
vt 1.195372 1.342156
vt 1.227008 1.373792
vt 1.195372 1.373792
vt 1.986264 1.089071
vt 1.954628 1.120707
vt 1.954628 1.089071
vt 1.575000 1.215613
vt 1.606636 1.247249
vt 1.575000 1.247249
vt 1.606636 1.089071
vt 1.575000 1.120707
vt 1.575000 1.089071
vt 1.575000 1.468699
vt 1.606636 1.500334
vt 1.575000 1.500334
vt 1.606636 1.342156
vt 1.575000 1.373792
vt 1.575000 1.342156
vt 1.353551 0.709443
vt 1.321915 0.741079
vt 1.321915 0.709443
vt 1.353551 0.582901
vt 1.321915 0.614536
vt 1.321915 0.582901
vt 1.227008 0.582901
vt 1.195372 0.614536
vt 1.195372 0.582901
vt 1.195372 0.835986
vt 1.227008 0.867621
vt 1.195372 0.867621
vt 1.353551 0.203273
vt 1.321915 0.234909
vt 1.321915 0.203273
vt 1.321915 0.076730
vt 1.353551 0.108366
vt 1.321915 0.108366
vt 1.195372 0.076730
vt 1.227008 0.108366
vt 1.195372 0.108366
vt 1.195372 0.329816
vt 1.227008 0.361451
vt 1.195372 0.361451
vt 1.986264 0.076730
vt 1.954628 0.108366
vt 1.954628 0.076730
vt 1.575000 0.203273
vt 1.606636 0.234909
vt 1.575000 0.234909
vt 1.606636 0.076730
vt 1.575000 0.108366
vt 1.575000 0.076730
vt 1.575000 0.456358
vt 1.606636 0.487994
vt 1.575000 0.487994
vt 1.606636 0.329816
vt 1.575000 0.361451
vt 1.575000 0.329816
vt 1.353551 -0.302897
vt 1.321915 -0.271262
vt 1.321915 -0.302897
vt 1.321915 -0.429440
vt 1.353551 -0.397804
vt 1.321915 -0.397804
vt 1.227008 -0.429440
vt 1.195372 -0.397804
vt 1.195372 -0.429440
vt 1.195372 -0.176355
vt 1.227008 -0.144719
vt 1.195372 -0.144719
vt 1.353551 -0.809067
vt 1.321915 -0.777432
vt 1.321915 -0.809067
vt 1.321915 -0.935610
vt 1.353551 -0.903974
vt 1.321915 -0.903974
vt 1.195372 -0.935610
vt 1.227008 -0.903974
vt 1.195372 -0.903974
vt 1.195372 -0.682525
vt 1.227008 -0.650889
vt 1.195372 -0.650889
vt 1.986264 -0.935610
vt 1.954628 -0.903974
vt 1.954628 -0.935610
vt 1.575000 -0.809067
vt 1.606636 -0.777432
vt 1.575000 -0.777432
vt 1.606636 -0.935610
vt 1.575000 -0.903974
vt 1.575000 -0.935610
vt 1.575000 -0.555982
vt 1.606636 -0.524347
vt 1.575000 -0.524347
vt 1.606636 -0.682525
vt 1.575000 -0.650889
vt 1.575000 -0.682525
vt 1.353551 -1.315238
vt 1.321915 -1.283602
vt 1.321915 -1.315238
vt 1.353551 -1.441780
vt 1.321915 -1.410145
vt 1.321915 -1.441780
vt 1.195372 -1.441780
vt 1.227008 -1.410145
vt 1.195372 -1.410145
vt 1.227008 -1.188695
vt 1.195372 -1.157060
vt 1.195372 -1.188695
vt 1.353551 -1.821408
vt 1.321915 -1.789773
vt 1.321915 -1.821408
vt 1.321915 -1.947951
vt 1.353551 -1.916315
vt 1.321915 -1.916315
vt 1.195372 -1.947951
vt 1.227008 -1.916315
vt 1.195372 -1.916315
vt 1.195372 -1.694866
vt 1.227008 -1.663230
vt 1.195372 -1.663230
vt 1.986264 -1.947951
vt 1.954628 -1.916315
vt 1.954628 -1.947951
vt 1.606636 -1.821408
vt 1.575000 -1.789773
vt 1.575000 -1.821408
vt 1.606636 -1.947951
vt 1.575000 -1.916315
vt 1.575000 -1.947951
vt 1.575000 -1.568323
vt 1.606636 -1.536687
vt 1.575000 -1.536687
vt 1.606636 -1.694866
vt 1.575000 -1.663230
vt 1.575000 -1.694866
vt 1.986264 -1.694866
vt 1.954628 -1.663230
vt 1.954628 -1.694866
vt 1.321915 -1.568323
vt 1.353551 -1.536687
vt 1.321915 -1.536687
vt 1.353551 -1.694866
vt 1.321915 -1.663230
vt 1.321915 -1.694866
vt 1.353551 -1.062153
vt 1.321915 -1.030517
vt 1.321915 -1.062153
vt 1.321915 -1.188695
vt 1.353551 -1.157060
vt 1.321915 -1.157060
vt 1.986264 -0.682525
vt 1.954628 -0.650889
vt 1.954628 -0.682525
vt 1.353551 -0.555982
vt 1.321915 -0.524347
vt 1.321915 -0.555982
vt 1.321915 -0.682525
vt 1.353551 -0.650889
vt 1.321915 -0.650889
vt 1.353551 -0.049812
vt 1.321915 -0.018177
vt 1.321915 -0.049812
vt 1.353551 -0.176355
vt 1.321915 -0.144719
vt 1.321915 -0.176355
vt 1.986264 0.329816
vt 1.954628 0.361451
vt 1.954628 0.329816
vt 1.353551 0.456358
vt 1.321915 0.487994
vt 1.321915 0.456358
vt 1.321915 0.329816
vt 1.353551 0.361451
vt 1.321915 0.361451
vt 1.353551 0.962528
vt 1.321915 0.994164
vt 1.321915 0.962528
vt 1.321915 0.835986
vt 1.353551 0.867621
vt 1.321915 0.867621
vt 1.986264 1.342156
vt 1.954628 1.373792
vt 1.954628 1.342156
vt 1.321915 1.468699
vt 1.353551 1.500334
vt 1.321915 1.500334
vt 1.321915 1.342156
vt 1.353551 1.373792
vt 1.321915 1.373792
vt 1.353551 1.974869
vt 1.321915 2.006505
vt 1.321915 1.974869
vt 1.353551 1.848326
vt 1.321915 1.879962
vt 1.321915 1.848326
vt 2.872061 0.456358
vt 2.840425 0.487994
vt 2.840425 0.456358
vt 2.872061 0.329816
vt 2.840425 0.361451
vt 2.840425 0.329816
vt 2.966968 0.329816
vt 2.998604 0.361451
vt 2.966968 0.361451
vt 2.334255 0.456358
vt 2.365891 0.487994
vt 2.334255 0.487994
vt 2.334255 0.329816
vt 2.365891 0.361451
vt 2.334255 0.361451
vt 2.492434 0.329816
vt 2.460798 0.361451
vt 2.460798 0.329816
vt 2.334255 0.962528
vt 2.365891 0.994164
vt 2.334255 0.994164
vt 2.365891 0.835986
vt 2.334255 0.867621
vt 2.334255 0.835986
vt 2.492434 0.835986
vt 2.460798 0.867621
vt 2.460798 0.835986
vt 2.840425 0.962528
vt 2.872061 0.994164
vt 2.840425 0.994164
vt 2.872061 0.835986
vt 2.840425 0.867621
vt 2.840425 0.835986
vt 2.998604 0.835986
vt 2.966968 0.867621
vt 2.966968 0.835986
vt 1.986264 1.848326
vt 1.954628 1.879962
vt 1.954628 1.848326
vt 1.954628 0.835986
vt 1.986264 0.867621
vt 1.954628 0.867621
vt 1.954628 -0.176355
vt 1.986264 -0.144719
vt 1.954628 -0.144719
vt 1.986264 -1.188695
vt 1.954628 -1.157060
vt 1.954628 -1.188695
vt 1.986264 -1.251967
vt 1.954628 -1.220331
vt 1.954628 -1.251967
vt 1.954628 -0.239626
vt 1.986264 -0.207990
vt 1.954628 -0.207990
vt 1.986264 0.772714
vt 1.954628 0.804350
vt 1.954628 0.772714
vt 1.954628 1.785055
vt 1.986264 1.816691
vt 1.954628 1.816691
vt 2.903697 0.835986
vt 2.935332 0.867621
vt 2.903697 0.867621
vt 2.903697 0.772714
vt 2.935332 0.804350
vt 2.903697 0.804350
vt 2.998604 0.772714
vt 2.966968 0.804350
vt 2.966968 0.772714
vt 2.777154 0.835986
vt 2.808790 0.867621
vt 2.777154 0.867621
vt 2.777154 0.772714
vt 2.808790 0.804350
vt 2.777154 0.804350
vt 2.872061 0.772714
vt 2.840425 0.804350
vt 2.840425 0.772714
vt 2.808790 0.962528
vt 2.777154 0.994164
vt 2.777154 0.962528
vt 2.777154 0.899257
vt 2.808790 0.930893
vt 2.777154 0.930893
vt 2.872061 0.899257
vt 2.840425 0.930893
vt 2.840425 0.899257
vt 2.397527 0.835986
vt 2.429162 0.867621
vt 2.397527 0.867621
vt 2.397527 0.772714
vt 2.429162 0.804350
vt 2.397527 0.804350
vt 2.492434 0.772714
vt 2.460798 0.804350
vt 2.460798 0.772714
vt 2.270984 0.835986
vt 2.302620 0.867621
vt 2.270984 0.867621
vt 2.302620 0.772714
vt 2.270984 0.804350
vt 2.270984 0.772714
vt 2.334255 0.772714
vt 2.365891 0.804350
vt 2.334255 0.804350
vt 2.302620 0.962528
vt 2.270984 0.994164
vt 2.270984 0.962528
vt 2.302620 0.899257
vt 2.270984 0.930893
vt 2.270984 0.899257
vt 2.365891 0.899257
vt 2.334255 0.930893
vt 2.334255 0.899257
vt 2.397527 0.329816
vt 2.429162 0.361451
vt 2.397527 0.361451
vt 2.429162 0.266544
vt 2.397527 0.298180
vt 2.397527 0.266544
vt 2.460798 0.266544
vt 2.492434 0.298180
vt 2.460798 0.298180
vt 2.302620 0.329816
vt 2.270984 0.361451
vt 2.270984 0.329816
vt 2.302620 0.266544
vt 2.270984 0.298180
vt 2.270984 0.266544
vt 2.334255 0.266544
vt 2.365891 0.298180
vt 2.334255 0.298180
vt 2.302620 0.456358
vt 2.270984 0.487994
vt 2.270984 0.456358
vt 2.302620 0.393087
vt 2.270984 0.424722
vt 2.270984 0.393087
vt 2.334255 0.393087
vt 2.365891 0.424722
vt 2.334255 0.424722
vt 2.935332 0.329816
vt 2.903697 0.361451
vt 2.903697 0.329816
vt 2.935332 0.266544
vt 2.903697 0.298180
vt 2.903697 0.266544
vt 2.998604 0.266544
vt 2.966968 0.298180
vt 2.966968 0.266544
vt 2.808790 0.329816
vt 2.777154 0.361451
vt 2.777154 0.329816
vt 2.777154 0.266544
vt 2.808790 0.298180
vt 2.777154 0.298180
vt 2.840425 0.266544
vt 2.872061 0.298180
vt 2.840425 0.298180
vt 2.777154 0.456358
vt 2.808790 0.487994
vt 2.777154 0.487994
vt 2.777154 0.393087
vt 2.808790 0.424722
vt 2.777154 0.424722
vt 2.840425 0.393087
vt 2.872061 0.424722
vt 2.840425 0.424722
vt 1.258644 1.848326
vt 1.290279 1.879962
vt 1.258644 1.879962
vt 1.290279 1.785055
vt 1.258644 1.816691
vt 1.258644 1.785055
vt 1.321915 1.785055
vt 1.353551 1.816691
vt 1.321915 1.816691
vt 1.290279 1.974869
vt 1.258644 2.006505
vt 1.258644 1.974869
vt 1.258644 1.911598
vt 1.290279 1.943233
vt 1.258644 1.943233
vt 1.353551 1.911598
vt 1.321915 1.943233
vt 1.321915 1.911598
vt 1.290279 1.342156
vt 1.258644 1.373792
vt 1.258644 1.342156
vt 1.290279 1.278885
vt 1.258644 1.310520
vt 1.258644 1.278885
vt 1.321915 1.278885
vt 1.353551 1.310520
vt 1.321915 1.310520
vt 1.258644 1.468699
vt 1.290279 1.500334
vt 1.258644 1.500334
vt 1.290279 1.405427
vt 1.258644 1.437063
vt 1.258644 1.405427
vt 1.353551 1.405427
vt 1.321915 1.437063
vt 1.321915 1.405427
vt 1.986264 1.278885
vt 1.954628 1.310520
vt 1.954628 1.278885
vt 1.258644 0.835986
vt 1.290279 0.867621
vt 1.258644 0.867621
vt 1.290279 0.772714
vt 1.258644 0.804350
vt 1.258644 0.772714
vt 1.321915 0.772714
vt 1.353551 0.804350
vt 1.321915 0.804350
vt 1.290279 0.962528
vt 1.258644 0.994164
vt 1.258644 0.962528
vt 1.290279 0.899257
vt 1.258644 0.930893
vt 1.258644 0.899257
vt 1.353551 0.899257
vt 1.321915 0.930893
vt 1.321915 0.899257
vt 1.290279 0.329816
vt 1.258644 0.361451
vt 1.258644 0.329816
vt 1.290279 0.266544
vt 1.258644 0.298180
vt 1.258644 0.266544
vt 1.321915 0.266544
vt 1.353551 0.298180
vt 1.321915 0.298180
vt 1.258644 0.456358
vt 1.290279 0.487994
vt 1.258644 0.487994
vt 1.290279 0.393087
vt 1.258644 0.424722
vt 1.258644 0.393087
vt 1.321915 0.393087
vt 1.353551 0.424722
vt 1.321915 0.424722
vt 1.986264 0.266544
vt 1.954628 0.298180
vt 1.954628 0.266544
vt 1.258644 -0.176355
vt 1.290279 -0.144719
vt 1.258644 -0.144719
vt 1.290279 -0.239626
vt 1.258644 -0.207990
vt 1.258644 -0.239626
vt 1.321915 -0.239626
vt 1.353551 -0.207990
vt 1.321915 -0.207990
vt 1.290279 -0.049812
vt 1.258644 -0.018177
vt 1.258644 -0.049812
vt 1.258644 -0.113083
vt 1.290279 -0.081448
vt 1.258644 -0.081448
vt 1.353551 -0.113083
vt 1.321915 -0.081448
vt 1.321915 -0.113083
vt 1.290279 -0.682525
vt 1.258644 -0.650889
vt 1.258644 -0.682525
vt 1.290279 -0.745796
vt 1.258644 -0.714161
vt 1.258644 -0.745796
vt 1.353551 -0.745796
vt 1.321915 -0.714161
vt 1.321915 -0.745796
vt 1.258644 -0.555982
vt 1.290279 -0.524347
vt 1.258644 -0.524347
vt 1.290279 -0.619254
vt 1.258644 -0.587618
vt 1.258644 -0.619254
vt 1.321915 -0.619254
vt 1.353551 -0.587618
vt 1.321915 -0.587618
vt 1.986264 -0.745796
vt 1.954628 -0.714161
vt 1.954628 -0.745796
vt 1.290279 -1.188695
vt 1.258644 -1.157060
vt 1.258644 -1.188695
vt 1.290279 -1.251967
vt 1.258644 -1.220331
vt 1.258644 -1.251967
vt 1.321915 -1.251967
vt 1.353551 -1.220331
vt 1.321915 -1.220331
vt 1.258644 -1.062153
vt 1.290279 -1.030517
vt 1.258644 -1.030517
vt 1.258644 -1.125424
vt 1.290279 -1.093788
vt 1.258644 -1.093788
vt 1.321915 -1.125424
vt 1.353551 -1.093788
vt 1.321915 -1.093788
vt 1.290279 -1.694866
vt 1.258644 -1.663230
vt 1.258644 -1.694866
vt 1.258644 -1.758137
vt 1.290279 -1.726501
vt 1.258644 -1.726501
vt 1.353551 -1.758137
vt 1.321915 -1.726501
vt 1.321915 -1.758137
vt 1.258644 -1.568323
vt 1.290279 -1.536687
vt 1.258644 -1.536687
vt 1.290279 -1.631594
vt 1.258644 -1.599959
vt 1.258644 -1.631594
vt 1.321915 -1.631594
vt 1.353551 -1.599959
vt 1.321915 -1.599959
vt 1.954628 -1.758137
vt 1.986264 -1.726501
vt 1.954628 -1.726501
vt 1.669907 -1.694866
vt 1.638271 -1.663230
vt 1.638271 -1.694866
vt 1.669907 -1.758137
vt 1.638271 -1.726501
vt 1.638271 -1.758137
vt 1.606636 -1.758137
vt 1.575000 -1.726501
vt 1.575000 -1.758137
vt 1.606636 -1.631594
vt 1.575000 -1.599959
vt 1.575000 -1.631594
vt 1.638271 -1.947951
vt 1.669907 -1.916315
vt 1.638271 -1.916315
vt 1.669907 -2.011222
vt 1.638271 -1.979586
vt 1.638271 -2.011222
vt 1.575000 -2.011222
vt 1.606636 -1.979586
vt 1.575000 -1.979586
vt 1.575000 -1.884679
vt 1.606636 -1.853044
vt 1.575000 -1.853044
vt 1.986264 -2.011222
vt 1.954628 -1.979586
vt 1.954628 -2.011222
vt 1.227008 -1.758137
vt 1.195372 -1.726501
vt 1.195372 -1.758137
vt 1.227008 -2.011222
vt 1.195372 -1.979586
vt 1.195372 -2.011222
vt 1.258644 -1.947951
vt 1.290279 -1.916315
vt 1.258644 -1.916315
vt 1.258644 -2.011222
vt 1.290279 -1.979586
vt 1.258644 -1.979586
vt 1.353551 -2.011222
vt 1.321915 -1.979586
vt 1.321915 -2.011222
vt 1.258644 -1.821408
vt 1.290279 -1.789773
vt 1.258644 -1.789773
vt 1.290279 -1.884679
vt 1.258644 -1.853044
vt 1.258644 -1.884679
vt 1.321915 -1.884679
vt 1.353551 -1.853044
vt 1.321915 -1.853044
vt 1.195372 -1.251967
vt 1.227008 -1.220331
vt 1.195372 -1.220331
vt 1.227008 -1.505052
vt 1.195372 -1.473416
vt 1.195372 -1.505052
vt 1.290279 -1.441780
vt 1.258644 -1.410145
vt 1.258644 -1.441780
vt 1.258644 -1.505052
vt 1.290279 -1.473416
vt 1.258644 -1.473416
vt 1.353551 -1.505052
vt 1.321915 -1.473416
vt 1.321915 -1.505052
vt 1.258644 -1.315238
vt 1.290279 -1.283602
vt 1.258644 -1.283602
vt 1.290279 -1.378509
vt 1.258644 -1.346874
vt 1.258644 -1.378509
vt 1.321915 -1.378509
vt 1.353551 -1.346874
vt 1.321915 -1.346874
vt 1.638271 -0.682525
vt 1.669907 -0.650889
vt 1.638271 -0.650889
vt 1.638271 -0.745796
vt 1.669907 -0.714161
vt 1.638271 -0.714161
vt 1.606636 -0.745796
vt 1.575000 -0.714161
vt 1.575000 -0.745796
vt 1.606636 -0.619254
vt 1.575000 -0.587618
vt 1.575000 -0.619254
vt 1.669907 -0.935610
vt 1.638271 -0.903974
vt 1.638271 -0.935610
vt 1.669907 -0.998881
vt 1.638271 -0.967246
vt 1.638271 -0.998881
vt 1.606636 -0.998881
vt 1.575000 -0.967246
vt 1.575000 -0.998881
vt 1.575000 -0.872339
vt 1.606636 -0.840703
vt 1.575000 -0.840703
vt 1.986264 -0.998881
vt 1.954628 -0.967246
vt 1.954628 -0.998881
vt 1.195372 -0.745796
vt 1.227008 -0.714161
vt 1.195372 -0.714161
vt 1.227008 -0.998881
vt 1.195372 -0.967246
vt 1.195372 -0.998881
vt 1.290279 -0.935610
vt 1.258644 -0.903974
vt 1.258644 -0.935610
vt 1.258644 -0.998881
vt 1.290279 -0.967246
vt 1.258644 -0.967246
vt 1.321915 -0.998881
vt 1.353551 -0.967246
vt 1.321915 -0.967246
vt 1.258644 -0.809067
vt 1.290279 -0.777432
vt 1.258644 -0.777432
vt 1.258644 -0.872339
vt 1.290279 -0.840703
vt 1.258644 -0.840703
vt 1.353551 -0.872339
vt 1.321915 -0.840703
vt 1.321915 -0.872339
vt 1.227008 -0.239626
vt 1.195372 -0.207990
vt 1.195372 -0.239626
vt 1.227008 -0.492711
vt 1.195372 -0.461075
vt 1.195372 -0.492711
vt 1.290279 -0.429440
vt 1.258644 -0.397804
vt 1.258644 -0.429440
vt 1.258644 -0.492711
vt 1.290279 -0.461075
vt 1.258644 -0.461075
vt 1.353551 -0.492711
vt 1.321915 -0.461075
vt 1.321915 -0.492711
vt 1.290279 -0.302897
vt 1.258644 -0.271262
vt 1.258644 -0.302897
vt 1.290279 -0.366169
vt 1.258644 -0.334533
vt 1.258644 -0.366169
vt 1.321915 -0.366169
vt 1.353551 -0.334533
vt 1.321915 -0.334533
vt 1.638271 0.329816
vt 1.669907 0.361451
vt 1.638271 0.361451
vt 1.638271 0.266544
vt 1.669907 0.298180
vt 1.638271 0.298180
vt 1.606636 0.266544
vt 1.575000 0.298180
vt 1.575000 0.266544
vt 1.575000 0.393087
vt 1.606636 0.424722
vt 1.575000 0.424722
vt 1.638271 0.076730
vt 1.669907 0.108366
vt 1.638271 0.108366
vt 1.669907 0.013459
vt 1.638271 0.045095
vt 1.638271 0.013459
vt 1.606636 0.013459
vt 1.575000 0.045095
vt 1.575000 0.013459
vt 1.606636 0.140002
vt 1.575000 0.171637
vt 1.575000 0.140002
vt 1.986264 0.013459
vt 1.954628 0.045095
vt 1.954628 0.013459
vt 1.227008 0.266544
vt 1.195372 0.298180
vt 1.195372 0.266544
vt 1.195372 0.013459
vt 1.227008 0.045095
vt 1.195372 0.045095
vt 1.290279 0.076730
vt 1.258644 0.108366
vt 1.258644 0.076730
vt 1.258644 0.013459
vt 1.290279 0.045095
vt 1.258644 0.045095
vt 1.321915 0.013459
vt 1.353551 0.045095
vt 1.321915 0.045095
vt 1.258644 0.203273
vt 1.290279 0.234909
vt 1.258644 0.234909
vt 1.258644 0.140002
vt 1.290279 0.171637
vt 1.258644 0.171637
vt 1.321915 0.140002
vt 1.353551 0.171637
vt 1.321915 0.171637
vt 1.227008 0.772714
vt 1.195372 0.804350
vt 1.195372 0.772714
vt 1.195372 0.519629
vt 1.227008 0.551265
vt 1.195372 0.551265
vt 1.290279 0.582901
vt 1.258644 0.614536
vt 1.258644 0.582901
vt 1.258644 0.519629
vt 1.290279 0.551265
vt 1.258644 0.551265
vt 1.353551 0.519629
vt 1.321915 0.551265
vt 1.321915 0.519629
vt 1.258644 0.709443
vt 1.290279 0.741079
vt 1.258644 0.741079
vt 1.258644 0.646172
vt 1.290279 0.677808
vt 1.258644 0.677808
vt 1.321915 0.646172
vt 1.353551 0.677808
vt 1.321915 0.677808
vt 1.638271 1.342156
vt 1.669907 1.373792
vt 1.638271 1.373792
vt 1.638271 1.278885
vt 1.669907 1.310520
vt 1.638271 1.310520
vt 1.575000 1.278885
vt 1.606636 1.310520
vt 1.575000 1.310520
vt 1.575000 1.405427
vt 1.606636 1.437063
vt 1.575000 1.437063
vt 1.669907 1.089071
vt 1.638271 1.120707
vt 1.638271 1.089071
vt 1.638271 1.025800
vt 1.669907 1.057435
vt 1.638271 1.057435
vt 1.606636 1.025800
vt 1.575000 1.057435
vt 1.575000 1.025800
vt 1.606636 1.152342
vt 1.575000 1.183978
vt 1.575000 1.152342
vt 1.954628 1.025800
vt 1.986264 1.057435
vt 1.954628 1.057435
vt 1.195372 1.278885
vt 1.227008 1.310520
vt 1.195372 1.310520
vt 1.227008 1.025800
vt 1.195372 1.057435
vt 1.195372 1.025800
vt 1.290279 1.089071
vt 1.258644 1.120707
vt 1.258644 1.089071
vt 1.258644 1.025800
vt 1.290279 1.057435
vt 1.258644 1.057435
vt 1.321915 1.025800
vt 1.353551 1.057435
vt 1.321915 1.057435
vt 1.290279 1.215613
vt 1.258644 1.247249
vt 1.258644 1.215613
vt 1.258644 1.152342
vt 1.290279 1.183978
vt 1.258644 1.183978
vt 1.321915 1.152342
vt 1.353551 1.183978
vt 1.321915 1.183978
vt 1.227008 1.785055
vt 1.195372 1.816691
vt 1.195372 1.785055
vt 1.227008 1.531970
vt 1.195372 1.563606
vt 1.195372 1.531970
vt 1.290279 1.595241
vt 1.258644 1.626877
vt 1.258644 1.595241
vt 1.258644 1.531970
vt 1.290279 1.563606
vt 1.258644 1.563606
vt 1.353551 1.531970
vt 1.321915 1.563606
vt 1.321915 1.531970
vt 1.258644 1.721784
vt 1.290279 1.753419
vt 1.258644 1.753419
vt 1.290279 1.658512
vt 1.258644 1.690148
vt 1.258644 1.658512
vt 1.321915 1.658512
vt 1.353551 1.690148
vt 1.321915 1.690148
vt 2.682247 0.329816
vt 2.650612 0.361451
vt 2.650612 0.329816
vt 2.650612 0.266544
vt 2.682247 0.298180
vt 2.650612 0.298180
vt 2.745519 0.266544
vt 2.713883 0.298180
vt 2.713883 0.266544
vt 2.524069 0.329816
vt 2.555705 0.361451
vt 2.524069 0.361451
vt 2.555705 0.266544
vt 2.524069 0.298180
vt 2.524069 0.266544
vt 2.618976 0.266544
vt 2.587340 0.298180
vt 2.587340 0.266544
vt 2.555705 0.456358
vt 2.524069 0.487994
vt 2.524069 0.456358
vt 2.524069 0.393087
vt 2.555705 0.424722
vt 2.524069 0.424722
vt 2.618976 0.393087
vt 2.587340 0.424722
vt 2.587340 0.393087
vt 2.682247 0.076730
vt 2.650612 0.108366
vt 2.650612 0.076730
vt 2.682247 0.013459
vt 2.650612 0.045095
vt 2.650612 0.013459
vt 2.745519 0.013459
vt 2.713883 0.045095
vt 2.713883 0.013459
vt 2.555705 0.076730
vt 2.524069 0.108366
vt 2.524069 0.076730
vt 2.524069 0.013459
vt 2.555705 0.045095
vt 2.524069 0.045095
vt 2.587340 0.013459
vt 2.618976 0.045095
vt 2.587340 0.045095
vt 2.524069 0.203273
vt 2.555705 0.234909
vt 2.524069 0.234909
vt 2.524069 0.140002
vt 2.555705 0.171637
vt 2.524069 0.171637
vt 2.618976 0.140002
vt 2.587340 0.171637
vt 2.587340 0.140002
vt 2.903697 0.076730
vt 2.935332 0.108366
vt 2.903697 0.108366
vt 2.903697 0.013459
vt 2.935332 0.045095
vt 2.903697 0.045095
vt 2.998604 0.013459
vt 2.966968 0.045095
vt 2.966968 0.013459
vt 2.808790 0.076730
vt 2.777154 0.108366
vt 2.777154 0.076730
vt 2.808790 0.013459
vt 2.777154 0.045095
vt 2.777154 0.013459
vt 2.840425 0.013459
vt 2.872061 0.045095
vt 2.840425 0.045095
vt 2.777154 0.203273
vt 2.808790 0.234909
vt 2.777154 0.234909
vt 2.777154 0.140002
vt 2.808790 0.171637
vt 2.777154 0.171637
vt 2.840425 0.140002
vt 2.872061 0.171637
vt 2.840425 0.171637
vt 2.144442 0.329816
vt 2.176077 0.361451
vt 2.144442 0.361451
vt 2.144442 0.266544
vt 2.176077 0.298180
vt 2.144442 0.298180
vt 2.239348 0.266544
vt 2.207713 0.298180
vt 2.207713 0.266544
vt 2.049535 0.329816
vt 2.017899 0.361451
vt 2.017899 0.329816
vt 2.049535 0.266544
vt 2.017899 0.298180
vt 2.017899 0.266544
vt 2.081170 0.266544
vt 2.112806 0.298180
vt 2.081170 0.298180
vt 2.017899 0.456358
vt 2.049535 0.487994
vt 2.017899 0.487994
vt 2.017899 0.393087
vt 2.049535 0.424722
vt 2.017899 0.424722
vt 2.081170 0.393087
vt 2.112806 0.424722
vt 2.081170 0.424722
vt 2.144442 0.076730
vt 2.176077 0.108366
vt 2.144442 0.108366
vt 2.176077 0.013459
vt 2.144442 0.045095
vt 2.144442 0.013459
vt 2.207713 0.013459
vt 2.239348 0.045095
vt 2.207713 0.045095
vt 2.049535 0.076730
vt 2.017899 0.108366
vt 2.017899 0.076730
vt 2.049535 0.013459
vt 2.017899 0.045095
vt 2.017899 0.013459
vt 2.081170 0.013459
vt 2.112806 0.045095
vt 2.081170 0.045095
vt 2.017899 0.203273
vt 2.049535 0.234909
vt 2.017899 0.234909
vt 2.017899 0.140002
vt 2.049535 0.171637
vt 2.017899 0.171637
vt 2.112806 0.140002
vt 2.081170 0.171637
vt 2.081170 0.140002
vt 2.397527 0.076730
vt 2.429162 0.108366
vt 2.397527 0.108366
vt 2.397527 0.013459
vt 2.429162 0.045095
vt 2.397527 0.045095
vt 2.492434 0.013459
vt 2.460798 0.045095
vt 2.460798 0.013459
vt 2.302620 0.076730
vt 2.270984 0.108366
vt 2.270984 0.076730
vt 2.270984 0.013459
vt 2.302620 0.045095
vt 2.270984 0.045095
vt 2.365891 0.013459
vt 2.334255 0.045095
vt 2.334255 0.013459
vt 2.302620 0.203273
vt 2.270984 0.234909
vt 2.270984 0.203273
vt 2.270984 0.140002
vt 2.302620 0.171637
vt 2.270984 0.171637
vt 2.334255 0.140002
vt 2.365891 0.171637
vt 2.334255 0.171637
vt 2.144442 0.835986
vt 2.176077 0.867621
vt 2.144442 0.867621
vt 2.176077 0.772714
vt 2.144442 0.804350
vt 2.144442 0.772714
vt 2.207713 0.772714
vt 2.239348 0.804350
vt 2.207713 0.804350
vt 2.049535 0.835986
vt 2.017899 0.867621
vt 2.017899 0.835986
vt 2.049535 0.772714
vt 2.017899 0.804350
vt 2.017899 0.772714
vt 2.112806 0.772714
vt 2.081170 0.804350
vt 2.081170 0.772714
vt 2.049535 0.962528
vt 2.017899 0.994164
vt 2.017899 0.962528
vt 2.017899 0.899257
vt 2.049535 0.930893
vt 2.017899 0.930893
vt 2.081170 0.899257
vt 2.112806 0.930893
vt 2.081170 0.930893
vt 2.144442 0.582901
vt 2.176077 0.614536
vt 2.144442 0.614536
vt 2.144442 0.519629
vt 2.176077 0.551265
vt 2.144442 0.551265
vt 2.239348 0.519629
vt 2.207713 0.551265
vt 2.207713 0.519629
vt 2.017899 0.582901
vt 2.049535 0.614536
vt 2.017899 0.614536
vt 2.017899 0.519629
vt 2.049535 0.551265
vt 2.017899 0.551265
vt 2.081170 0.519629
vt 2.112806 0.551265
vt 2.081170 0.551265
vt 2.049535 0.709443
vt 2.017899 0.741079
vt 2.017899 0.709443
vt 2.049535 0.646172
vt 2.017899 0.677808
vt 2.017899 0.646172
vt 2.112806 0.646172
vt 2.081170 0.677808
vt 2.081170 0.646172
vt 2.397527 0.582901
vt 2.429162 0.614536
vt 2.397527 0.614536
vt 2.429162 0.519629
vt 2.397527 0.551265
vt 2.397527 0.519629
vt 2.460798 0.519629
vt 2.492434 0.551265
vt 2.460798 0.551265
vt 2.270984 0.582901
vt 2.302620 0.614536
vt 2.270984 0.614536
vt 2.270984 0.519629
vt 2.302620 0.551265
vt 2.270984 0.551265
vt 2.334255 0.519629
vt 2.365891 0.551265
vt 2.334255 0.551265
vt 2.270984 0.709443
vt 2.302620 0.741079
vt 2.270984 0.741079
vt 2.302620 0.646172
vt 2.270984 0.677808
vt 2.270984 0.646172
vt 2.334255 0.646172
vt 2.365891 0.677808
vt 2.334255 0.677808
vt 2.682247 0.835986
vt 2.650612 0.867621
vt 2.650612 0.835986
vt 2.682247 0.772714
vt 2.650612 0.804350
vt 2.650612 0.772714
vt 2.713883 0.772714
vt 2.745519 0.804350
vt 2.713883 0.804350
vt 2.555705 0.835986
vt 2.524069 0.867621
vt 2.524069 0.835986
vt 2.555705 0.772714
vt 2.524069 0.804350
vt 2.524069 0.772714
vt 2.587340 0.772714
vt 2.618976 0.804350
vt 2.587340 0.804350
vt 2.555705 0.962528
vt 2.524069 0.994164
vt 2.524069 0.962528
vt 2.555705 0.899257
vt 2.524069 0.930893
vt 2.524069 0.899257
vt 2.587340 0.899257
vt 2.618976 0.930893
vt 2.587340 0.930893
vt 2.650612 0.582901
vt 2.682247 0.614536
vt 2.650612 0.614536
vt 2.682247 0.519629
vt 2.650612 0.551265
vt 2.650612 0.519629
vt 2.745519 0.519629
vt 2.713883 0.551265
vt 2.713883 0.519629
vt 2.524069 0.582901
vt 2.555705 0.614536
vt 2.524069 0.614536
vt 2.555705 0.519629
vt 2.524069 0.551265
vt 2.524069 0.519629
vt 2.587340 0.519629
vt 2.618976 0.551265
vt 2.587340 0.551265
vt 2.524069 0.709443
vt 2.555705 0.741079
vt 2.524069 0.741079
vt 2.524069 0.646172
vt 2.555705 0.677808
vt 2.524069 0.677808
vt 2.618976 0.646172
vt 2.587340 0.677808
vt 2.587340 0.646172
vt 2.935332 0.582901
vt 2.903697 0.614536
vt 2.903697 0.582901
vt 2.903697 0.519629
vt 2.935332 0.551265
vt 2.903697 0.551265
vt 2.998604 0.519629
vt 2.966968 0.551265
vt 2.966968 0.519629
vt 2.808790 0.582901
vt 2.777154 0.614536
vt 2.777154 0.582901
vt 2.808790 0.519629
vt 2.777154 0.551265
vt 2.777154 0.519629
vt 2.840425 0.519629
vt 2.872061 0.551265
vt 2.840425 0.551265
vt 2.777154 0.709443
vt 2.808790 0.741079
vt 2.777154 0.741079
vt 2.808790 0.646172
vt 2.777154 0.677808
vt 2.777154 0.646172
vt 2.840425 0.646172
vt 2.872061 0.677808
vt 2.840425 0.677808
vt 1.669907 1.848326
vt 1.638271 1.879962
vt 1.638271 1.848326
vt 1.669907 1.785055
vt 1.638271 1.816691
vt 1.638271 1.785055
vt 1.575000 1.785055
vt 1.606636 1.816691
vt 1.575000 1.816691
vt 1.606636 1.911598
vt 1.575000 1.943233
vt 1.575000 1.911598
vt 1.638271 1.595241
vt 1.669907 1.626877
vt 1.638271 1.626877
vt 1.638271 1.531970
vt 1.669907 1.563606
vt 1.638271 1.563606
vt 1.575000 1.531970
vt 1.606636 1.563606
vt 1.575000 1.563606
vt 1.606636 1.658512
vt 1.575000 1.690148
vt 1.575000 1.658512
vt 1.986264 1.531970
vt 1.954628 1.563606
vt 1.954628 1.531970
vt 1.669907 0.835986
vt 1.638271 0.867621
vt 1.638271 0.835986
vt 1.638271 0.772714
vt 1.669907 0.804350
vt 1.638271 0.804350
vt 1.575000 0.772714
vt 1.606636 0.804350
vt 1.575000 0.804350
vt 1.575000 0.899257
vt 1.606636 0.930893
vt 1.575000 0.930893
vt 1.638271 0.582901
vt 1.669907 0.614536
vt 1.638271 0.614536
vt 1.638271 0.519629
vt 1.669907 0.551265
vt 1.638271 0.551265
vt 1.575000 0.519629
vt 1.606636 0.551265
vt 1.575000 0.551265
vt 1.606636 0.646172
vt 1.575000 0.677808
vt 1.575000 0.646172
vt 1.986264 0.519629
vt 1.954628 0.551265
vt 1.954628 0.519629
vt 1.669907 -0.176355
vt 1.638271 -0.144719
vt 1.638271 -0.176355
vt 1.669907 -0.239626
vt 1.638271 -0.207990
vt 1.638271 -0.239626
vt 1.575000 -0.239626
vt 1.606636 -0.207990
vt 1.575000 -0.207990
vt 1.606636 -0.113083
vt 1.575000 -0.081448
vt 1.575000 -0.113083
vt 1.638271 -0.429440
vt 1.669907 -0.397804
vt 1.638271 -0.397804
vt 1.669907 -0.492711
vt 1.638271 -0.461075
vt 1.638271 -0.492711
vt 1.575000 -0.492711
vt 1.606636 -0.461075
vt 1.575000 -0.461075
vt 1.575000 -0.366169
vt 1.606636 -0.334533
vt 1.575000 -0.334533
vt 1.986264 -0.492711
vt 1.954628 -0.461075
vt 1.954628 -0.492711
vt 1.638271 -1.188695
vt 1.669907 -1.157060
vt 1.638271 -1.157060
vt 1.669907 -1.251967
vt 1.638271 -1.220331
vt 1.638271 -1.251967
vt 1.606636 -1.251967
vt 1.575000 -1.220331
vt 1.575000 -1.251967
vt 1.606636 -1.125424
vt 1.575000 -1.093788
vt 1.575000 -1.125424
vt 1.638271 -1.441780
vt 1.669907 -1.410145
vt 1.638271 -1.410145
vt 1.669907 -1.505052
vt 1.638271 -1.473416
vt 1.638271 -1.505052
vt 1.575000 -1.505052
vt 1.606636 -1.473416
vt 1.575000 -1.473416
vt 1.575000 -1.378509
vt 1.606636 -1.346874
vt 1.575000 -1.346874
vt 1.954628 -1.505052
vt 1.986264 -1.473416
vt 1.954628 -1.473416
vt 1.986264 -1.378509
vt 1.954628 -1.346874
vt 1.954628 -1.378509
vt 1.638271 -1.315238
vt 1.669907 -1.283602
vt 1.638271 -1.283602
vt 1.638271 -1.378509
vt 1.669907 -1.346874
vt 1.638271 -1.346874
vt 1.669907 -1.062153
vt 1.638271 -1.030517
vt 1.638271 -1.062153
vt 1.669907 -1.125424
vt 1.638271 -1.093788
vt 1.638271 -1.125424
vt 1.986264 -0.366169
vt 1.954628 -0.334533
vt 1.954628 -0.366169
vt 1.669907 -0.302897
vt 1.638271 -0.271262
vt 1.638271 -0.302897
vt 1.638271 -0.366169
vt 1.669907 -0.334533
vt 1.638271 -0.334533
vt 1.669907 -0.049812
vt 1.638271 -0.018177
vt 1.638271 -0.049812
vt 1.669907 -0.113083
vt 1.638271 -0.081448
vt 1.638271 -0.113083
vt 1.954628 0.646172
vt 1.986264 0.677808
vt 1.954628 0.677808
vt 1.638271 0.709443
vt 1.669907 0.741079
vt 1.638271 0.741079
vt 1.669907 0.646172
vt 1.638271 0.677808
vt 1.638271 0.646172
vt 1.669907 0.962528
vt 1.638271 0.994164
vt 1.638271 0.962528
vt 1.638271 0.899257
vt 1.669907 0.930893
vt 1.638271 0.930893
vt 1.986264 1.658512
vt 1.954628 1.690148
vt 1.954628 1.658512
vt 1.638271 1.721784
vt 1.669907 1.753419
vt 1.638271 1.753419
vt 1.638271 1.658512
vt 1.669907 1.690148
vt 1.638271 1.690148
vt 1.669907 1.974869
vt 1.638271 2.006505
vt 1.638271 1.974869
vt 1.669907 1.911598
vt 1.638271 1.943233
vt 1.638271 1.911598
vt 2.903697 0.709443
vt 2.935332 0.741079
vt 2.903697 0.741079
vt 2.935332 0.646172
vt 2.903697 0.677808
vt 2.903697 0.646172
vt 2.966968 0.646172
vt 2.998604 0.677808
vt 2.966968 0.677808
vt 2.650612 0.709443
vt 2.682247 0.741079
vt 2.650612 0.741079
vt 2.650612 0.646172
vt 2.682247 0.677808
vt 2.650612 0.677808
vt 2.745519 0.646172
vt 2.713883 0.677808
vt 2.713883 0.646172
vt 2.650612 0.962528
vt 2.682247 0.994164
vt 2.650612 0.994164
vt 2.682247 0.899257
vt 2.650612 0.930893
vt 2.650612 0.899257
vt 2.713883 0.899257
vt 2.745519 0.930893
vt 2.713883 0.930893
vt 2.429162 0.709443
vt 2.397527 0.741079
vt 2.397527 0.709443
vt 2.429162 0.646172
vt 2.397527 0.677808
vt 2.397527 0.646172
vt 2.460798 0.646172
vt 2.492434 0.677808
vt 2.460798 0.677808
vt 2.176077 0.709443
vt 2.144442 0.741079
vt 2.144442 0.709443
vt 2.144442 0.646172
vt 2.176077 0.677808
vt 2.144442 0.677808
vt 2.239348 0.646172
vt 2.207713 0.677808
vt 2.207713 0.646172
vt 2.176077 0.962528
vt 2.144442 0.994164
vt 2.144442 0.962528
vt 2.176077 0.899257
vt 2.144442 0.930893
vt 2.144442 0.899257
vt 2.239348 0.899257
vt 2.207713 0.930893
vt 2.207713 0.899257
vt 2.429162 0.203273
vt 2.397527 0.234909
vt 2.397527 0.203273
vt 2.429162 0.140002
vt 2.397527 0.171637
vt 2.397527 0.140002
vt 2.460798 0.140002
vt 2.492434 0.171637
vt 2.460798 0.171637
vt 2.176077 0.203273
vt 2.144442 0.234909
vt 2.144442 0.203273
vt 2.176077 0.140002
vt 2.144442 0.171637
vt 2.144442 0.140002
vt 2.207713 0.140002
vt 2.239348 0.171637
vt 2.207713 0.171637
vt 2.144442 0.456358
vt 2.176077 0.487994
vt 2.144442 0.487994
vt 2.176077 0.393087
vt 2.144442 0.424722
vt 2.144442 0.393087
vt 2.207713 0.393087
vt 2.239348 0.424722
vt 2.207713 0.424722
vt 2.935332 0.203273
vt 2.903697 0.234909
vt 2.903697 0.203273
vt 2.935332 0.140002
vt 2.903697 0.171637
vt 2.903697 0.140002
vt 2.998604 0.140002
vt 2.966968 0.171637
vt 2.966968 0.140002
vt 2.650612 0.203273
vt 2.682247 0.234909
vt 2.650612 0.234909
vt 2.682247 0.140002
vt 2.650612 0.171637
vt 2.650612 0.140002
vt 2.713883 0.140002
vt 2.745519 0.171637
vt 2.713883 0.171637
vt 2.682247 0.456358
vt 2.650612 0.487994
vt 2.650612 0.456358
vt 2.682247 0.393087
vt 2.650612 0.424722
vt 2.650612 0.393087
vt 2.745519 0.393087
vt 2.713883 0.424722
vt 2.713883 0.393087
vt 1.195372 1.658512
vt 1.227008 1.690148
vt 1.195372 1.690148
vt 1.227008 1.911598
vt 1.195372 1.943233
vt 1.195372 1.911598
vt 1.227008 1.152342
vt 1.195372 1.183978
vt 1.195372 1.152342
vt 1.195372 1.405427
vt 1.227008 1.437063
vt 1.195372 1.437063
vt 1.986264 1.152342
vt 1.954628 1.183978
vt 1.954628 1.152342
vt 1.638271 1.215613
vt 1.669907 1.247249
vt 1.638271 1.247249
vt 1.669907 1.152342
vt 1.638271 1.183978
vt 1.638271 1.152342
vt 1.669907 1.468699
vt 1.638271 1.500334
vt 1.638271 1.468699
vt 1.669907 1.405427
vt 1.638271 1.437063
vt 1.638271 1.405427
vt 1.227008 0.646172
vt 1.195372 0.677808
vt 1.195372 0.646172
vt 1.227008 0.899257
vt 1.195372 0.930893
vt 1.195372 0.899257
vt 1.195372 0.140002
vt 1.227008 0.171637
vt 1.195372 0.171637
vt 1.195372 0.393087
vt 1.227008 0.424722
vt 1.195372 0.424722
vt 1.954628 0.140002
vt 1.986264 0.171637
vt 1.954628 0.171637
vt 1.638271 0.203273
vt 1.669907 0.234909
vt 1.638271 0.234909
vt 1.638271 0.140002
vt 1.669907 0.171637
vt 1.638271 0.171637
vt 1.669907 0.456358
vt 1.638271 0.487994
vt 1.638271 0.456358
vt 1.669907 0.393087
vt 1.638271 0.424722
vt 1.638271 0.393087
vt 1.227008 -0.366169
vt 1.195372 -0.334533
vt 1.195372 -0.366169
vt 1.227008 -0.113083
vt 1.195372 -0.081448
vt 1.195372 -0.113083
vt 1.195372 -0.872339
vt 1.227008 -0.840703
vt 1.195372 -0.840703
vt 1.195372 -0.619254
vt 1.227008 -0.587618
vt 1.195372 -0.587618
vt 1.986264 -0.872339
vt 1.954628 -0.840703
vt 1.954628 -0.872339
vt 1.638271 -0.809067
vt 1.669907 -0.777432
vt 1.638271 -0.777432
vt 1.669907 -0.872339
vt 1.638271 -0.840703
vt 1.638271 -0.872339
vt 1.638271 -0.555982
vt 1.669907 -0.524347
vt 1.638271 -0.524347
vt 1.638271 -0.619254
vt 1.669907 -0.587618
vt 1.638271 -0.587618
vt 1.195372 -1.378509
vt 1.227008 -1.346874
vt 1.195372 -1.346874
vt 1.227008 -1.125424
vt 1.195372 -1.093788
vt 1.195372 -1.125424
vt 1.195372 -1.884679
vt 1.227008 -1.853044
vt 1.195372 -1.853044
vt 1.195372 -1.631594
vt 1.227008 -1.599959
vt 1.195372 -1.599959
vt 1.986264 -1.884679
vt 1.954628 -1.853044
vt 1.954628 -1.884679
vt 1.638271 -1.821408
vt 1.669907 -1.789773
vt 1.638271 -1.789773
vt 1.669907 -1.884679
vt 1.638271 -1.853044
vt 1.638271 -1.884679
vt 1.638271 -1.568323
vt 1.669907 -1.536687
vt 1.638271 -1.536687
vt 1.638271 -1.631594
vt 1.669907 -1.599959
vt 1.638271 -1.599959
vt 1.954628 -1.631594
vt 1.986264 -1.599959
vt 1.954628 -1.599959
vt 1.986264 -0.619254
vt 1.954628 -0.587618
vt 1.954628 -0.619254
vt 1.986264 0.393087
vt 1.954628 0.424722
vt 1.954628 0.393087
vt 1.954628 1.405427
vt 1.986264 1.437063
vt 1.954628 1.437063
vt 2.903697 0.456358
vt 2.935332 0.487994
vt 2.903697 0.487994
vt 2.903697 0.393087
vt 2.935332 0.424722
vt 2.903697 0.424722
vt 2.966968 0.393087
vt 2.998604 0.424722
vt 2.966968 0.424722
vt 2.397527 0.456358
vt 2.429162 0.487994
vt 2.397527 0.487994
vt 2.397527 0.393087
vt 2.429162 0.424722
vt 2.397527 0.424722
vt 2.492434 0.393087
vt 2.460798 0.424722
vt 2.460798 0.393087
vt 2.429162 0.962528
vt 2.397527 0.994164
vt 2.397527 0.962528
vt 2.397527 0.899257
vt 2.429162 0.930893
vt 2.397527 0.930893
vt 2.492434 0.899257
vt 2.460798 0.930893
vt 2.460798 0.899257
vt 2.935332 0.962528
vt 2.903697 0.994164
vt 2.903697 0.962528
vt 2.903697 0.899257
vt 2.935332 0.930893
vt 2.903697 0.930893
vt 2.998604 0.899257
vt 2.966968 0.930893
vt 2.966968 0.899257
vt 1.954628 1.911598
vt 1.986264 1.943233
vt 1.954628 1.943233
vt 1.986264 0.899257
vt 1.954628 0.930893
vt 1.954628 0.899257
vt 1.986264 -0.113083
vt 1.954628 -0.081448
vt 1.954628 -0.113083
vt 1.954628 -1.125424
vt 1.986264 -1.093788
vt 1.954628 -1.093788
vt 1.986264 -1.125424
vt 1.986264 1.911598
vt 2.935332 0.899257
vt 2.872061 0.930893
vt 2.872061 0.867621
vt 2.872061 0.962528
vt 2.429162 0.899257
vt 2.365891 0.930893
vt 2.365891 0.867621
vt 2.365891 0.962528
vt 2.429162 0.393087
vt 2.492434 0.361451
vt 2.365891 0.393087
vt 2.365891 0.456358
vt 2.935332 0.393087
vt 2.935332 0.361451
vt 2.872061 0.393087
vt 2.872061 0.361451
vt 2.872061 0.487994
vt 2.935332 0.456358
vt 1.986264 1.405427
vt 1.986264 0.361451
vt 1.986264 -0.650889
vt 1.986264 -1.631594
vt 1.669907 -1.631594
vt 1.701543 -1.599959
vt 1.701543 -1.663230
vt 1.669907 -1.663230
vt 1.606636 -1.599959
vt 1.606636 -1.663230
vt 1.606636 -1.568323
vt 1.669907 -1.568323
vt 1.701543 -1.853044
vt 1.669907 -1.853044
vt 1.701543 -1.916315
vt 1.606636 -1.884679
vt 1.606636 -1.916315
vt 1.606636 -1.789773
vt 1.669907 -1.821408
vt 1.986264 -1.916315
vt 1.227008 -1.631594
vt 1.227008 -1.884679
vt 1.227008 -1.157060
vt 1.227008 -1.378509
vt 1.669907 -0.619254
vt 1.701543 -0.587618
vt 1.701543 -0.650889
vt 1.606636 -0.587618
vt 1.606636 -0.650889
vt 1.606636 -0.555982
vt 1.701543 -0.840703
vt 1.669907 -0.840703
vt 1.669907 -0.903974
vt 1.701543 -0.872339
vt 1.606636 -0.872339
vt 1.606636 -0.903974
vt 1.606636 -0.809067
vt 1.669907 -0.809067
vt 1.986264 -0.903974
vt 1.227008 -0.619254
vt 1.227008 -0.872339
vt 1.227008 -0.397804
vt 1.701543 0.424722
vt 1.669907 0.424722
vt 1.701543 0.393087
vt 1.606636 0.393087
vt 1.606636 0.361451
vt 1.606636 0.456358
vt 1.669907 0.140002
vt 1.701543 0.171637
vt 1.701543 0.140002
vt 1.606636 0.171637
vt 1.606636 0.108366
vt 1.606636 0.203273
vt 1.669907 0.203273
vt 1.986264 0.108366
vt 1.227008 0.393087
vt 1.227008 0.140002
vt 1.227008 0.614536
vt 1.701543 1.405427
vt 1.669907 1.437063
vt 1.606636 1.405427
vt 1.606636 1.373792
vt 1.606636 1.468699
vt 1.701543 1.152342
vt 1.669907 1.183978
vt 1.669907 1.120707
vt 1.606636 1.183978
vt 1.606636 1.120707
vt 1.606636 1.215613
vt 1.227008 1.405427
vt 1.227008 1.879962
vt 2.682247 0.424722
vt 2.682247 0.361451
vt 2.618976 0.424722
vt 2.618976 0.361451
vt 2.618976 0.456358
vt 2.682247 0.171637
vt 2.682247 0.108366
vt 2.745519 0.140002
vt 2.618976 0.171637
vt 2.618976 0.108366
vt 2.618976 0.203273
vt 2.935332 0.171637
vt 2.872061 0.140002
vt 2.872061 0.108366
vt 2.872061 0.203273
vt 2.176077 0.424722
vt 2.239348 0.361451
vt 2.112806 0.393087
vt 2.112806 0.487994
vt 2.176077 0.171637
vt 2.239348 0.108366
vt 2.112806 0.171637
vt 2.112806 0.234909
vt 2.429162 0.171637
vt 2.492434 0.140002
vt 2.365891 0.140002
vt 2.365891 0.108366
vt 2.365891 0.203273
vt 2.176077 0.930893
vt 2.112806 0.899257
vt 2.112806 0.867621
vt 2.112806 0.962528
vt 2.176077 0.646172
vt 2.112806 0.677808
vt 2.112806 0.614536
vt 2.112806 0.709443
vt 2.429162 0.677808
vt 2.492434 0.646172
vt 2.365891 0.646172
vt 2.365891 0.709443
vt 2.682247 0.930893
vt 2.682247 0.867621
vt 2.745519 0.899257
vt 2.618976 0.899257
vt 2.618976 0.994164
vt 2.682247 0.962528
vt 2.682247 0.646172
vt 2.745519 0.614536
vt 2.618976 0.677808
vt 2.618976 0.614536
vt 2.618976 0.741079
vt 2.682247 0.709443
vt 2.935332 0.677808
vt 2.935332 0.614536
vt 2.998604 0.646172
vt 2.872061 0.646172
vt 2.872061 0.709443
vt 1.701543 1.911598
vt 1.669907 1.943233
vt 1.701543 1.879962
vt 1.669907 1.879962
vt 1.606636 1.943233
vt 1.606636 2.006505
vt 1.669907 1.658512
vt 1.701543 1.690148
vt 1.701543 1.626877
vt 1.606636 1.690148
vt 1.606636 1.753419
vt 1.669907 1.721784
vt 1.701543 0.899257
vt 1.669907 0.899257
vt 1.701543 0.867621
vt 1.669907 0.867621
vt 1.606636 0.899257
vt 1.606636 0.962528
vt 1.701543 0.646172
vt 1.669907 0.677808
vt 1.701543 0.614536
vt 1.606636 0.677808
vt 1.606636 0.741079
vt 1.669907 0.709443
vt 1.986264 0.646172
vt 1.701543 -0.113083
vt 1.669907 -0.081448
vt 1.701543 -0.144719
vt 1.669907 -0.144719
vt 1.606636 -0.081448
vt 1.606636 -0.018177
vt 1.701543 -0.366169
vt 1.669907 -0.366169
vt 1.606636 -0.366169
vt 1.606636 -0.397804
vt 1.606636 -0.271262
vt 1.986264 -0.397804
vt 1.701543 -1.093788
vt 1.669907 -1.093788
vt 1.701543 -1.157060
vt 1.606636 -1.093788
vt 1.606636 -1.030517
vt 1.701543 -1.378509
vt 1.669907 -1.378509
vt 1.701543 -1.410145
vt 1.606636 -1.378509
vt 1.606636 -1.410145
vt 1.606636 -1.283602
vt 1.669907 -1.315238
vt 1.986264 -1.536687
vt 1.606636 -1.505052
vt 1.701543 -1.473416
vt 1.669907 -1.473416
vt 1.701543 -1.505052
vt 1.669907 -1.441780
vt 1.701543 -1.220331
vt 1.669907 -1.220331
vt 1.701543 -1.251967
vt 1.606636 -1.220331
vt 1.606636 -1.188695
vt 1.669907 -1.188695
vt 1.606636 -0.492711
vt 1.701543 -0.492711
vt 1.669907 -0.461075
vt 1.669907 -0.429440
vt 1.701543 -0.207990
vt 1.669907 -0.207990
vt 1.701543 -0.271262
vt 1.669907 -0.271262
vt 1.606636 -0.239626
vt 1.606636 -0.176355
vt 1.606636 0.519629
vt 1.701543 0.519629
vt 1.669907 0.519629
vt 1.669907 0.487994
vt 1.606636 0.582901
vt 1.669907 0.582901
vt 1.701543 0.772714
vt 1.669907 0.772714
vt 1.606636 0.772714
vt 1.606636 0.835986
vt 1.986264 1.500334
vt 1.606636 1.531970
vt 1.669907 1.531970
vt 1.701543 1.563606
vt 1.669907 1.500334
vt 1.701543 1.531970
vt 1.606636 1.595241
vt 1.669907 1.595241
vt 1.606636 1.785055
vt 1.701543 1.785055
vt 1.669907 1.816691
vt 1.701543 1.753419
vt 1.606636 1.848326
vt 2.808790 0.677808
vt 2.808790 0.614536
vt 2.745519 0.677808
vt 2.745519 0.741079
vt 2.808790 0.551265
vt 2.745519 0.551265
vt 2.935332 0.519629
vt 2.872061 0.519629
vt 2.872061 0.582901
vt 2.555705 0.646172
vt 2.492434 0.709443
vt 2.555705 0.709443
vt 2.555705 0.551265
vt 2.555705 0.487994
vt 2.618976 0.519629
vt 2.492434 0.519629
vt 2.492434 0.487994
vt 2.492434 0.582901
vt 2.555705 0.582901
vt 2.682247 0.551265
vt 2.682247 0.487994
vt 2.682247 0.582901
vt 2.555705 0.930893
vt 2.555705 0.867621
vt 2.492434 0.930893
vt 2.492434 0.867621
vt 2.492434 0.962528
vt 2.555705 0.804350
vt 2.492434 0.804350
vt 2.682247 0.804350
vt 2.745519 0.772714
vt 2.618976 0.772714
vt 2.618976 0.835986
vt 2.302620 0.677808
vt 2.239348 0.677808
vt 2.239348 0.614536
vt 2.239348 0.741079
vt 2.302620 0.709443
vt 2.302620 0.519629
vt 2.302620 0.487994
vt 2.239348 0.551265
vt 2.302620 0.582901
vt 2.429162 0.551265
vt 2.365891 0.519629
vt 2.365891 0.582901
vt 2.049535 0.677808
vt 1.986264 0.614536
vt 1.986264 0.741079
vt 2.049535 0.519629
vt 2.112806 0.519629
vt 1.986264 0.551265
vt 2.049535 0.582901
vt 2.176077 0.519629
vt 2.176077 0.582901
vt 2.049535 0.899257
vt 2.049535 0.867621
vt 1.986264 0.930893
vt 1.986264 0.962528
vt 2.049535 0.804350
vt 2.049535 0.741079
vt 1.986264 0.804350
vt 1.986264 0.835986
vt 2.176077 0.804350
vt 2.176077 0.741079
vt 2.112806 0.804350
vt 2.176077 0.835986
vt 2.302620 0.140002
vt 2.302620 0.108366
vt 2.239348 0.140002
vt 2.239348 0.203273
vt 2.302620 0.013459
vt 2.334255 -0.018177
vt 2.302620 -0.018177
vt 2.365891 -0.018177
vt 2.239348 0.013459
vt 2.239348 -0.018177
vt 2.270984 -0.018177
vt 2.429162 0.013459
vt 2.460798 -0.018177
vt 2.429162 -0.018177
vt 2.492434 -0.018177
vt 2.365891 0.045095
vt 2.397527 -0.018177
vt 2.429162 0.076730
vt 2.049535 0.140002
vt 2.049535 0.108366
vt 1.986264 0.140002
vt 1.986264 0.203273
vt 2.049535 0.203273
vt 2.049535 0.045095
vt 2.081170 -0.018177
vt 2.049535 -0.018177
vt 2.112806 -0.018177
vt 1.986264 0.045095
vt 2.017899 -0.018177
vt 1.986264 -0.018177
vt 2.176077 0.045095
vt 2.207713 -0.018177
vt 2.176077 -0.018177
vt 2.112806 0.013459
vt 2.144442 -0.018177
vt 2.112806 0.076730
vt 2.176077 0.076730
vt 2.049535 0.393087
vt 2.049535 0.361451
vt 1.986264 0.424722
vt 1.986264 0.456358
vt 2.049535 0.298180
vt 1.986264 0.298180
vt 2.176077 0.266544
vt 2.176077 0.234909
vt 2.112806 0.266544
vt 2.112806 0.329816
vt 2.176077 0.329816
vt 2.808790 0.140002
vt 2.808790 0.108366
vt 2.745519 0.203273
vt 2.808790 0.203273
vt 2.808790 0.045095
vt 2.840425 -0.018177
vt 2.808790 -0.018177
vt 2.872061 0.013459
vt 2.745519 0.045095
vt 2.777154 -0.018177
vt 2.745519 -0.018177
vt 2.745519 0.076730
vt 2.935332 0.013459
vt 2.966968 -0.018177
vt 2.935332 -0.018177
vt 2.998604 -0.018177
vt 2.872061 -0.018177
vt 2.903697 -0.018177
vt 2.935332 0.076730
vt 2.555705 0.140002
vt 2.555705 0.108366
vt 2.492434 0.234909
vt 2.555705 0.203273
vt 2.555705 0.013459
vt 2.555705 -0.018177
vt 2.587340 -0.018177
vt 2.618976 0.013459
vt 2.492434 0.045095
vt 2.524069 -0.018177
vt 2.492434 0.076730
vt 2.682247 0.045095
vt 2.713883 -0.018177
vt 2.682247 -0.018177
vt 2.650612 -0.018177
vt 2.618976 -0.018177
vt 2.555705 0.393087
vt 2.492434 0.424722
vt 2.555705 0.298180
vt 2.492434 0.266544
vt 2.555705 0.329816
vt 2.682247 0.266544
vt 2.618976 0.298180
vt 1.290279 1.690148
vt 1.290279 1.626877
vt 1.353551 1.658512
vt 1.227008 1.658512
vt 1.227008 1.753419
vt 1.290279 1.721784
vt 1.290279 1.531970
vt 1.227008 1.563606
vt 1.227008 1.500334
vt 1.227008 1.595241
vt 1.290279 1.152342
vt 1.290279 1.120707
vt 1.353551 1.152342
vt 1.227008 1.183978
vt 1.227008 1.247249
vt 1.290279 1.025800
vt 1.290279 0.994164
vt 1.353551 1.025800
vt 1.227008 1.057435
vt 1.227008 0.994164
vt 1.227008 1.089071
vt 1.227008 1.278885
vt 1.669907 1.025800
vt 1.701543 1.057435
vt 1.669907 0.994164
vt 1.701543 1.025800
vt 1.606636 1.057435
vt 1.606636 1.278885
vt 1.701543 1.278885
vt 1.669907 1.278885
vt 1.701543 1.247249
vt 1.669907 1.342156
vt 1.290279 0.646172
vt 1.290279 0.614536
vt 1.353551 0.646172
vt 1.227008 0.677808
vt 1.227008 0.709443
vt 1.290279 0.709443
vt 1.290279 0.519629
vt 1.227008 0.519629
vt 1.227008 0.487994
vt 1.290279 0.140002
vt 1.290279 0.108366
vt 1.353551 0.140002
vt 1.227008 0.234909
vt 1.290279 0.203273
vt 1.290279 0.013459
vt 1.290279 -0.018177
vt 1.353551 0.013459
vt 1.227008 0.013459
vt 1.227008 -0.018177
vt 1.227008 0.076730
vt 1.701543 0.013459
vt 1.669907 0.045095
vt 1.701543 -0.018177
vt 1.669907 -0.018177
vt 1.606636 0.045095
vt 1.669907 0.076730
vt 1.701543 0.266544
vt 1.669907 0.266544
vt 1.701543 0.234909
vt 1.606636 0.298180
vt 1.669907 0.329816
vt 1.290279 -0.334533
vt 1.290279 -0.397804
vt 1.353551 -0.366169
vt 1.227008 -0.334533
vt 1.227008 -0.302897
vt 1.290279 -0.492711
vt 1.353551 -0.524347
vt 1.227008 -0.461075
vt 1.290279 -0.872339
vt 1.290279 -0.903974
vt 1.227008 -0.777432
vt 1.290279 -0.809067
vt 1.290279 -0.998881
vt 1.353551 -1.030517
vt 1.227008 -0.967246
vt 1.227008 -1.030517
vt 1.227008 -0.935610
vt 1.986264 -1.030517
vt 1.701543 -0.998881
vt 1.669907 -0.967246
vt 1.701543 -1.030517
vt 1.669907 -1.030517
vt 1.606636 -0.967246
vt 1.701543 -0.745796
vt 1.669907 -0.745796
vt 1.606636 -0.714161
vt 1.669907 -0.682525
vt 1.290279 -1.346874
vt 1.290279 -1.410145
vt 1.353551 -1.378509
vt 1.227008 -1.315238
vt 1.290279 -1.505052
vt 1.227008 -1.473416
vt 1.227008 -1.536687
vt 1.227008 -1.441780
vt 1.290279 -1.853044
vt 1.353551 -1.884679
vt 1.227008 -1.789773
vt 1.290279 -1.821408
vt 1.290279 -2.011222
vt 1.321915 -2.042858
vt 1.290279 -2.042858
vt 1.353551 -2.042858
vt 1.227008 -1.979586
vt 1.258644 -2.042858
vt 1.227008 -2.042858
vt 1.227008 -1.947951
vt 1.290279 -1.947951
vt 1.195372 -2.042858
vt 1.986264 -2.042858
vt 1.954628 -2.042858
vt 1.575000 -2.042858
vt 1.606636 -2.011222
vt 1.701543 -1.979586
vt 1.669907 -1.979586
vt 1.669907 -2.042858
vt 1.701543 -2.011222
vt 1.638271 -2.042858
vt 1.606636 -2.042858
vt 1.701543 -1.758137
vt 1.669907 -1.726501
vt 1.606636 -1.726501
vt 1.986264 -1.758137
vt 1.290279 -1.599959
vt 1.290279 -1.663230
vt 1.353551 -1.631594
vt 1.290279 -1.758137
vt 1.227008 -1.726501
vt 1.227008 -1.694866
vt 1.290279 -1.125424
vt 1.290279 -1.157060
vt 1.227008 -1.093788
vt 1.290279 -1.062153
vt 1.290279 -1.220331
vt 1.353551 -1.283602
vt 1.227008 -1.251967
vt 1.986264 -0.777432
vt 1.290279 -0.587618
vt 1.290279 -0.650889
vt 1.353551 -0.619254
vt 1.227008 -0.555982
vt 1.290279 -0.714161
vt 1.353551 -0.777432
vt 1.227008 -0.745796
vt 1.227008 -0.682525
vt 1.290279 -0.113083
vt 1.353551 -0.144719
vt 1.227008 -0.081448
vt 1.290279 -0.207990
vt 1.290279 -0.271262
vt 1.353551 -0.239626
vt 1.227008 -0.207990
vt 1.227008 -0.176355
vt 1.290279 0.424722
vt 1.290279 0.361451
vt 1.353551 0.393087
vt 1.290279 0.298180
vt 1.353551 0.266544
vt 1.227008 0.298180
vt 1.227008 0.329816
vt 1.290279 0.930893
vt 1.227008 0.930893
vt 1.290279 0.804350
vt 1.353551 0.741079
vt 1.227008 0.804350
vt 1.227008 0.835986
vt 1.290279 1.437063
vt 1.290279 1.373792
vt 1.290279 1.310520
vt 1.290279 1.247249
vt 1.353551 1.247249
vt 1.227008 1.342156
vt 1.290279 1.911598
vt 1.353551 1.879962
vt 1.227008 1.943233
vt 1.227008 2.006505
vt 1.290279 1.816691
vt 1.353551 1.785055
vt 1.227008 1.816691
vt 2.808790 0.393087
vt 2.808790 0.361451
vt 2.745519 0.424722
vt 2.745519 0.456358
vt 2.808790 0.456358
vt 2.808790 0.266544
vt 2.872061 0.266544
vt 2.745519 0.298180
vt 2.745519 0.329816
vt 2.935332 0.298180
vt 2.935332 0.234909
vt 2.302620 0.424722
vt 2.302620 0.361451
vt 2.239348 0.393087
vt 2.239348 0.456358
vt 2.302620 0.298180
vt 2.302620 0.234909
vt 2.365891 0.266544
vt 2.239348 0.298180
vt 2.429162 0.298180
vt 2.429162 0.234909
vt 2.365891 0.329816
vt 2.302620 0.930893
vt 2.239348 0.930893
vt 2.239348 0.867621
vt 2.239348 0.962528
vt 2.302620 0.804350
vt 2.365891 0.772714
vt 2.239348 0.772714
vt 2.429162 0.772714
vt 2.429162 0.741079
vt 2.429162 0.835986
vt 2.808790 0.899257
vt 2.745519 0.994164
vt 2.808790 0.772714
vt 2.745519 0.835986
vt 2.808790 0.835986
vt 2.935332 0.772714
vt 2.998604 0.741079
vt 2.872061 0.804350
vt 2.935332 0.835986
vt 1.986264 1.785055
vt 1.986264 -0.271262
vt 1.986264 -1.220331
vt 1.986264 -0.176355
vt 2.998604 0.804350
vt 2.808790 0.994164
vt 2.302620 0.835986
vt 2.302620 0.994164
vt 2.429162 0.329816
vt 2.998604 0.298180
vt 1.290279 1.848326
vt 1.290279 2.006505
vt 1.353551 1.943233
vt 1.353551 1.342156
vt 1.290279 1.468699
vt 1.353551 1.437063
vt 1.986264 1.310520
vt 1.290279 0.835986
vt 1.353551 0.835986
vt 1.353551 0.930893
vt 1.290279 0.456358
vt 1.290279 -0.176355
vt 1.353551 -0.081448
vt 1.353551 -0.714161
vt 1.290279 -0.555982
vt 1.986264 -0.714161
vt 1.353551 -1.188695
vt 1.353551 -1.726501
vt 1.290279 -1.568323
vt 1.353551 -1.568323
vt 1.701543 -1.694866
vt 1.701543 -1.726501
vt 1.701543 -1.947951
vt 1.669907 -1.947951
vt 1.986264 -1.979586
vt 1.353551 -1.947951
vt 1.353551 -1.473416
vt 1.290279 -1.315238
vt 1.701543 -0.714161
vt 1.701543 -0.903974
vt 1.701543 -0.967246
vt 1.986264 -0.967246
vt 1.353551 -0.935610
vt 1.353551 -0.840703
vt 1.353551 -0.461075
vt 1.701543 0.361451
vt 1.701543 0.329816
vt 1.701543 0.076730
vt 1.353551 0.076730
vt 1.353551 0.551265
vt 1.701543 1.373792
vt 1.701543 1.310520
vt 1.701543 1.120707
vt 1.701543 1.089071
vt 1.353551 1.089071
vt 1.353551 1.563606
vt 2.998604 0.045095
vt 2.049535 0.456358
vt 2.049535 0.994164
vt 2.429162 0.582901
vt 2.555705 0.994164
vt 2.998604 0.551265
vt 2.808790 0.709443
vt 1.701543 1.848326
vt 1.701543 1.816691
vt 1.701543 1.595241
vt 1.986264 1.595241
vt 1.701543 0.835986
vt 1.701543 0.804350
vt 1.701543 0.582901
vt 1.701543 0.551265
vt 1.701543 -0.176355
vt 1.701543 -0.429440
vt 1.701543 -0.461075
vt 1.986264 -0.461075
vt 1.701543 -1.188695
vt 1.701543 -1.441780
vt 1.986264 -1.441780
vt 1.986264 -1.346874
vt 1.701543 -1.283602
vt 1.701543 -1.315238
vt 1.701543 -1.062153
vt 1.986264 -0.334533
vt 1.701543 -0.302897
vt 1.701543 -0.049812
vt 1.701543 -0.081448
vt 1.701543 0.741079
vt 1.701543 0.709443
vt 1.701543 0.962528
vt 1.701543 0.930893
vt 1.986264 1.690148
vt 1.701543 1.721784
vt 1.701543 1.974869
vt 1.669907 2.006505
vt 1.701543 1.943233
vt 2.935332 0.709443
vt 2.176077 0.994164
vt 2.176077 0.456358
vt 2.998604 0.171637
vt 2.682247 0.203273
vt 1.986264 1.183978
vt 1.669907 1.215613
vt 1.701543 1.183978
vt 1.701543 1.500334
vt 1.701543 1.468699
vt 1.701543 0.203273
vt 1.701543 0.487994
vt 1.701543 0.456358
vt 1.986264 -0.840703
vt 1.701543 -0.777432
vt 1.701543 -0.809067
vt 1.669907 -0.555982
vt 1.701543 -0.524347
vt 1.986264 -1.853044
vt 1.701543 -1.789773
vt 1.701543 -1.821408
vt 1.701543 -1.536687
vt 1.701543 -1.568323
vt 1.986264 -0.587618
vt 2.429162 0.456358
vt 2.429162 0.994164
vt 2.935332 0.994164
vt 2.998604 0.930893
vt 1.986264 -0.081448
vt 1.986264 2.006505
vt 2.998604 0.994164
vt 2.998604 0.456358
vt 1.986264 -0.555982
vt 1.986264 -1.821408
vt 1.986264 1.247249
vt 2.998604 0.203273
vt 1.986264 1.721784
vt 1.986264 -1.315238
vt 2.998604 0.614536
vt 2.998604 0.108366
vt 1.353551 1.721784
vt 1.353551 1.595241
vt 1.986264 1.120707
vt 1.353551 0.614536
vt 1.353551 0.234909
vt 1.353551 -0.271262
vt 1.353551 -0.429440
vt 1.353551 -1.410145
vt 1.353551 -1.789773
vt 1.986264 -1.663230
vt 1.353551 -1.663230
vt 1.353551 -0.682525
vt 1.353551 -0.018177
vt 1.353551 0.487994
vt 1.353551 0.329816
vt 1.353551 0.994164
vt 1.986264 1.373792
vt 1.353551 1.468699
vt 1.353551 2.006505
vt 2.998604 0.329816
vt 2.998604 0.867621
vt 1.986264 1.879962
vt 1.986264 -1.157060
vt 1.986264 -0.239626
vt 1.353551 1.278885
vt 1.353551 0.772714
vt 1.353551 -1.251967
vt 1.353551 -1.125424
vt 1.353551 -1.979586
vt 1.353551 -0.998881
vt 1.986264 1.025800
vt 1.986264 1.563606
vt 1.986264 -1.505052
vt 2.998604 0.393087
vt 1.701543 -1.631594
vt 1.701543 -1.884679
vt 1.701543 -0.619254
vt 1.701543 0.108366
vt 1.701543 1.437063
vt 1.701543 1.658512
vt 1.701543 0.677808
vt 1.701543 -0.334533
vt 1.701543 -0.397804
vt 1.701543 -1.125424
vt 1.701543 -1.346874
vt 1.701543 -0.239626
vt 1.701543 0.994164
vt 1.701543 0.045095
vt 1.701543 0.298180
vt 1.701543 -2.042858
vt 1.701543 -0.682525
vt 1.701543 -0.935610
vt 1.701543 1.342156
vt 1.701543 2.006505
vt 1.701543 1.215613
vt 1.701543 -0.555982
vn -0.7071 0.7071 0.0000
vn -0.7071 0.0000 -0.7071
vn -1.0000 0.0000 0.0000
vn 0.0000 0.7071 -0.7071
vn 0.7071 0.0000 -0.7071
vn 0.0000 0.0000 -1.0000
vn 0.9985 -0.0161 0.0530
vn 0.6152 0.3993 0.6797
vn 0.6398 -0.0142 0.7684
vn -0.0206 0.6997 0.7141
vn -0.7071 0.0000 0.7071
vn -0.0002 0.0000 1.0000
vn -0.7085 0.7057 0.0010
vn -0.1359 0.9893 0.0528
vn -0.0007 0.9944 0.1053
vn 0.1730 0.5193 0.8369
vn -0.0305 0.5403 0.8409
vn 0.1301 0.9670 0.2192
vn -0.2095 0.9776 0.0220
vn -0.2748 0.9601 0.0520
vn 0.0160 0.9823 0.1864
vn -0.7413 0.6611 0.1158
vn -0.1862 0.9805 0.0638
vn 0.0303 -0.0075 0.9995
vn -0.0020 -0.0017 1.0000
vn 1.0000 -0.0000 0.0000
vn 0.8045 0.5863 0.0950
vn 0.0896 0.5841 -0.8067
vn -0.7167 0.6974 -0.0064
vn -1.0000 -0.0024 0.0063
vn -0.9985 -0.0498 -0.0220
vn -0.8377 0.5295 -0.1333
vn -0.9987 -0.0274 -0.0426
vn -0.9244 -0.2977 0.2383
vn -0.3922 -0.9170 0.0731
vn -0.6456 -0.7631 0.0294
vn -0.9916 -0.0176 0.1284
vn -0.5681 -0.8024 0.1827
vn -0.6935 -0.7190 0.0465
vn -0.6268 -0.5973 -0.5004
vn -0.7118 -0.7024 0.0005
vn -0.5155 -0.8568 -0.0160
vn -0.9427 -0.1745 -0.2843
vn -0.6240 -0.7811 -0.0199
vn -0.2336 -0.7612 -0.6050
vn -0.2190 0.0616 -0.9738
vn -0.1815 -0.8921 -0.4137
vn -0.4039 -0.1378 -0.9044
vn -0.1533 -0.8586 -0.4892
vn -0.1397 -0.7959 -0.5891
vn 0.5774 -0.5774 -0.5774
vn 0.0000 -0.7071 -0.7071
vn 0.1012 -0.8432 -0.5280
vn 0.4534 -0.0991 -0.8858
vn 0.1790 -0.8122 -0.5553
vn 0.7540 0.6558 0.0366
vn 0.9690 0.1078 -0.2222
vn 0.6004 -0.7996 0.0159
vn 0.4074 -0.9127 -0.0306
vn 0.9298 -0.0156 -0.3677
vn 0.4212 -0.8890 -0.1797
vn 0.5942 -0.7863 -0.1692
vn 0.9950 -0.0401 0.0919
vn 0.5687 -0.5836 0.5797
vn 0.6753 -0.7372 0.0235
vn 0.6077 -0.7912 0.0691
vn 0.9991 -0.0167 0.0400
vn 0.6813 -0.7311 -0.0361
vn 0.0729 0.6464 0.7595
vn 0.0090 -0.0052 0.9999
vn 0.0010 -0.0013 1.0000
vn 0.1903 -0.0123 0.9817
vn -0.0502 -0.8731 0.4850
vn 0.0276 -0.8972 0.4408
vn 0.3090 -0.0827 0.9475
vn -0.0204 -0.8999 0.4356
vn 0.0839 -0.8322 0.5481
vn 0.0000 0.0000 1.0000
vn -0.5774 -0.5774 0.5774
vn 0.0000 -0.7071 0.7071
vn -0.1832 -0.1869 0.9652
vn -0.0271 -0.7214 0.6920
vn -0.0239 -0.7638 0.6450
vn 0.1020 0.8892 -0.4461
vn -0.1559 0.9634 -0.2183
vn 0.0426 0.9810 -0.1895
vn 0.0666 0.9978 -0.0036
vn -0.3002 0.9361 0.1834
vn -0.0204 0.9995 -0.0225
vn -0.2510 0.9680 0.0036
vn -0.7645 0.6428 -0.0486
vn -0.0958 0.9810 -0.1685
vn -0.2965 0.8978 -0.3257
vn -0.1804 0.9757 -0.1245
vn -0.1773 0.9815 -0.0724
vn -0.0634 0.9391 -0.3377
vn -0.2670 0.9513 -0.1543
vn 0.0063 0.9992 0.0391
vn 0.1554 0.9770 -0.1460
vn -0.0381 0.9868 0.1572
vn -0.3104 0.9265 0.2128
vn 0.1548 0.9839 0.0890
vn -0.0232 0.6431 0.7654
vn -0.0652 0.9480 0.3116
vn 0.0967 0.9953 0.0097
vn 0.2319 0.9454 0.2290
vn 0.2252 0.9516 0.2090
vn 0.0035 0.9973 0.0734
vn 0.2199 0.9739 -0.0554
vn -0.3098 0.9070 0.2854
vn 0.0507 0.5658 0.8230
vn 0.0793 0.9557 0.2836
vn 0.4293 0.8761 -0.2196
vn -0.0857 0.9955 -0.0397
vn -0.0828 0.9780 -0.1914
vn -0.8945 0.4156 -0.1649
vn -0.3677 0.9272 0.0710
vn -0.4519 0.8494 -0.2727
vn 0.0064 -0.0077 0.9999
vn -0.1429 0.5660 0.8119
vn -0.0038 -0.0099 0.9999
vn 0.7300 0.6830 -0.0253
vn 0.9999 -0.0055 -0.0120
vn 1.0000 -0.0000 -0.0013
vn -0.0812 0.6329 -0.7700
vn -0.0019 -0.0026 -1.0000
vn -0.0001 0.0000 -1.0000
vn -1.0000 -0.0005 -0.0000
vn -1.0000 -0.0000 -0.0005
vn -0.7162 0.6978 -0.0072
vn -0.7555 -0.5089 0.4125
vn -0.6284 -0.7633 0.1500
vn -0.8743 -0.4852 0.0143
vn -0.9971 -0.0026 0.0760
vn -0.9452 -0.1759 -0.2750
vn -0.9848 -0.1609 0.0657
vn -1.0000 -0.0047 -0.0050
vn -1.0000 -0.0002 -0.0002
vn -0.5122 -0.8536 -0.0954
vn -0.6919 -0.5486 -0.4693
vn -0.7039 -0.6805 -0.2036
vn -0.0145 0.6836 -0.7297
vn -0.5793 -0.6674 -0.4679
vn -0.0926 -0.9125 -0.3985
vn -0.2452 -0.6844 -0.6866
vn 0.0599 0.1961 -0.9787
vn 0.4067 0.0422 -0.9126
vn -0.0101 0.0502 -0.9987
vn 0.2556 -0.6921 -0.6750
vn 0.4321 -0.3558 -0.8287
vn 0.0193 -0.1184 -0.9928
vn 0.8271 0.5151 -0.2248
vn 0.9993 -0.0377 0.0070
vn 0.9991 -0.0310 -0.0301
vn 0.6992 -0.5008 -0.5102
vn 0.6613 -0.7269 -0.1853
vn 0.8301 -0.4919 -0.2627
vn 0.9465 0.0425 0.3199
vn 0.9748 0.0716 0.2113
vn 0.9667 -0.0309 0.2540
vn 0.9346 -0.0925 0.3436
vn 0.6119 0.0353 0.7901
vn 0.6045 -0.0088 0.7966
vn 0.7687 -0.5773 0.2755
vn 0.9513 -0.2195 0.2166
vn 0.9825 -0.1441 -0.1180
vn -0.0768 -0.0472 0.9959
vn -0.2669 0.5539 0.7886
vn -0.0600 -0.0234 0.9979
vn 0.0593 -0.2836 0.9571
vn 0.0335 -0.5733 0.8187
vn 0.1206 -0.6052 0.7869
vn -0.1750 -0.0586 0.9828
vn -0.1836 0.1471 0.9719
vn -0.2459 -0.1821 0.9520
vn -0.7042 0.0058 0.7100
vn -0.1359 -0.4027 0.9052
vn -0.2448 -0.2116 0.9462
vn -0.0351 -0.0972 0.9946
vn -0.3402 0.9312 -0.1308
vn -0.0585 0.9976 -0.0383
vn -0.2182 0.9750 0.0425
vn 0.3125 0.8821 0.3526
vn 0.1358 0.9345 0.3290
vn 0.0918 0.9880 0.1243
vn -0.7499 0.6360 -0.1822
vn 0.0993 0.9913 0.0863
vn -0.0221 0.9940 -0.1074
vn 0.2980 0.9123 -0.2809
vn 0.4272 0.8855 -0.1825
vn 0.3574 0.8899 -0.2834
vn -0.1402 0.9850 0.1007
vn -0.1538 0.9584 0.2402
vn -0.2129 0.9678 0.1340
vn -0.1162 0.9860 0.1194
vn 0.0557 0.9112 0.4083
vn -0.0566 0.9968 0.0570
vn -0.4373 0.8955 0.0832
vn -0.2139 0.5588 0.8012
vn -0.2762 0.9510 0.1386
vn 0.2539 0.9138 0.3171
vn 0.0396 0.9743 0.2218
vn -0.0344 0.9979 -0.0549
vn -0.0616 0.9979 0.0203
vn -0.0934 0.9574 -0.2731
vn 0.0743 0.9540 -0.2905
vn 0.0362 0.9853 0.1671
vn 0.3953 0.9170 0.0542
vn 0.2526 0.9507 0.1797
vn 0.1609 0.9592 0.2324
vn -0.0273 0.9945 0.1007
vn -0.0262 0.9996 -0.0049
vn 0.0413 0.9990 0.0170
vn -0.1178 0.9671 -0.2257
vn -0.0519 0.9120 -0.4068
vn 0.3039 0.9527 0.0067
vn -0.1743 0.9368 0.3033
vn 0.1166 0.9871 0.1098
vn 0.3400 0.9167 0.2101
vn -0.3100 0.9460 -0.0950
vn -0.1086 0.9808 -0.1621
vn -0.4304 0.8625 0.2662
vn -0.1611 0.9496 0.2690
vn -0.1840 0.9558 0.2293
vn -0.0030 0.9503 0.3113
vn -0.0222 0.6017 0.7984
vn -0.0515 0.5797 0.8132
vn 0.0183 0.9714 -0.2367
vn 0.2560 0.9106 -0.3244
vn 0.0131 0.9933 -0.1147
vn -0.0277 0.9930 0.1153
vn -0.0839 0.9794 0.1837
vn -0.1834 0.9158 0.3574
vn 0.1543 0.9777 0.1428
vn 0.1185 0.9837 0.1352
vn 0.2273 0.9503 0.2126
vn -0.0104 0.9897 -0.1429
vn 0.1913 0.9810 -0.0331
vn 0.1901 0.9706 -0.1479
vn 0.0328 0.9890 -0.1440
vn 0.1044 0.9629 0.2490
vn -0.3150 0.9327 -0.1757
vn -0.2098 0.9691 0.1295
vn -0.2870 0.8795 0.3796
vn -0.3763 0.8793 0.2918
vn -0.3857 0.8387 -0.3845
vn -0.4203 0.8868 -0.1924
vn -0.3548 0.9161 -0.1867
vn -0.2851 0.9175 0.2774
vn 0.0321 0.8869 0.4608
vn 0.0284 0.9738 0.2254
vn 0.0365 0.9866 -0.1589
vn -0.0027 0.9648 0.2631
vn -0.2673 0.9440 0.1933
vn -0.3061 0.9198 -0.2457
vn -0.2568 0.9624 -0.0890
vn -0.3778 0.8964 -0.2319
vn -0.3054 0.9031 0.3018
vn -0.0178 0.8772 0.4799
vn -0.0221 0.9856 0.1677
vn 0.2108 0.9262 0.3127
vn 0.1089 0.9070 0.4068
vn 0.2016 0.9052 0.3742
vn -0.0151 0.9930 -0.1172
vn -0.0929 0.9912 0.0942
vn 0.0252 0.9976 -0.0651
vn -0.7305 0.6820 -0.0349
vn -0.2320 0.9724 -0.0257
vn -0.1148 0.9863 -0.1182
vn -0.0669 0.9694 -0.2362
vn 0.1312 0.9904 0.0439
vn -0.1097 0.9937 -0.0244
vn -0.2346 0.9706 0.0543
vn -0.2879 0.9098 0.2989
vn -0.2840 0.9519 0.1151
vn -0.1293 0.9319 -0.3390
vn -0.2704 0.8973 -0.3488
vn -0.1299 0.9500 -0.2839
vn 0.0086 0.9591 0.2829
vn 0.0702 0.9930 0.0947
vn -0.0430 0.9947 -0.0938
vn -0.0225 0.9667 -0.2549
vn 0.2058 0.9326 -0.2965
vn 0.0986 0.9802 -0.1719
vn 0.1139 0.9634 -0.2428
vn -0.1607 0.9863 0.0360
vn -0.0003 0.9991 -0.0435
vn -0.1227 0.2606 0.9576
vn 0.0163 0.1455 0.9892
vn 0.0900 0.2084 0.9739
vn -0.1257 0.0105 0.9920
vn 0.0008 0.0024 1.0000
vn 0.1321 0.0866 0.9875
vn -0.1194 -0.7613 0.6373
vn 0.0858 -0.0411 0.9955
vn -0.0255 -0.7723 0.6347
vn -0.0168 -0.2700 0.9627
vn 0.0002 -0.7070 0.7072
vn -0.1989 0.2281 0.9531
vn -0.3784 -0.0728 0.9228
vn -0.2628 0.0021 0.9648
vn 0.2779 0.1373 0.9508
vn 0.2145 0.4391 0.8725
vn 0.2507 0.1537 0.9558
vn -0.0525 -0.8350 0.5477
vn -0.2645 -0.1103 0.9581
vn -0.0512 -0.7530 0.6560
vn -0.0771 -0.8238 0.5616
vn -0.1989 -0.0555 0.9784
vn -0.0329 -0.7331 0.6793
vn -0.0007 -0.0004 1.0000
vn -0.0064 -0.0022 1.0000
vn -0.0453 -0.2835 0.9579
vn -0.1635 -0.3536 0.9210
vn -0.0377 -0.1146 0.9927
vn 0.0031 -0.0075 1.0000
vn 0.0021 -0.0063 1.0000
vn -0.2260 -0.2165 0.9498
vn 0.0065 -0.0917 0.9958
vn 0.1536 0.0488 0.9869
vn 0.4288 -0.0139 0.9033
vn 0.1609 -0.2925 0.9426
vn 0.3282 -0.2254 0.9173
vn 0.9382 0.3310 0.1011
vn 0.9819 0.0682 0.1765
vn 0.9600 0.1892 0.2062
vn 0.9820 0.1697 0.0835
vn 0.9838 0.1559 -0.0884
vn 0.9741 -0.0041 0.2263
vn 0.9666 0.0817 0.2431
vn 0.6766 -0.7335 0.0643
vn 0.4282 -0.8981 0.1006
vn 0.5825 -0.8098 0.0701
vn 0.9625 -0.2547 0.0933
vn 0.6836 -0.7298 0.0007
vn 0.9437 0.0114 0.3305
vn 0.8985 -0.1873 0.3969
vn 0.9160 -0.2468 0.3163
vn 0.9272 -0.0884 -0.3640
vn 0.9424 0.1270 -0.3095
vn 0.9475 -0.1807 -0.2638
vn 0.6003 -0.7998 0.0026
vn 0.9715 -0.1620 0.1728
vn 0.6669 -0.7447 0.0256
vn 0.5281 -0.8299 0.1800
vn 0.9716 -0.0316 0.2347
vn 0.6689 -0.7406 0.0632
vn 0.8678 0.4837 -0.1140
vn 0.7599 -0.6490 0.0370
vn 0.6506 -0.7119 0.2644
vn 0.8941 -0.4364 0.1013
vn 0.9993 -0.0218 -0.0312
vn 0.9984 -0.0542 -0.0177
vn 1.0000 -0.0008 -0.0003
vn 0.9560 -0.1371 0.2595
vn 0.9824 -0.1790 -0.0526
vn 0.9890 0.0236 -0.1463
vn 0.8814 -0.1026 -0.4611
vn 0.8910 -0.3591 -0.2779
vn 0.8807 -0.2220 -0.4184
vn 0.1239 0.1541 -0.9803
vn 0.0778 0.0315 -0.9965
vn 0.3149 0.1614 -0.9353
vn -0.0051 0.0310 -0.9995
vn -0.1013 0.1370 -0.9854
vn -0.3008 0.1632 -0.9396
vn 0.1319 0.0415 -0.9904
vn -0.0053 -0.7138 -0.7003
vn 0.1177 -0.7333 -0.6697
vn 0.0001 -0.7077 -0.7065
vn 0.0568 -0.1951 -0.9791
vn 0.1272 0.4027 -0.9065
vn 0.2923 0.0839 -0.9526
vn 0.2451 0.1192 -0.9621
vn -0.3680 0.1159 -0.9226
vn -0.2602 0.4638 -0.8469
vn -0.3561 0.1722 -0.9184
vn 0.1480 -0.8129 -0.5633
vn 0.2746 -0.0737 -0.9587
vn 0.1059 -0.7637 -0.6369
vn 0.1184 -0.8346 -0.5380
vn 0.2057 -0.1635 -0.9649
vn 0.0724 -0.7616 -0.6440
vn 0.0067 -0.1705 -0.9853
vn 0.0245 -0.6498 -0.7597
vn 0.0000 -0.1507 -0.9886
vn 0.3024 -0.6615 -0.6863
vn 0.2993 -0.3126 -0.9015
vn -0.0459 -0.0307 -0.9985
vn -0.2072 -0.1063 -0.9725
vn -0.2851 -0.4170 -0.8630
vn -0.0406 -0.0056 -0.9992
vn -0.8113 0.5845 -0.0141
vn -0.8262 0.4250 -0.3698
vn -0.8424 0.5388 -0.0008
vn -0.9995 0.0048 -0.0300
vn -1.0000 0.0044 0.0085
vn -0.9697 0.0838 -0.2294
vn -0.5572 -0.8274 -0.0705
vn -0.9846 -0.0542 -0.1660
vn -0.6749 -0.7376 -0.0213
vn -0.9425 -0.3291 0.0578
vn -0.6652 -0.7444 -0.0577
vn -0.5749 -0.8182 0.0009
vn -0.8914 0.4416 -0.1022
vn -0.9676 0.1049 -0.2295
vn -0.8804 0.3650 -0.3029
vn -0.9953 0.0565 0.0789
vn -0.9894 0.1393 0.0408
vn -0.9483 0.2387 0.2090
vn -0.5418 -0.8366 0.0803
vn -0.9415 -0.1627 -0.2952
vn -0.5156 -0.8465 -0.1326
vn -0.4802 -0.8607 -0.1690
vn -0.9280 -0.0990 -0.3593
vn -0.5984 -0.7938 -0.1084
vn -0.7235 0.6903 -0.0026
vn -1.0000 -0.0011 0.0054
vn -0.6986 -0.6791 0.2255
vn -0.8313 -0.5540 -0.0440
vn -0.8879 -0.4452 0.1164
vn -0.9833 -0.1562 -0.0933
vn -0.9849 0.0700 -0.1586
vn -0.9888 0.1293 -0.0741
vn -0.6188 -0.7411 -0.2606
vn -0.7435 -0.4847 -0.4607
vn -0.9003 -0.4007 -0.1700
vn -0.9934 -0.1097 0.0322
vn -0.9868 -0.1223 0.1066
vn -0.9998 -0.0138 -0.0138
vn -0.7357 0.6461 0.2032
vn -0.9898 -0.1415 0.0194
vn -0.9969 -0.0611 0.0487
vn -0.9415 0.3225 0.0981
vn -0.8770 0.4790 0.0363
vn -0.9689 0.2462 0.0247
vn -0.9996 0.0085 0.0253
vn -1.0000 0.0029 -0.0010
vn -0.8200 0.5077 0.2644
vn -0.9263 0.3760 -0.0245
vn -0.7676 0.6296 -0.1198
vn -0.0475 0.5978 -0.8002
vn 0.3074 0.2726 -0.9117
vn -0.0118 0.3212 -0.9469
vn -0.0528 0.0442 -0.9976
vn -0.0510 0.1064 -0.9930
vn -0.1991 0.1706 -0.9650
vn 0.7024 -0.0007 -0.7118
vn -0.0846 0.6169 -0.7825
vn 0.3407 0.3823 -0.8589
vn -0.1161 0.4145 -0.9026
vn 0.8045 0.5923 -0.0439
vn 0.7991 0.5941 0.0917
vn 0.9378 0.3471 -0.0101
vn 0.9432 0.3248 0.0696
vn 1.0000 0.0000 -0.0022
vn 0.9946 0.0066 -0.1040
vn 0.9794 0.0032 -0.2020
vn 0.7086 0.0007 0.7056
vn 0.9129 0.3794 -0.1508
vn 0.8528 0.5110 0.1074
vn 0.9269 0.3207 0.1950
vn 0.1478 0.6014 0.7852
vn -0.0423 -0.0136 0.9990
vn 0.0018 -0.0348 0.9994
vn 0.0604 0.4666 0.8824
vn 0.1144 0.5041 0.8560
vn 0.1680 0.4517 0.8762
vn 0.1298 0.0062 0.9915
vn 0.1236 0.1995 0.9721
vn 0.3227 0.0971 0.9415
vn -0.0388 0.6440 0.7641
vn -0.4111 0.4314 0.8030
vn -0.0421 0.4675 0.8830
vn 0.0925 0.9540 -0.2852
vn 0.2056 0.9666 -0.1530
vn 0.2134 0.9408 -0.2633
vn 0.1330 0.9901 0.0444
vn -0.1783 0.9669 0.1823
vn -0.3346 0.9413 0.0452
vn -0.2204 0.9727 0.0727
vn -0.0888 0.9959 -0.0194
vn -0.0992 0.9917 -0.0813
vn -0.0792 0.9961 0.0393
vn -0.0576 0.9977 0.0356
vn 0.0625 0.9327 -0.3553
vn -0.1137 0.8648 -0.4891
vn 0.1095 0.9051 -0.4109
vn -0.2004 0.9753 0.0930
vn -0.0260 0.9896 0.1412
vn -0.1048 0.9644 0.2429
vn 0.3236 0.9455 0.0374
vn 0.0129 0.5884 0.8085
vn -0.0908 0.9933 0.0711
vn -0.2793 0.9500 0.1396
vn -0.3119 0.9458 -0.0901
vn -0.1338 0.9601 0.2455
vn 0.0472 0.9741 0.2211
vn -0.0517 0.9491 0.3108
vn 0.3658 0.8900 0.2723
vn 0.0851 0.5221 0.8487
vn 0.1571 0.5565 0.8159
vn 0.0146 0.9893 -0.1449
vn 0.2117 0.9659 -0.1494
vn -0.1391 0.9832 0.1184
vn -0.8081 0.5334 0.2499
vn -0.0921 0.9858 0.1403
vn -0.0582 0.8866 0.4588
vn 0.0235 -0.0392 0.9990
vn 0.0146 -0.0061 0.9999
vn 0.9998 -0.0149 0.0120
vn 0.7610 0.6462 -0.0572
vn 0.9997 -0.0135 -0.0200
vn 0.0023 0.7063 -0.7079
vn -0.7324 0.6798 0.0371
vn -1.0000 -0.0069 0.0000
vn -0.7087 0.7055 0.0000
vn 0.0007 -0.0042 -1.0000
vn 0.1440 0.4967 -0.8559
vn 0.0014 -0.0009 -1.0000
vn 0.8187 0.5596 -0.1286
vn 0.9998 -0.0212 0.0048
vn 0.9997 -0.0179 -0.0184
vn -0.0044 -0.0028 1.0000
vn 0.0141 0.6896 0.7241
vn -0.0079 0.9972 -0.0740
vn -0.2230 0.9646 -0.1406
vn -0.1542 0.9439 -0.2921
vn 0.3113 0.9103 0.2727
vn 0.2782 0.8929 0.3540
vn 0.2512 0.9135 0.3201
vn -0.8163 0.5758 -0.0460
vn -0.1507 0.9623 0.2263
vn -0.2120 0.9771 0.0165
vn 0.1714 0.9316 0.3204
vn 0.1824 0.9804 0.0751
vn -0.0256 0.9983 -0.0517
vn 0.1787 0.9782 0.1059
vn -0.0228 0.9405 0.3390
vn 0.2961 0.8665 0.4018
vn -0.1265 0.9699 0.2079
vn -0.3129 0.8797 0.3581
vn -0.2407 0.9646 0.1078
vn 0.1084 0.9875 0.1147
vn -0.1027 0.6318 0.7683
vn -0.2808 0.9442 0.1723
vn -0.2462 0.9498 -0.1932
vn 0.1459 0.9887 0.0331
vn -0.3488 0.9371 0.0156
vn 0.0993 0.9826 -0.1571
vn 0.3720 0.9282 0.0093
vn 0.3113 0.9417 -0.1275
vn 0.2235 0.9119 0.3442
vn 0.0858 0.9754 0.2029
vn 0.0107 0.9993 0.0352
vn 0.1577 0.9836 0.0877
vn -0.0510 0.9668 0.2503
vn 0.3173 0.8689 0.3799
vn -0.1251 0.9821 0.1409
vn -0.1418 0.9748 0.1722
vn -0.0190 0.9954 -0.0940
vn 0.2523 0.9614 -0.1102
vn -0.0313 0.9737 0.2256
vn 0.2588 0.9491 0.1798
vn 0.0030 0.9982 -0.0595
vn 0.0631 0.9757 -0.2096
vn -0.0154 0.9990 -0.0425
vn 0.1945 0.9805 0.0291
vn 0.2797 0.9284 0.2448
vn -0.1122 0.9785 -0.1731
vn 0.2325 0.9724 -0.0188
vn 0.0414 0.6406 0.7668
vn -0.0594 0.9976 0.0345
vn -0.0141 0.9776 0.2099
vn -0.0727 0.9968 -0.0336
vn 0.1148 0.9873 0.1100
vn -0.0076 0.9563 -0.2924
vn 0.2727 0.9237 -0.2692
vn -0.0357 0.9988 -0.0320
vn 0.0469 0.9925 -0.1125
vn -0.1471 0.9839 -0.1011
vn -0.3036 0.8284 -0.4707
vn -0.1922 0.9693 0.1534
vn 0.0846 0.9809 0.1753
vn -0.1067 0.9265 0.3609
vn 0.0491 0.9963 -0.0703
vn -0.0904 0.9923 0.0847
vn -0.0908 0.9753 -0.2012
vn 0.0526 0.9845 -0.1672
vn 0.0568 0.9979 -0.0313
vn -0.3664 0.9017 0.2296
vn -0.1561 0.9834 0.0924
vn -0.5085 0.8425 0.1778
vn -0.5069 0.8608 -0.0452
vn 0.2250 0.9356 0.2721
vn 0.0382 0.9836 0.1761
vn 0.0497 0.9984 0.0279
vn 0.0839 0.9965 0.0031
vn 0.2087 0.9690 0.1322
vn 0.3425 0.9355 -0.0865
vn 0.3468 0.8988 -0.2681
vn 0.4674 0.8626 -0.1938
vn 0.4180 0.8735 -0.2494
vn 0.0437 0.9980 -0.0448
vn 0.1058 0.9789 0.1750
vn -0.1046 0.9934 0.0471
vn -0.3543 0.9343 0.0399
vn 0.1264 0.9356 0.3297
vn 0.2494 0.9641 0.0916
vn 0.1235 0.9913 -0.0456
vn 0.1570 0.9241 -0.3485
vn 0.0686 0.9948 0.0752
vn -0.8053 0.5926 -0.0182
vn -0.0558 0.9816 0.1825
vn -0.0714 0.9967 -0.0377
vn -0.2752 0.9496 0.1502
vn -0.0777 0.9836 0.1625
vn 0.1668 0.9599 0.2254
vn -0.0131 0.9688 -0.2473
vn -0.3335 0.8350 -0.4378
vn 0.1246 0.8929 -0.4326
vn 0.0051 0.9958 0.0909
vn 0.1061 0.9828 -0.1513
vn -0.2188 0.9454 -0.2418
vn -0.0325 0.9816 -0.1883
vn 0.1128 0.9821 -0.1511
vn -0.2537 0.9230 -0.2894
vn -0.0530 0.9970 0.0567
vn -0.0215 0.9987 0.0461
vn 0.1147 0.9675 0.2253
vn -0.1631 0.9815 -0.1000
vn -0.0435 0.9334 -0.3562
vn -0.0078 0.9847 -0.1740
vn -0.0406 -0.6086 0.7924
vn -0.4864 -0.1393 0.8626
vn -0.3636 -0.4619 0.8090
vn 0.3421 -0.1022 0.9341
vn 0.2623 -0.5059 0.8218
vn 0.1634 -0.2739 0.9478
vn 0.3053 0.2918 0.9065
vn 0.1793 0.5730 0.7997
vn 0.2993 0.4210 0.8563
vn -0.1430 -0.0802 0.9865
vn -0.0305 -0.0056 0.9995
vn -0.0001 0.0000 1.0000
vn -0.0339 0.0338 0.9989
vn -0.0169 0.0056 0.9998
vn -0.2839 0.1229 0.9510
vn 0.0105 0.1204 0.9927
vn -0.0863 0.0268 0.9959
vn -0.3469 0.3117 0.8846
vn -0.0341 0.3078 0.9508
vn -0.1845 0.3823 0.9054
vn 0.0538 0.4060 0.9123
vn -0.1728 -0.0396 0.9842
vn -0.0239 -0.0013 0.9997
vn -0.0153 0.0008 0.9999
vn 0.0410 -0.1750 0.9837
vn -0.0467 -0.2047 0.9777
vn -0.0753 -0.0623 0.9952
vn 0.3100 -0.2754 0.9100
vn 0.1201 -0.3049 0.9448
vn 0.1724 -0.2460 0.9538
vn -0.0087 0.4243 0.9055
vn -0.1077 0.4506 0.8862
vn 0.0937 0.3309 0.9390
vn 0.0459 -0.0350 0.9983
vn 0.0286 -0.0162 0.9995
vn 0.9665 -0.2558 -0.0227
vn 0.9663 -0.1107 0.2324
vn 0.9334 -0.3033 0.1917
vn 0.9704 0.0151 -0.2410
vn 0.9638 -0.0096 -0.2663
vn 0.9683 0.0637 -0.2413
vn 0.9921 0.0672 -0.1063
vn 0.9622 0.2518 -0.1038
vn 0.8818 0.3290 -0.3380
vn 0.9994 0.0327 0.0120
vn 0.6852 0.0150 0.7282
vn 0.9936 0.0503 0.1008
vn 0.9427 0.0193 0.3330
vn 0.9856 0.0541 0.1601
vn 0.9894 -0.1237 0.0763
vn 0.9713 0.2113 0.1095
vn 0.9935 0.0371 0.1074
vn 0.9184 0.2223 0.3274
vn 0.9880 0.1462 0.0498
vn 0.9856 0.0731 0.1524
vn 0.9009 0.3123 0.3015
vn 0.9693 0.2375 0.0633
vn 0.9180 0.3761 0.1260
vn 0.9306 0.3630 -0.0472
vn 0.9715 -0.0770 0.2241
vn 0.9987 -0.0015 0.0507
vn 0.9992 -0.0094 0.0387
vn 0.9788 -0.1903 -0.0762
vn 0.9502 -0.3049 0.0649
vn 0.9977 -0.0540 -0.0402
vn 0.8950 -0.3054 -0.3251
vn 0.9643 -0.2515 -0.0825
vn 0.9959 -0.0852 -0.0305
vn 0.9115 0.0745 -0.4045
vn 0.8396 0.5428 0.0228
vn 0.9774 0.2065 -0.0457
vn 0.7084 0.7058 0.0000
vn -0.0811 -0.5411 -0.8370
vn 0.3686 -0.1700 -0.9139
vn 0.2865 -0.4747 -0.8322
vn -0.3323 -0.0423 -0.9422
vn -0.3168 -0.3859 -0.8665
vn -0.0390 -0.0470 -0.9981
vn -0.2471 0.1112 -0.9626
vn -0.2473 0.4101 -0.8779
vn -0.4402 0.3584 -0.8233
vn 0.2286 -0.1961 -0.9536
vn 0.1332 -0.0248 -0.9908
vn 0.0243 -0.0081 -0.9997
vn 0.1501 0.1895 -0.9703
vn 0.0993 0.0324 -0.9945
vn 0.3850 0.2202 -0.8963
vn -0.0510 0.1990 -0.9787
vn 0.0225 0.0127 -0.9997
vn 0.2541 0.2904 -0.9226
vn 0.1081 0.3580 -0.9274
vn 0.2394 0.4048 -0.8825
vn 0.0087 0.4134 -0.9105
vn 0.1099 0.0495 -0.9927
vn 0.0393 0.0397 -0.9984
vn 0.1789 0.0753 -0.9810
vn 0.0217 -0.4801 -0.8770
vn 0.3449 -0.2928 -0.8918
vn 0.1610 -0.2424 -0.9567
vn -0.3491 -0.1065 -0.9310
vn -0.1336 -0.4344 -0.8908
vn -0.0745 -0.2610 -0.9624
vn -0.3516 0.3236 -0.8784
vn -0.2555 0.5392 -0.8025
vn -0.3273 0.3470 -0.8789
vn -0.9194 0.1328 0.3703
vn -0.7826 -0.5347 -0.3189
vn -0.8556 -0.4458 0.2631
vn -0.9895 0.0115 -0.1440
vn -0.9206 -0.2236 0.3201
vn -0.9864 -0.1603 -0.0372
vn -0.9722 0.1993 -0.1226
vn -0.9993 0.0370 0.0001
vn -0.9657 0.2420 0.0940
vn -0.7135 0.0135 -0.7005
vn -0.7730 0.0672 -0.6308
vn -0.8860 -0.3091 -0.3456
vn -0.9804 0.0055 -0.1971
vn -0.9974 -0.0231 -0.0682
vn -0.9190 0.2843 -0.2730
vn -0.9989 0.0331 -0.0332
vn -0.9978 0.0004 -0.0661
vn -0.9686 0.2396 -0.0663
vn -0.9517 0.1712 -0.2549
vn -0.8934 0.3732 -0.2502
vn -0.8709 0.4219 0.2519
vn -0.9565 0.2913 0.0157
vn -0.9017 0.4306 0.0390
vn -0.9989 0.0305 -0.0346
vn -1.0000 0.0068 0.0005
vn -0.9979 0.0010 -0.0645
vn -0.9366 -0.3038 0.1745
vn -0.9980 -0.0468 0.0428
vn -0.9890 -0.1351 0.0599
vn -0.9340 -0.0418 0.3549
vn -0.8784 -0.3625 0.3114
vn -0.9883 -0.1062 0.1096
vn -0.9614 0.1460 0.2333
vn -0.8942 0.4032 0.1943
vn -0.8669 0.3644 0.3401
vn -0.9999 -0.0073 -0.0146
vn -0.8258 0.5590 -0.0750
vn -1.0000 -0.0012 0.0057
vn -0.8073 0.0967 -0.5822
vn -0.9408 0.1483 0.3047
vn -0.9057 -0.2692 -0.3274
vn -0.9940 0.1060 -0.0270
vn -0.7362 -0.4549 -0.5011
vn -0.8948 -0.3901 -0.2170
vn -0.7679 -0.6049 -0.2110
vn -0.9862 -0.1410 -0.0864
vn -0.9232 -0.3843 0.0000
vn -0.7784 -0.3969 0.4864
vn -0.5765 -0.8160 0.0435
vn -0.6658 -0.6575 0.3527
vn -0.9540 -0.2520 -0.1626
vn -0.9738 0.1099 -0.1991
vn -0.9422 -0.2357 -0.2380
vn -0.9533 0.1180 0.2780
vn -0.9331 -0.2455 0.2629
vn -0.9554 -0.1235 0.2682
vn -0.9949 0.0398 0.0931
vn -0.9721 -0.1567 0.1748
vn -0.9797 0.1145 0.1645
vn -0.9999 -0.0147 0.0017
vn -0.8629 -0.4197 0.2815
vn -0.9939 -0.1100 0.0000
vn -0.9667 -0.0566 0.2495
vn -0.4326 -0.9000 -0.0529
vn -0.5080 -0.8522 0.1254
vn -0.9965 -0.0050 0.0831
vn -0.6203 -0.7764 0.1115
vn -0.7019 -0.7121 0.0165
vn -0.9287 0.2720 0.2521
vn -0.9623 0.1453 0.2298
vn -0.9801 0.0875 -0.1785
vn -0.9994 0.0108 0.0324
vn -0.9980 0.0414 0.0468
vn -0.9618 0.1493 0.2296
vn -1.0000 0.0022 0.0065
vn -0.9503 -0.2982 -0.0898
vn -0.9563 -0.0742 -0.2829
vn -0.9652 0.1640 0.2037
vn -0.9478 -0.1343 0.2893
vn -0.9028 -0.4237 -0.0738
vn -0.9568 -0.2684 -0.1115
vn -0.8773 0.4128 0.2449
vn -0.8360 0.5475 0.0379
vn -0.8813 0.4701 0.0478
vn -0.6793 -0.7336 -0.0205
vn -0.9827 -0.0921 0.1609
vn -0.6465 -0.7615 0.0464
vn -0.9435 -0.3305 -0.0224
vn -0.4800 -0.8767 -0.0330
vn -0.4550 -0.8905 -0.0063
vn -0.9556 0.0577 -0.2889
vn -0.9903 0.0709 -0.1199
vn -0.9616 0.1789 -0.2083
vn -0.9850 -0.1296 -0.1138
vn -0.9103 -0.0764 -0.4069
vn -0.9587 -0.0059 -0.2845
vn -0.8642 0.4900 -0.1137
vn -0.8773 0.2779 -0.3914
vn -0.9574 0.2772 -0.0807
vn -0.9687 -0.2482 -0.0005
vn -0.8778 -0.0320 -0.4780
vn -0.8889 -0.2405 -0.3898
vn -0.9609 -0.0292 0.2752
vn -0.8894 -0.1441 0.4339
vn -0.9911 -0.0168 0.1322
vn -0.9819 0.0789 0.1723
vn -0.9382 0.3304 0.1034
vn -0.8390 0.3665 0.4022
vn -0.0550 0.0780 -0.9954
vn -0.2019 0.2049 -0.9577
vn -0.6318 0.3445 -0.6944
vn 0.4789 -0.6414 -0.5994
vn 0.8579 0.0649 -0.5097
vn 0.5543 -0.4429 -0.7047
vn 0.1854 -0.5093 -0.8404
vn 0.0043 -0.0076 -1.0000
vn 0.0320 -0.0548 -0.9980
vn -0.4461 -0.4653 -0.7645
vn 0.1356 -0.8787 -0.4577
vn -0.1978 -0.8207 -0.5361
vn -0.0589 -0.0013 -0.9983
vn -0.1813 -0.1188 -0.9762
vn -0.0191 -0.0064 -0.9998
vn -0.0149 -0.0173 -0.9997
vn -0.1505 -0.4132 -0.8981
vn -0.0296 -0.0892 -0.9956
vn 0.0072 -0.8766 -0.4812
vn 0.2577 -0.2210 -0.9406
vn 0.0978 -0.8788 -0.4671
vn -0.3302 -0.0593 -0.9420
vn -0.0335 -0.8228 -0.5673
vn -0.1457 -0.7801 -0.6085
vn -0.2025 0.0496 -0.9780
vn 0.1208 -0.1675 -0.9784
vn 0.2288 0.2030 -0.9521
vn -0.2522 0.2416 -0.9370
vn -0.1328 0.2359 -0.9627
vn -0.1231 0.3158 -0.9408
vn -0.0027 0.0042 -1.0000
vn -0.0214 0.0029 -0.9998
vn -0.1040 0.0375 -0.9939
vn -0.2940 -0.0134 -0.9557
vn 0.1075 0.1262 -0.9862
vn -0.3072 0.3254 -0.8943
vn 0.0222 -0.3411 -0.9398
vn 0.1527 -0.4205 -0.8944
vn -0.0596 -0.2845 -0.9568
vn -0.0282 0.5690 -0.8219
vn 0.1655 0.1736 -0.9708
vn -0.0299 0.1844 -0.9824
vn 0.1620 -0.0270 -0.9864
vn 0.0014 -0.7080 -0.7063
vn 0.0438 -0.7207 -0.6918
vn 0.0755 0.1125 -0.9908
vn 0.2565 -0.8202 -0.5113
vn 0.1193 -0.8533 -0.5075
vn -0.0401 -0.0284 -0.9988
vn -0.1880 -0.0963 -0.9774
vn 0.0200 0.0070 -0.9998
vn 0.1684 0.0457 -0.9847
vn 0.1933 -0.0805 -0.9778
vn 0.1170 0.0768 -0.9902
vn 0.2144 0.2585 -0.9419
vn 0.2424 0.0451 -0.9691
vn 0.3767 0.1354 -0.9164
vn 0.3916 0.2167 -0.8942
vn 0.3596 0.2271 -0.9050
vn 0.2930 0.2717 -0.9167
vn -0.3041 -0.1171 -0.9454
vn -0.2213 -0.0106 -0.9752
vn -0.3724 -0.2244 -0.9005
vn -0.2500 0.3008 -0.9204
vn 0.1316 0.4560 -0.8802
vn 0.2222 0.2908 -0.9306
vn 0.9343 0.2884 -0.2096
vn 0.9215 0.3759 -0.0973
vn 0.7766 0.4376 -0.4532
vn 0.6691 -0.4923 0.5567
vn 0.8247 0.0354 0.5645
vn 0.9134 -0.2792 0.2963
vn 0.8512 -0.4630 0.2472
vn 0.9909 -0.0507 -0.1244
vn 0.9905 -0.1377 -0.0003
vn 0.8172 -0.5759 0.0218
vn 0.8110 -0.2915 0.5073
vn 0.7021 -0.5323 0.4729
vn 0.9906 -0.0307 -0.1332
vn 0.8416 0.2058 -0.4994
vn 0.8295 -0.2060 -0.5191
vn 0.9999 -0.0016 -0.0104
vn 0.7977 -0.5126 -0.3176
vn 0.8260 -0.5518 -0.1148
vn 0.9789 -0.1997 -0.0431
vn 0.7071 0.7071 -0.0000
vn 0.9841 -0.1775 0.0028
vn 0.6876 -0.7088 0.1575
vn 0.2852 -0.9581 0.0255
vn 0.6923 -0.7211 -0.0273
vn 0.9755 -0.1409 -0.1692
vn 0.6489 -0.7609 -0.0015
vn 0.9762 -0.1046 -0.1898
vn 0.9720 -0.1829 0.1474
vn 0.9999 0.0083 -0.0099
vn 0.9946 0.0115 -0.1035
vn 0.9755 -0.0098 -0.2200
vn 0.9637 0.0294 -0.2654
vn 0.9946 -0.0051 -0.1034
vn 0.9603 0.0678 -0.2705
vn 0.9556 -0.0261 -0.2936
vn 0.9831 -0.0066 -0.1828
vn 0.9868 -0.0398 0.1567
vn 0.9136 0.3258 -0.2433
vn 0.9499 -0.2961 0.0998
vn 0.8520 -0.5147 0.0961
vn 0.9651 -0.2618 0.0085
vn 0.9668 -0.2383 -0.0923
vn 0.9942 0.0347 0.1021
vn 0.9592 -0.2595 0.1121
vn 0.9572 -0.0291 -0.2880
vn 0.5191 -0.8545 -0.0198
vn 0.6229 -0.7820 -0.0220
vn 0.4909 -0.8709 0.0224
vn 0.9808 0.0387 0.1912
vn 0.2678 -0.9620 0.0537
vn 0.9906 -0.1314 0.0366
vn 0.9622 -0.1464 -0.2295
vn 0.9967 0.0686 0.0427
vn 0.9970 0.0671 0.0373
vn 0.9199 -0.2965 0.2566
vn 0.9810 0.1530 0.1196
vn 0.8275 0.5613 -0.0114
vn 0.9641 0.1125 0.2407
vn 0.9636 0.2608 0.0585
vn 0.9387 -0.0371 0.3427
vn 0.9824 -0.0319 0.1841
vn 0.9882 -0.0098 0.1527
vn 0.9504 -0.1719 -0.2593
vn 0.9946 0.0475 0.0918
vn 0.9984 -0.0504 0.0242
vn 0.9234 0.3324 -0.1920
vn 0.9037 0.4274 -0.0246
vn 0.9556 0.2945 0.0066
vn 0.3179 0.2756 0.9072
vn 0.1142 0.2855 0.9516
vn 0.2477 0.3850 0.8891
vn -0.3629 -0.3116 0.8782
vn -0.2622 -0.0049 0.9650
vn -0.0737 -0.0372 0.9966
vn 0.0109 0.0018 0.9999
vn 0.1860 0.0141 0.9825
vn 0.1195 0.0119 0.9928
vn -0.0232 -0.2268 0.9737
vn -0.2463 -0.1691 0.9543
vn -0.3145 -0.3741 0.8724
vn 0.0879 -0.1113 0.9899
vn 0.3209 -0.2629 0.9099
vn 0.0892 -0.1471 0.9851
vn 0.0171 -0.0943 0.9954
vn 0.0300 -0.1222 0.9921
vn 0.0008 -0.1266 0.9920
vn 0.0016 -0.0027 1.0000
vn 0.1854 -0.3465 0.9196
vn 0.0286 -0.3058 0.9517
vn 0.0528 -0.1657 0.9848
vn 0.0022 -0.0112 0.9999
vn -0.1071 0.5892 0.8008
vn -0.0122 -0.0083 0.9999
vn -0.0244 -0.9214 0.3878
vn -0.1551 -0.3062 0.9392
vn -0.0265 -0.9023 0.4304
vn 0.1631 -0.0399 0.9858
vn 0.0876 -0.8135 0.5749
vn 0.0123 -0.7157 0.6983
vn 0.1679 -0.0598 0.9840
vn -0.1775 -0.1816 0.9672
vn -0.1065 0.1251 0.9864
vn 0.1579 0.0238 0.9872
vn 0.2340 0.0408 0.9714
vn 0.2977 0.1207 0.9470
vn 0.0909 0.0226 0.9956
vn 0.1257 0.1633 0.9785
vn 0.2344 0.0956 0.9674
vn -0.1758 -0.2358 0.9558
vn 0.1107 0.3554 0.9281
vn 0.3153 0.0627 0.9469
vn -0.0032 -0.3431 0.9393
vn -0.1235 -0.4173 0.9003
vn 0.1036 -0.2188 0.9703
vn 0.0866 0.1272 0.9881
vn -0.0282 0.3447 0.9383
vn -0.0914 0.0700 0.9934
vn 0.0157 -0.0998 0.9949
vn -0.0003 -0.7073 0.7069
vn 0.0041 0.0323 0.9995
vn -0.0561 -0.7979 0.6002
vn 0.0011 -0.8613 0.5081
vn -0.0316 0.0060 0.9995
vn 0.2735 0.0010 0.9619
vn -0.0661 0.1576 0.9853
vn -0.1257 0.0643 0.9900
vn -0.3101 -0.1699 0.9354
vn -0.1003 0.2456 0.9642
vn -0.0335 0.5133 0.8575
vn -0.3824 0.1020 0.9183
vn -0.1520 0.2926 0.9441
vn -0.2603 -0.1688 0.9507
vn 0.0189 -0.0007 0.9998
vn -0.0761 -0.2015 0.9765
vn 0.3207 0.1117 0.9406
vn -0.1130 -0.1812 0.9769
vn 0.2805 -0.1015 0.9545
vn 0.2342 0.3305 0.9143
vn -0.0452 0.3238 0.9450
vn -0.0926 0.3949 0.9141
vn 0.1778 0.9742 -0.1389
vn 0.0013 0.9803 -0.1974
vn 0.1194 0.9906 -0.0665
vn 0.1638 0.9670 0.1950
vn -0.0372 0.9730 0.2277
vn 0.2129 0.9328 0.2908
vn -0.2629 0.9541 0.1435
vn -0.0781 0.9966 0.0267
vn -0.2168 0.9484 0.2315
vn -0.0069 0.9997 0.0215
vn 0.0706 0.9632 -0.2595
vn 0.0137 0.9563 -0.2920
vn -0.0963 0.9771 0.1899
vn 0.0684 0.9498 0.3054
vn 0.0881 0.9777 0.1906
vn 0.1247 0.9600 0.2509
vn -0.0785 0.9758 0.2039
vn -0.1364 0.9570 0.2559
vn -0.1766 0.9467 0.2693
vn -0.0172 0.9988 0.0454
vn 0.0492 0.9473 0.3165
vn -0.0252 0.9820 -0.1870
vn -0.0694 0.9934 0.0915
vn -0.0121 0.9991 0.0416
vn -0.0633 0.9978 -0.0176
vn 0.0641 0.9760 0.2081
vn 0.0692 0.9970 -0.0357
vn 0.0401 0.9207 -0.3883
vn 0.2999 0.9097 -0.2873
vn 0.1141 0.9695 -0.2171
vn 0.0000 1.0000 0.0000
vn -0.0316 0.9986 -0.0429
vn -0.0140 0.9990 -0.0421
vn -0.0040 0.9998 -0.0185
vn 0.1256 0.9579 0.2583
vn 0.0089 0.9999 -0.0129
vn 0.1220 0.9650 -0.2320
vn 0.0595 0.9956 0.0727
vn -0.0251 0.9978 0.0620
vn -0.3383 0.8831 -0.3251
vn -0.2790 0.9578 -0.0690
vn -0.2856 0.9569 -0.0516
vn 0.1580 0.9823 -0.1002
vn 0.0015 0.9997 0.0257
vn 0.0569 0.9964 -0.0636
vn 0.0431 0.9886 0.1443
vn -0.1703 0.9332 -0.3164
vn 0.0914 0.9467 -0.3088
vn 0.3832 0.9071 -0.1742
vn 0.1078 0.9735 -0.2015
vn 0.0458 0.9952 0.0865
vn -0.3078 0.8846 -0.3504
vn -0.4318 0.8767 -0.2118
vn -0.0715 0.9883 -0.1348
vn -0.0338 0.9958 -0.0856
vn -0.1148 0.9830 -0.1432
vn -0.2612 0.9020 -0.3436
vn -0.0017 0.9999 -0.0146
vn 0.3934 0.8760 -0.2792
vn 0.2471 0.9595 -0.1354
vn 0.2676 0.9463 -0.1815
vn 0.0367 0.9975 -0.0603
vn 0.0542 0.9983 -0.0198
vn 0.0646 0.9644 -0.2566
vn -0.1658 0.8962 -0.4114
vn 0.1493 0.9012 -0.4068
vn -0.1509 0.9780 0.1444
vn 0.1089 0.9760 0.1884
vn -0.1487 0.9814 0.1214
vn 0.0717 0.9955 -0.0618
vn 0.3047 0.9442 0.1252
vn -0.0410 0.9977 0.0546
vn -0.2440 0.9692 -0.0343
vn 0.0115 0.9733 -0.2290
vn -0.0223 0.9929 -0.1167
vn 0.4299 0.8468 0.3132
vn 0.2546 0.8728 0.4164
vn 0.1649 0.9712 0.1722
vn 0.4545 0.8907 -0.0101
vn 0.0689 0.9953 0.0680
vn 0.4800 0.8622 0.1620
vn -0.0931 0.9956 -0.0049
vn 0.0009 0.9994 -0.0338
vn 0.0067 0.9993 0.0363
vn -0.0392 0.9545 -0.2956
vn 0.3219 0.9325 -0.1637
vn 0.2856 0.9334 -0.2171
vn 0.0047 0.9948 0.1016
vn 0.1512 0.9748 -0.1639
vn 0.0538 0.9985 -0.0010
vn -0.0397 0.9930 0.1110
vn 0.2801 0.9585 0.0526
vn -0.1321 0.9845 -0.1156
vn 0.3078 0.9358 0.1720
vn 0.0114 0.9145 0.4045
vn 0.2879 0.8970 0.3355
vn 0.2370 0.9689 -0.0709
vn 0.0407 0.9979 -0.0509
vn 0.2281 0.9736 0.0021
vn -0.2867 0.9561 -0.0612
vn -0.2836 0.9515 -0.1188
vn -0.2460 0.9686 -0.0359
vn 0.3346 0.9215 0.1971
vn 0.2393 0.9065 0.3479
vn -0.0080 0.9983 0.0578
vn 0.3172 0.8880 -0.3328
vn 0.4429 0.8966 0.0086
vn 0.3314 0.9211 -0.2045
vn 0.0178 0.9534 -0.3012
vn -0.2481 0.9687 -0.0126
vn 0.0110 0.9997 0.0210
vn -0.0842 0.9239 -0.3731
vn 0.3648 0.9269 -0.0881
vn 0.3533 0.8721 -0.3386
vn -0.0168 0.9961 -0.0864
vn 0.1752 0.9328 -0.3150
vn 0.0208 0.9978 -0.0623
vn -0.0036 0.9999 -0.0124
vn 0.1261 0.9920 -0.0057
vn -0.1514 0.9623 -0.2259
vn 0.4497 0.8413 0.3000
vn 0.0791 0.8735 0.4804
vn 0.2785 0.9135 0.2966
vn 0.3616 0.9322 0.0176
vn 0.0511 0.9984 0.0236
vn 0.4162 0.9009 0.1229
vn -0.4821 0.8751 -0.0427
vn -0.3129 0.9484 0.0511
vn -0.2877 0.9563 -0.0529
vn -0.1101 0.9697 -0.2180
vn -0.2140 0.9601 -0.1803
vn -0.0407 0.9982 -0.0441
vn -0.1201 0.9646 -0.2350
vn -0.2170 0.9326 -0.2885
vn -0.2191 0.9027 -0.3702
vn 0.3399 0.8866 -0.3135
vn 0.2025 0.9669 -0.1555
vn 0.1330 0.9884 -0.0733
vn 0.3614 0.9167 -0.1703
vn 0.1520 0.9864 0.0627
vn -0.1869 0.9683 0.1659
vn -0.3190 0.9167 -0.2404
vn 0.1199 0.9713 -0.2053
vn -0.4076 0.9130 -0.0162
vn -0.0322 0.9428 -0.3319
vn 0.2347 0.9107 -0.3399
vn 0.1340 0.9533 -0.2706
vn 0.2541 0.9634 0.0849
vn -0.3654 0.9188 -0.1496
vn -0.0128 0.9709 -0.2392
vn 0.2853 0.9584 -0.0104
vn 0.3615 0.9285 0.0845
vn 0.2369 0.9712 0.0258
vn 0.2009 0.9785 0.0461
vn 0.0619 0.9923 0.1072
vn 0.1658 0.9795 0.1143
vn 0.1168 0.9929 -0.0225
vn -0.0826 0.9843 0.1561
vn -0.2552 0.9441 -0.2085
vn 0.2264 0.9289 -0.2930
vn 0.2487 0.9679 -0.0349
vn 0.0299 0.9981 -0.0533
vn -0.1312 0.9439 -0.3029
vn -0.3259 0.9443 -0.0446
vn -0.1889 0.9819 -0.0107
vn -0.1265 0.9669 0.2217
vn 0.0484 0.9988 -0.0112
vn 0.0853 0.9487 0.3044
vn -0.1325 0.9875 -0.0854
vn 0.1665 0.9717 0.1677
vn 0.2221 0.9569 -0.1870
vn -0.1337 0.9608 0.2427
vn -0.2360 0.9618 0.1387
vn -0.1710 0.9666 0.1908
vn -0.2023 0.9606 0.1908
vn -0.0328 0.5909 0.8061
vn -0.0343 0.9788 0.2021
vn 0.0224 0.9584 -0.2844
vn -0.0381 0.9981 -0.0490
vn -0.0022 0.9817 -0.1903
vn 0.3143 0.9452 -0.0884
vn -0.0933 0.9485 0.3028
vn 0.2042 0.9498 0.2371
vn 0.2960 0.9069 0.2999
vn 0.1050 0.9029 0.4169
vn 0.1901 0.9517 0.2410
vn 0.0817 0.9966 0.0103
vn -0.0060 0.9991 -0.0431
vn 0.1403 0.9886 0.0546
vn -0.3008 0.9530 -0.0352
vn -0.0709 0.9973 0.0207
vn -0.0474 0.9983 0.0335
vn 0.1261 0.9228 -0.3641
vn -0.3690 0.9288 -0.0347
vn 0.1666 0.9857 0.0268
vn 0.0712 0.9952 0.0678
vn -0.1491 0.9616 -0.2305
vn 0.0457 0.9261 -0.3744
vn 0.2617 0.9494 0.1738
vn 0.4729 0.8652 0.1668
vn 0.2036 0.9782 0.0418
vn 0.2679 0.9604 -0.0769
vn 0.2309 0.9285 -0.2907
vn 0.1796 0.9822 -0.0542
vn -0.2488 0.9277 0.2784
vn 0.1825 0.9367 0.2987
vn 0.1901 0.9089 0.3712
vn 0.0348 0.9268 -0.3740
vn 0.3221 0.9280 -0.1874
vn -0.1026 0.9821 -0.1579
vn -0.1960 0.9374 0.2879
vn 0.0802 0.9390 -0.3344
vn 0.1381 0.9851 -0.1026
vn -0.3398 0.9232 0.1793
vn -0.3058 0.9145 0.2648
vn -0.1730 0.9836 0.0509
vn 0.0850 0.9943 -0.0650
vn 0.0421 0.9765 0.2114
vn 0.2123 0.9673 0.1388
vn -0.1884 0.9795 0.0715
vn 0.0250 0.9826 -0.1839
vn -0.0350 0.9894 -0.1411
vn -0.0075 0.9643 0.2648
vn 0.2282 0.9100 0.3463
vn -0.2241 0.9469 0.2304
vn 0.0057 0.9784 0.2066
vn 0.0854 0.9735 0.2122
vn 0.2334 0.9123 0.3366
vn 0.0042 0.9708 0.2400
vn -0.0198 0.9643 0.2641
vn 0.0056 0.9677 0.2519
vn -0.0156 0.8969 -0.4420
vn 0.0228 0.9959 -0.0879
vn 0.0535 0.9432 -0.3280
vn -0.2089 0.9251 -0.3171
vn 0.1926 0.9447 -0.2655
vn -0.2745 0.9593 -0.0663
vn -0.2681 0.9130 0.3074
vn -0.0452 0.9748 0.2184
vn -0.1679 0.8742 0.4555
vn -0.3368 0.9393 0.0658
vn -0.1208 0.9725 0.1992
vn -0.0621 0.9981 0.0029
vn -0.1423 0.9804 0.1361
vn 0.2941 0.9061 0.3040
vn -0.1813 0.9665 0.1815
vn -0.0152 0.9938 0.1104
vn -0.0223 0.9939 -0.1082
vn -0.1769 0.9681 0.1772
vn 0.0769 0.9969 0.0138
vn -0.2226 0.9613 0.1623
vn -0.2777 0.9528 0.1230
vn 0.3889 0.9212 -0.0116
vn 0.1331 0.9711 0.1981
vn 0.3896 0.8910 0.2332
vn 0.0263 0.9863 0.1628
vn 0.1770 0.5559 0.8122
vn 0.1621 0.9734 0.1619
vn -0.0426 0.8990 -0.4358
vn 0.1550 0.9665 -0.2045
vn 0.1537 0.9063 -0.3938
vn -0.2652 0.8802 -0.3937
vn -0.3784 0.9048 -0.1952
vn -0.2990 0.9199 -0.2539
vn 0.3462 0.9120 0.2199
vn 0.3110 0.8698 0.3830
vn 0.1528 0.9818 0.1131
vn 0.2504 0.9666 -0.0552
vn 0.4228 0.9042 0.0596
vn 0.4390 0.8851 -0.1547
vn -0.0240 0.9952 0.0952
vn -0.0928 0.9957 -0.0074
vn -0.0573 0.9915 0.1168
vn 0.1988 0.9686 0.1491
vn 0.1366 0.9558 0.2603
vn 0.0477 0.9969 0.0627
vn 0.0718 0.9668 -0.2452
vn 0.0290 0.9982 0.0526
vn -0.0883 0.9771 -0.1935
vn -0.1605 0.9543 -0.2522
vn -0.0576 0.9982 -0.0183
vn -0.1880 0.9788 -0.0810
vn -0.4247 0.9028 -0.0674
vn -0.0572 0.9953 -0.0785
vn -0.3455 0.9362 0.0649
vn -0.2944 0.9251 -0.2399
vn -0.1939 0.9768 -0.0904
vn -0.4620 0.8553 -0.2346
vn 0.0698 0.9879 -0.1382
vn 0.1454 0.9773 -0.1540
vn -0.0272 0.9949 0.0968
vn -0.2737 0.9218 0.2746
vn -0.0902 0.9344 0.3447
vn -0.1268 0.9437 0.3054
vn 0.0322 0.9994 0.0131
vn -0.3622 0.9249 0.1157
vn -0.0657 0.9978 -0.0003
vn -0.2601 0.9636 -0.0612
vn -0.3210 0.9468 -0.0241
vn -0.1203 0.9756 0.1834
vn -0.2177 0.9571 0.1911
vn -0.3562 0.9052 0.2318
vn 0.0463 0.9985 0.0304
vn -0.2416 0.9659 0.0937
vn -0.2150 0.9756 -0.0443
vn 0.1341 0.9907 -0.0251
vn -0.0079 1.0000 0.0049
vn 0.3018 0.9253 0.2298
vn 0.2294 0.9694 -0.0868
vn 0.0103 0.9986 0.0525
vn 0.1284 0.9917 -0.0054
vn -0.0850 0.9066 -0.4134
vn 0.3250 0.8614 -0.3905
vn 0.1916 0.9625 -0.1922
vn -0.1898 0.9425 -0.2753
vn -0.1742 0.9563 -0.2350
vn -0.4070 0.8233 -0.3956
vn -0.2687 0.3646 0.8916
vn -0.3672 -0.0025 0.9301
vn -0.2933 0.0314 0.9555
vn -0.0335 0.2925 0.9557
vn -0.0769 0.0472 0.9959
vn 0.1092 -0.0100 0.9940
vn -0.0598 -0.5998 0.7979
vn -0.1679 -0.3422 0.9245
vn -0.1574 -0.6041 0.7812
vn -0.0490 -0.0173 0.9986
vn -0.1520 0.0286 0.9880
vn -0.1744 -0.0488 0.9835
vn 0.0670 0.1358 0.9885
vn 0.0220 -0.2863 0.9579
vn -0.1482 -0.1122 0.9826
vn -0.0356 -0.1280 0.9911
vn 0.3471 0.1061 0.9318
vn 0.1362 0.2554 0.9572
vn 0.0818 0.0656 0.9945
vn 0.1358 -0.1664 0.9767
vn 0.1530 -0.5076 0.8479
vn -0.1277 -0.2045 0.9705
vn 0.0337 -0.0444 0.9984
vn 0.0837 -0.0271 0.9961
vn 0.6774 0.5439 0.4953
vn 0.8443 0.1086 0.5247
vn 0.8626 0.0061 0.5059
vn 0.9994 0.0269 -0.0196
vn 0.8523 0.5129 0.1025
vn 0.9993 -0.0272 -0.0249
vn 0.6505 -0.7592 -0.0241
vn 0.8702 -0.4786 0.1169
vn 0.6548 -0.7454 0.1254
vn 0.9553 -0.0083 -0.2956
vn 0.9662 0.2549 -0.0382
vn 0.9970 -0.0766 0.0144
vn 0.9532 0.0026 0.3024
vn 0.9853 -0.0319 0.1677
vn 0.9978 0.0203 0.0634
vn 0.8560 -0.4864 -0.1751
vn 0.9051 -0.1479 0.3987
vn 0.9299 -0.1917 0.3138
vn 0.9189 0.1147 -0.3774
vn 0.9962 0.0839 -0.0213
vn 0.9859 0.1546 -0.0639
vn 0.9998 -0.0127 0.0146
vn 1.0000 -0.0002 -0.0010
vn 0.9996 0.0000 0.0300
vn 0.7189 0.6950 -0.0090
vn 1.0000 -0.0023 -0.0083
vn 0.4728 0.5657 -0.6756
vn 0.7590 -0.0419 -0.6497
vn 0.4786 0.0125 -0.8779
vn 0.0725 0.7157 -0.6947
vn 0.2446 0.0850 -0.9659
vn 0.1638 0.0749 -0.9836
vn -0.0062 -0.9411 -0.3379
vn 0.3216 -0.5764 -0.7513
vn 0.0690 -0.8999 -0.4305
vn 0.0604 -0.0009 -0.9982
vn 0.0299 -0.0300 -0.9991
vn 0.4876 -0.0804 -0.8694
vn 0.5311 -0.1534 -0.8333
vn 0.2649 0.1237 -0.9563
vn -0.2863 -0.2595 -0.9223
vn 0.0666 -0.4855 -0.8717
vn -0.2910 -0.6554 -0.6970
vn -0.3753 0.0760 -0.9238
vn -0.3711 -0.1377 -0.9183
vn -0.4137 0.0934 -0.9056
vn 0.3726 0.0041 -0.9280
vn -0.2537 -0.3803 -0.8894
vn 0.0844 -0.0455 -0.9954
vn -0.0002 0.7070 -0.7072
vn -0.9906 0.0442 -0.1298
vn -0.7254 0.5027 -0.4702
vn -0.8873 0.0461 -0.4590
vn -0.8994 0.4339 0.0524
vn -0.9996 0.0104 -0.0252
vn -0.9969 -0.0600 0.0514
vn -0.7841 -0.5976 0.1674
vn -0.4483 -0.8939 0.0069
vn -0.4746 -0.8779 0.0645
vn -0.8456 -0.3319 -0.4181
vn -0.9955 -0.0676 -0.0661
vn -0.9669 -0.2549 -0.0089
vn -0.8931 -0.3639 -0.2645
vn -0.7309 -0.2966 -0.6147
vn -0.9125 -0.1190 -0.3914
vn -0.9462 -0.0701 0.3158
vn -0.8021 -0.5972 0.0032
vn -0.8448 -0.5304 -0.0702
vn -0.9871 -0.0133 0.1593
vn -0.9625 -0.2082 0.1742
vn -0.9782 -0.0484 0.2019
vn -0.9748 -0.0748 -0.2100
vn -0.9472 -0.1609 0.2773
vn -0.9735 -0.2044 0.1026
vn -0.9990 -0.0446 0.0079
vn -0.7601 0.6409 -0.1073
vn -0.9995 -0.0270 -0.0139
vn -0.7219 0.6919 0.0113
vn -0.7975 -0.1637 0.5807
vn -0.8572 0.4491 0.2522
vn -0.9670 -0.1304 0.2188
vn -0.9926 -0.0115 0.1212
vn -0.8871 0.2015 0.4152
vn -0.8306 -0.1149 0.5449
vn -1.0000 0.0032 -0.0095
vn -0.9998 0.0000 -0.0191
vn -0.8430 0.3187 -0.4332
vn -0.9687 -0.0128 -0.2480
vn -0.7536 -0.0116 -0.6573
vn 0.0230 0.6682 -0.7436
vn -0.5351 0.6048 -0.5899
vn -0.0844 0.0148 -0.9963
vn -0.6431 -0.0066 -0.7658
vn -0.1632 0.0848 -0.9829
vn -0.4336 0.3092 -0.8464
vn -0.6980 -0.0028 -0.7161
vn 0.1372 0.0464 -0.9895
vn 0.0006 -0.0000 -1.0000
vn 0.2609 -0.0307 -0.9649
vn 0.9994 -0.0214 0.0278
vn 0.7803 0.6132 0.1228
vn 1.0000 -0.0001 0.0041
vn 0.8286 0.0036 -0.5598
vn 0.8427 0.5176 -0.1479
vn 0.9994 0.0308 -0.0186
vn 0.9988 0.0062 -0.0479
vn 0.8991 -0.0365 -0.4361
vn 0.9974 -0.0082 -0.0719
vn 0.9997 -0.0102 -0.0207
vn 0.7095 -0.0495 0.7030
vn 0.9868 0.1440 0.0736
vn 0.9815 0.1691 0.0894
vn 0.9996 0.0228 -0.0145
vn 0.9655 0.2588 -0.0291
vn -0.0380 0.6689 0.7424
vn 0.0023 -0.0007 1.0000
vn -0.0085 -0.0002 1.0000
vn -0.0847 -0.0009 0.9964
vn 0.0196 0.2489 0.9683
vn -0.0145 -0.0177 0.9997
vn 0.4353 0.0638 0.8980
vn 0.3153 0.4159 0.8530
vn 0.2434 0.0253 0.9696
vn -0.6716 -0.0218 0.7406
vn -0.0585 0.0205 0.9981
vn -0.0007 -0.0000 1.0000
vn -0.1345 -0.0032 0.9909
vn 0.4281 0.8359 -0.3435
vn 0.0925 0.9869 0.1321
vn 0.3409 0.9401 0.0072
vn 0.0534 0.9813 -0.1849
vn 0.2633 0.8929 -0.3652
vn 0.0023 0.9996 0.0286
vn 0.0209 0.9998 -0.0021
vn -0.3121 0.8326 -0.4576
vn -0.0391 0.9810 -0.1898
vn -0.3422 0.9395 -0.0171
vn -0.0493 0.9982 0.0341
vn 0.0145 0.9678 -0.2513
vn -0.2917 0.8945 -0.3387
vn -0.0101 0.8881 -0.4596
vn 0.0087 0.9878 0.1556
vn -0.0702 0.9919 -0.1055
vn 0.0257 0.9646 0.2626
vn 0.0340 0.9958 0.0852
vn 0.1593 0.5463 0.8223
vn 0.3192 0.9059 -0.2782
vn 0.1174 0.9907 -0.0688
vn 0.0953 0.9940 -0.0529
vn 0.1553 0.9150 -0.3724
vn -0.2865 0.9579 -0.0167
vn 0.1163 0.9901 -0.0786
vn -0.1553 0.9652 0.2103
vn -0.0827 0.9927 -0.0879
vn -0.0408 0.9992 0.0050
vn 0.1516 0.9136 -0.3773
vn 0.2389 0.9474 -0.2127
vn 0.3284 0.8476 -0.4168
vn -0.0437 0.9288 -0.3681
vn -0.2373 0.9598 -0.1500
vn 0.0782 0.9935 0.0831
vn 0.0042 0.9914 0.1309
vn -0.2683 0.9346 0.2334
vn -0.3879 0.8970 0.2119
vn -0.2377 0.9563 -0.1703
vn 0.0035 0.9894 -0.1455
vn -0.3966 0.8990 -0.1861
vn -0.0774 0.9470 -0.3116
vn 0.3527 0.9232 -0.1527
vn 0.2108 0.9770 -0.0309
vn 0.0720 0.9943 0.0789
vn -0.0179 0.6484 0.7611
vn -0.1582 0.9573 0.2418
vn -0.2290 0.9734 0.0114
vn -0.3616 0.9027 0.2332
vn -0.4197 0.9060 -0.0546
vn 0.0110 0.9953 -0.0961
vn 0.1242 0.9840 -0.1280
vn 0.0183 0.9979 -0.0627
vn -0.2244 0.9500 0.2171
vn 0.0139 0.9778 0.2089
vn 0.1009 0.9904 0.0944
vn -0.0798 0.9938 -0.0773
vn 0.0934 0.9956 0.0081
vn 0.0106 0.9999 -0.0052
vn -0.4527 0.8841 -0.1162
vn -0.1369 0.9826 -0.1252
vn -0.4629 0.8772 0.1276
vn 0.2077 0.9162 -0.3426
vn 0.4774 0.8639 -0.1603
vn 0.3893 0.8725 -0.2954
vn 0.0591 0.9975 -0.0391
vn 0.0075 0.9889 -0.1485
vn -0.1876 0.9819 -0.0267
vn -0.0252 0.9982 0.0549
vn -0.1432 0.9560 -0.2562
vn -0.1152 0.8916 -0.4378
vn 0.2775 0.9082 -0.3135
vn 0.0151 0.9985 0.0532
vn 0.1647 0.9860 -0.0261
vn 0.0604 0.9960 -0.0652
vn 0.1776 0.9099 -0.3750
vn -0.0175 0.9927 -0.1192
vn -0.0385 0.9956 0.0858
vn 0.1065 0.9695 -0.2207
vn -0.2196 0.9012 -0.3736
vn -0.4322 0.8510 0.2982
vn -0.1614 0.9016 0.4014
vn -0.0670 0.9819 0.1771
vn -0.4415 0.8920 -0.0973
vn 0.0965 0.9939 0.0534
vn 0.1548 0.9852 0.0741
vn -0.3688 0.9291 0.0280
vn -0.3296 0.9431 0.0441
vn -0.0012 0.9999 0.0172
vn -0.0314 0.9957 -0.0872
vn 0.0439 0.9990 0.0041
vn -0.0124 0.9984 0.0543
vn 0.0555 0.9983 0.0178
vn 0.1845 0.9754 -0.1205
vn 0.0422 0.9956 0.0836
vn -0.1494 0.9883 0.0308
vn 0.0777 0.9958 0.0479
vn 0.2518 0.9133 -0.3200
vn 0.2781 0.9515 -0.1314
vn -0.0977 0.9915 0.0859
vn 0.0395 0.9644 0.2614
vn -0.2552 0.9310 0.2608
vn -0.0868 0.9950 -0.0489
vn -0.0367 0.9604 0.2762
vn 0.0505 0.9978 0.0434
vn 0.0251 0.9370 0.3484
vn 0.0696 -0.8512 0.5202
vn -0.1692 -0.2899 0.9420
vn -0.0806 -0.8268 0.5567
vn 0.0000 -0.0001 1.0000
vn -0.0000 -0.7070 0.7073
vn -0.0001 -0.7066 0.7076
vn 0.0249 -0.0415 0.9988
vn 0.1189 -0.7713 0.6253
vn 0.0206 -0.7127 0.7011
vn 0.0908 -0.7371 0.6697
vn 0.2442 -0.0039 0.9697
vn 0.1546 -0.9325 0.3264
vn 0.0009 -0.0004 1.0000
vn 0.0001 0.0000 1.0000
vn -0.0026 -0.1786 0.9839
vn -0.0128 0.0878 0.9961
vn -0.1926 -0.3082 0.9316
vn 0.1352 0.1357 0.9815
vn -0.0009 -0.2060 0.9786
vn 0.2495 -0.2982 0.9213
vn 0.1567 0.1245 0.9798
vn 0.0301 -0.2073 0.9778
vn -0.2578 0.1535 0.9539
vn 0.0280 0.3799 0.9246
vn -0.2190 0.2811 0.9344
vn -0.0016 0.3083 0.9513
vn 0.9414 -0.2216 -0.2541
vn 0.5538 -0.8326 -0.0103
vn 0.6297 -0.7746 -0.0600
vn 0.9843 -0.1659 -0.0609
vn 0.6352 -0.7724 0.0035
vn 0.6429 -0.7656 -0.0240
vn 0.7070 -0.7073 -0.0003
vn 0.9945 -0.0210 -0.1028
vn 0.7035 -0.7087 -0.0534
vn 0.7298 -0.6806 -0.0651
vn 0.9803 0.0785 -0.1811
vn 0.6601 -0.7358 -0.1513
vn 0.8881 0.4553 0.0630
vn 0.8621 -0.4979 0.0938
vn 0.9266 0.2489 0.2819
vn 0.8189 -0.4781 0.3175
vn 0.6483 -0.4220 -0.6337
vn 0.9108 0.3380 -0.2372
vn 0.8484 -0.4711 -0.2414
vn 0.9681 0.0187 -0.2500
vn 0.9073 -0.3419 -0.2446
vn 0.9448 0.1171 0.3059
vn 0.8074 0.5832 -0.0892
vn 0.7545 0.4309 0.4951
vn 0.8805 0.4560 -0.1291
vn -0.3437 -0.1612 -0.9252
vn -0.1750 -0.8541 -0.4897
vn -0.1294 -0.7794 -0.6130
vn 0.0081 -0.0243 -0.9997
vn 0.0087 -0.7120 -0.7021
vn -0.1219 -0.0582 -0.9908
vn -0.0257 -0.7192 -0.6943
vn 0.0154 -0.7206 -0.6932
vn -0.0639 -0.1993 -0.9779
vn -0.0587 -0.7210 -0.6904
vn 0.0031 0.6966 -0.7175
vn -0.3523 -0.5334 -0.7690
vn -0.1488 0.2718 -0.9508
vn -0.0602 -0.6353 -0.7699
vn -0.5516 0.0503 -0.8326
vn -0.5150 -0.4940 -0.7006
vn -0.4702 -0.4143 -0.7793
vn 0.5082 0.2360 -0.8283
vn -0.5399 -0.0036 -0.8417
vn 0.2549 -0.5440 -0.7995
vn -0.4818 0.4491 -0.7524
vn 0.0733 0.6878 -0.7222
vn 0.1574 0.4896 -0.8576
vn -0.6741 -0.7365 0.0570
vn -0.9370 -0.1688 0.3057
vn -0.5775 -0.8162 0.0169
vn -0.9970 -0.0677 -0.0376
vn -0.7088 -0.7054 0.0011
vn -0.7046 -0.7096 -0.0048
vn -0.6613 -0.7476 -0.0609
vn -0.9952 -0.0798 -0.0569
vn -0.7065 -0.7077 -0.0021
vn -0.7068 -0.7074 -0.0009
vn -0.9810 -0.1399 0.1341
vn -0.6919 -0.7208 0.0407
vn -0.9975 -0.0614 0.0346
vn -0.9988 -0.0347 0.0337
vn -0.9177 -0.3631 0.1611
vn -0.9882 0.1475 -0.0422
vn -0.9458 -0.3210 -0.0492
vn -0.9300 0.1081 0.3514
vn -0.7463 -0.4028 0.5299
vn -0.9093 -0.2920 0.2963
vn -0.9381 0.2618 -0.2268
vn -0.8810 0.3738 0.2899
vn -0.9115 -0.1769 -0.3713
vn -0.7687 0.3660 0.5245
vn -0.7122 0.6822 0.1655
vn -0.9258 0.3710 0.0732
vn -0.9934 -0.0988 -0.0583
vn -0.7348 0.6669 -0.1241
vn -0.9999 -0.0062 -0.0157
vn -0.0798 0.5875 -0.8053
vn 0.8587 0.5104 -0.0462
vn 1.0000 -0.0001 -0.0000
vn -0.0321 -0.0047 0.9995
vn -0.1551 0.5763 0.8024
vn -0.0141 -0.0038 0.9999
vn -0.2550 0.8995 -0.3547
vn -0.4291 0.8749 -0.2245
vn -0.0760 0.9967 -0.0272
vn 0.0105 0.9998 0.0187
vn 0.1388 0.9832 -0.1188
vn -0.1508 0.9464 -0.2858
vn 0.0002 0.9923 -0.1239
vn 0.0393 0.9873 -0.1540
vn -0.0533 0.9968 0.0592
vn -0.3454 0.9280 0.1397
vn -0.1238 0.9908 0.0554
vn -0.3106 0.9099 -0.2749
vn -0.3971 0.9163 -0.0512
vn -0.0732 0.9842 0.1613
vn 0.2309 0.9482 -0.2180
vn -0.1203 0.9925 -0.0195
vn -0.0013 0.9805 -0.1966
vn -0.2775 0.9590 0.0582
vn -0.1016 0.5700 0.8153
vn -0.1394 0.9871 0.0783
vn -0.0774 0.9458 -0.3155
vn -0.2048 0.9231 -0.3254
vn -0.1254 0.9132 -0.3876
vn 0.1853 0.9529 -0.2400
vn 0.0772 0.9681 -0.2383
vn 0.1067 0.9901 -0.0909
vn -0.3468 0.9044 0.2487
vn -0.1158 0.5179 0.8475
vn -0.2132 0.9215 0.3245
vn -0.1256 0.9745 -0.1862
vn -0.4041 0.9138 0.0403
vn -0.1698 0.9853 -0.0184
vn -0.2373 0.9709 0.0333
vn -0.2014 0.9789 -0.0360
vn -0.0227 -0.0395 0.9990
vn -0.1354 0.6005 0.7881
vn -0.0152 -0.0063 0.9999
vn 0.7530 0.6221 -0.2145
vn 0.9997 -0.0255 -0.0043
vn 0.9981 -0.0298 -0.0533
vn -0.7096 0.7046 -0.0050
vn -0.3428 0.9276 -0.1486
vn 0.1361 0.9891 -0.0562
vn 0.0822 0.9585 -0.2729
vn 0.1310 0.9424 0.3077
vn -0.0482 0.9786 -0.2001
vn 0.1278 0.9188 -0.3734
vn -0.1522 0.9882 -0.0148
vn 0.1211 0.9902 0.0695
vn -0.4358 0.8409 -0.3210
vn 0.1172 0.9770 -0.1781
vn 0.0839 0.9944 -0.0646
vn -0.0332 0.9986 -0.0421
vn 0.0399 0.9970 0.0658
vn -0.1100 0.9512 0.2882
vn -0.0315 0.9938 -0.1070
vn 0.0166 0.9921 0.1240
vn 0.0137 0.9988 0.0477
vn -0.1615 0.9670 -0.1969
vn 0.8633 0.4980 -0.0812
vn -0.8403 0.4415 0.3147
vn -0.8525 0.5083 0.1217
vn -0.9992 0.0395 0.0032
vn -0.9922 0.0906 -0.0854
vn -0.8795 -0.4730 0.0532
vn -0.8798 -0.2006 0.4309
vn -0.8047 -0.4842 -0.3436
vn -0.7795 0.6197 0.0915
vn -0.6820 0.4936 0.5397
vn -0.8241 0.2176 0.5229
vn -0.9557 0.2904 -0.0469
vn -0.9964 -0.0734 0.0424
vn -0.9876 -0.0859 -0.1311
vn -0.6972 -0.7137 -0.0679
vn -0.9811 0.1786 0.0740
vn -0.7357 0.6719 0.0855
vn -0.9964 -0.0258 -0.0806
vn -0.9605 -0.1407 -0.2401
vn -0.9336 -0.2788 -0.2250
vn -0.9929 -0.0043 0.1186
vn -0.2059 0.5483 -0.8105
vn 0.0314 0.3133 -0.9491
vn -0.0698 0.0783 -0.9945
vn 0.2130 -0.5213 -0.8264
vn -0.6579 -0.3145 -0.6843
vn 0.6278 -0.5049 -0.5924
vn -0.1775 0.5527 -0.8143
vn -0.4287 0.2841 -0.8576
vn -0.3533 -0.0217 -0.9353
vn -0.3527 0.2478 -0.9023
vn -0.0762 -0.1645 -0.9834
vn -0.0082 -0.0197 -0.9998
vn -0.0644 -0.6048 -0.7938
vn -0.3330 0.3610 -0.8711
vn -0.0031 0.7023 -0.7118
vn 0.0785 -0.1810 -0.9803
vn 0.0502 -0.0449 -0.9977
vn -0.0894 -0.0401 -0.9952
vn 0.9715 0.2369 -0.0102
vn 0.8860 0.4354 0.1597
vn 0.9599 0.2744 -0.0572
vn 0.9588 -0.2638 -0.1057
vn 0.9042 -0.1511 -0.3996
vn 0.8696 -0.2165 0.4438
vn 0.6627 0.3187 -0.6777
vn 0.6184 0.7023 -0.3528
vn 0.5586 0.6232 -0.5474
vn 0.6196 -0.7501 -0.2310
vn 0.9793 -0.1573 -0.1274
vn 0.6158 -0.7860 0.0546
vn 0.9480 0.3058 0.0883
vn 0.9010 0.4313 -0.0466
vn 1.0000 0.0048 -0.0025
vn 0.9965 -0.0589 0.0600
vn 0.9995 -0.0266 -0.0161
vn 0.0160 0.1122 0.9936
vn -0.0523 0.3102 0.9492
vn -0.0329 -0.1159 0.9927
vn 0.1350 -0.1183 0.9838
vn -0.3398 -0.1736 0.9243
vn 0.1001 0.2652 0.9590
vn -0.1032 0.2088 0.9725
vn 0.3171 0.0101 0.9484
vn 0.0459 -0.4098 0.9110
vn 0.1104 -0.1227 0.9863
vn -0.0748 -0.4158 0.9064
vn 0.1019 -0.0321 0.9943
vn -0.0441 -0.1318 0.9903
vn -0.0915 0.9833 0.1572
vn 0.2227 0.9733 -0.0554
vn -0.0535 0.9852 0.1626
vn -0.0681 0.9742 -0.2153
vn 0.0107 0.9580 0.2865
vn -0.0782 0.9938 0.0785
vn 0.1006 0.9736 -0.2047
vn -0.2427 0.9645 -0.1045
vn 0.3589 0.9223 -0.1434
vn 0.1064 0.9910 -0.0813
vn 0.2236 0.9745 -0.0180
vn -0.4049 0.9128 0.0524
vn 0.1413 0.9892 0.0376
vn 0.1773 0.9571 0.2293
vn -0.0007 0.9954 0.0960
vn 0.0126 0.8770 -0.4803
vn -0.2741 0.8841 0.3786
vn -0.3553 0.9299 -0.0946
vn 0.3289 0.9316 -0.1548
vn 0.1552 0.9045 -0.3972
vn -0.2286 0.8987 0.3742
vn -0.4745 0.8699 0.1349
vn 0.1614 0.9865 0.0281
vn -0.1032 0.9937 0.0440
vn -0.2404 0.9675 0.0785
vn 0.0006 0.9975 0.0708
vn 0.0115 0.9959 -0.0892
vn 0.1142 0.9853 0.1269
vn -0.0975 0.9948 0.0285
vn -0.0921 0.9919 -0.0871
vn -0.0593 0.9212 -0.3846
vn -0.0689 0.9204 0.3849
vn 0.0446 0.9924 0.1143
vn 0.0460 0.9703 -0.2375
vn 0.0823 0.9949 -0.0588
vn -0.0217 0.9832 0.1811
vn -0.0043 0.9963 0.0857
vn -0.3267 0.8484 -0.4165
vn 0.0631 0.9623 -0.2646
vn 0.3232 0.9357 -0.1415
vn 0.4187 0.9030 -0.0964
vn 0.0461 0.9978 -0.0470
vn -0.2244 0.9174 -0.3287
vn -0.1643 0.9739 -0.1569
vn 0.3817 0.8954 0.2292
vn -0.0015 1.0000 -0.0056
vn -0.1816 0.9093 0.3745
vn 0.2923 0.8694 -0.3984
vn -0.0992 0.9924 0.0728
vn 0.1567 0.9855 -0.0652
vn -0.3968 0.8871 -0.2359
vn 0.1187 0.7935 -0.5969
vn -0.0163 0.9803 0.1969
vn -0.0007 0.9983 0.0587
vn -0.1233 0.9413 -0.3143
vn -0.0409 0.1161 0.9924
vn -0.2340 0.2095 0.9494
vn 0.2291 0.2085 0.9508
vn 0.1484 0.4572 0.8769
vn -0.1472 0.0778 0.9860
vn 0.2829 -0.3815 0.8800
vn 0.0116 -0.1860 0.9825
vn 0.0874 0.3364 0.9377
vn 0.9999 0.0049 0.0099
vn 0.9998 0.0197 0.0073
vn 0.9258 0.2066 0.3164
vn 0.9724 0.1587 -0.1710
vn 0.9379 0.1485 0.3136
vn 0.9992 0.0371 -0.0153
vn 0.9486 0.1389 -0.2844
vn 0.9876 0.0085 0.1569
vn 0.9523 -0.1629 -0.2580
vn 0.8421 -0.5110 -0.1727
vn 0.7399 0.4883 -0.4628
vn 0.8375 0.4937 0.2342
vn 0.1151 0.2687 -0.9563
vn 0.5247 0.4183 -0.7414
vn 0.1108 0.0655 -0.9917
vn 0.0591 0.0181 -0.9981
vn 0.2026 0.0440 -0.9783
vn 0.3865 0.2824 -0.8780
vn -0.1977 -0.6851 -0.7011
vn -0.0088 0.6458 -0.7634
vn -0.9920 0.0921 -0.0859
vn -0.9855 0.0178 -0.1686
vn -0.6847 0.6469 -0.3357
vn -0.9907 -0.0192 -0.1345
vn -0.9406 0.0299 -0.3381
vn -0.9726 -0.1179 -0.2005
vn -0.7712 0.0637 -0.6335
vn -0.9854 0.0604 -0.1591
vn -0.9350 0.1038 -0.3392
vn -0.6962 -0.6375 0.3299
vn -0.7397 0.4109 0.5330
vn -0.9499 -0.3123 -0.0143
vn -0.9308 0.3213 0.1740
vn -0.9737 -0.1882 0.1285
vn -0.8439 0.3302 0.4229
vn -0.9139 -0.2790 -0.2951
vn -0.6757 0.7299 -0.1032
vn -0.9156 0.4004 -0.0381
vn -0.6918 0.7179 0.0772
vn -0.8371 -0.5466 -0.0234
vn -0.8233 -0.5354 -0.1887
vn -0.8574 0.4501 -0.2495
vn -0.3454 -0.2770 -0.8967
vn -0.3402 0.3380 -0.8775
vn 0.0871 -0.2773 -0.9568
vn 0.5568 -0.2913 -0.7779
vn 0.0350 0.9352 -0.3523
vn 0.1743 0.6568 -0.7336
vn -0.0923 0.9047 -0.4159
vn -0.1424 0.6545 -0.7425
vn 0.0554 -0.6117 -0.7891
vn 0.5353 -0.5651 -0.6277
vn 0.9275 -0.1514 -0.3419
vn 0.8954 0.4083 -0.1776
vn 0.9769 -0.1400 -0.1612
vn 0.8414 -0.1101 -0.5291
vn 0.9416 0.1691 0.2913
vn 0.8541 -0.1222 0.5056
vn 0.6641 0.7471 -0.0291
vn 0.9074 0.4153 -0.0653
vn 0.9170 -0.3983 -0.0198
vn 0.7416 -0.4911 0.4570
vn 0.2495 0.1156 0.9614
vn 0.1103 -0.0729 0.9912
vn -0.0852 0.4313 0.8982
vn 0.3405 -0.0235 0.9400
vn 0.1446 0.5146 0.8451
vn -0.1188 0.2279 0.9664
vn -0.3453 -0.1117 0.9318
vn 0.0206 -0.2261 0.9739
vn -0.0380 0.6508 0.7583
vn -0.1844 0.3987 0.8983
vn 0.0219 0.6656 0.7460
vn -0.3175 -0.3686 0.8737
vn -0.0301 0.9271 -0.3735
vn -0.1440 0.9860 -0.0838
vn 0.3188 0.9091 -0.2681
vn 0.3964 0.9180 -0.0107
vn -0.0344 0.9674 0.2507
vn 0.0153 0.9997 0.0205
vn -0.3334 0.9424 -0.0278
vn -0.0714 0.9963 -0.0470
vn 0.1477 0.9275 0.3433
vn -0.0229 0.9966 0.0795
vn -0.0261 0.9956 0.0899
vn -0.1992 0.9722 -0.1234
vn 0.1081 0.9886 -0.1047
vn -0.0223 0.9994 -0.0265
vn 0.0131 0.9902 -0.1394
vn 0.0191 0.9754 -0.2195
vn -0.0399 0.9917 -0.1225
vn 0.0659 0.9848 0.1605
vn 0.1491 0.9791 0.1386
vn 0.1611 0.9865 0.0301
vn 0.3772 0.8698 -0.3180
vn 0.2944 0.9265 0.2343
vn 0.0045 0.9785 -0.2064
vn -0.0486 0.9726 -0.2275
vn 0.2790 0.9331 -0.2271
vn -0.0417 0.9962 0.0760
vn 0.2684 0.9488 0.1664
vn 0.0792 0.9850 0.1534
vn -0.1784 0.9660 0.1874
vn -0.4119 0.8636 0.2907
vn 0.4036 0.8904 0.2104
vn 0.0906 0.9957 0.0173
vn 0.1452 0.8787 0.4548
vn 0.0057 0.9995 -0.0314
vn -0.0548 0.9925 -0.1095
vn -0.2982 0.9544 -0.0134
vn -0.1202 0.9700 0.2113
vn -0.0463 0.9444 0.3256
vn 0.2051 0.9232 0.3251
vn 0.1286 0.9868 0.0986
vn -0.3882 0.9115 0.1357
vn 0.1271 0.9900 0.0615
vn -0.2210 0.9499 0.2212
vn -0.0518 0.9976 0.0462
vn 0.0164 0.9160 0.4009
vn 0.1344 0.9787 0.1554
vn 0.8370 0.5465 0.0287
vn 0.7811 0.6099 -0.1338
vn 0.0020 0.9776 0.2107
vn 0.3998 0.9162 0.0285
vn 0.7871 0.5952 -0.1619
vn -0.3787 0.8489 -0.3687
vn 0.0083 0.9986 0.0530
vn 0.0228 0.9844 0.1747
vn 0.1958 0.9647 -0.1762
vn 0.1552 0.9844 -0.0835
vn 0.7454 0.6570 -0.1125
vn 0.7504 0.6421 0.1566
vn -0.2250 0.9500 0.2166
vn 0.1086 0.9777 -0.1799
vn 0.8108 0.5809 0.0714
vn 0.7720 0.6204 0.1382
vn 0.3125 0.9489 -0.0434
vn 0.0530 0.9976 -0.0448
vn 0.0352 0.9990 0.0277
vn 0.1650 0.9526 0.2558
vn 0.3802 0.9246 0.0220
vn 0.4085 0.9103 -0.0664
vn 0.0056 0.9970 0.0777
vn -0.3744 0.8290 -0.4155
vn -0.0147 0.9922 -0.1239
vn -0.0001 0.7060 -0.7082
vn -0.3154 0.8843 -0.3444
vn -0.1527 0.4943 -0.8558
vn -0.0474 0.9952 -0.0859
vn 0.0000 0.7067 -0.7075
vn -0.0423 0.9419 -0.3331
vn -0.3068 0.8960 -0.3209
vn 0.0092 0.9998 -0.0203
vn -0.0259 0.9965 -0.0795
vn 0.8907 0.4546 0.0074
vn 0.8636 0.4936 0.1028
vn 0.0939 0.9615 0.2584
vn -0.0738 0.9102 -0.4076
vn 0.7575 0.6507 -0.0516
vn 0.5774 0.5774 -0.5774
vn 0.2832 0.9591 -0.0037
vn 0.0072 0.5163 -0.8564
vn 0.0805 0.9964 -0.0273
vn 0.0812 0.6283 -0.7737
vn -0.1614 0.9770 -0.1395
vn 0.3232 0.8976 0.2998
vn 0.0504 0.9987 0.0087
vn 0.0304 0.9936 -0.1091
vn 0.8545 0.5194 0.0084
vn 0.8541 0.5106 0.0992
vn -0.0590 0.9676 -0.2456
vn 0.7536 0.6565 -0.0333
vn 0.0023 0.9999 0.0112
vn 0.1169 0.9900 -0.0790
vn 0.3496 0.9369 0.0052
vn 0.0489 0.9985 0.0231
vn 0.2283 0.9268 0.2980
vn 0.1593 0.9849 0.0685
vn 0.2496 0.9677 -0.0356
vn -0.1776 0.9804 0.0847
vn 0.2841 0.9158 0.2837
vn 0.3103 0.8935 -0.3247
vn -0.0655 0.9659 -0.2504
vn 0.0004 1.0000 -0.0004
vn -0.0603 0.9800 -0.1894
vn -0.0005 1.0000 -0.0016
vn -0.5774 0.5774 -0.5774
vn -0.3071 0.9067 -0.2891
vn -0.0798 0.9815 0.1741
vn -0.1074 0.9487 0.2973
vn 0.2364 0.9709 -0.0379
vn -0.1165 0.9766 -0.1807
vn -0.1105 0.9573 -0.2672
vn -0.0664 0.4909 -0.8687
vn -0.1470 0.9861 -0.0770
vn 0.2365 0.9657 -0.1075
vn 0.0609 0.5140 -0.8556
vn 0.1499 0.9815 0.1190
vn 0.0059 0.9964 -0.0847
vn 0.0251 0.9854 -0.1684
vn 0.2203 0.9669 0.1287
vn -0.0919 0.9446 0.3152
vn 0.2853 0.9368 0.2025
vn -0.0003 0.9997 0.0258
vn -0.0348 0.9925 0.1170
vn 0.1053 0.9813 0.1611
vn -0.1194 0.1111 0.9866
vn 0.3017 0.0548 0.9518
vn 0.0790 0.2344 0.9689
vn 0.1744 -0.2239 0.9589
vn -0.0903 -0.0638 0.9939
vn -0.2296 0.1090 0.9672
vn -0.3075 -0.3278 0.8933
vn -0.1585 0.0746 0.9845
vn 0.0149 0.0048 0.9999
vn -0.2596 0.0889 0.9616
vn 0.0542 -0.4125 0.9093
vn 0.1977 -0.3502 0.9156
vn 0.1450 0.4523 0.8800
vn 0.3073 -0.0222 0.9513
vn 0.0898 -0.2205 0.9712
vn 0.0994 -0.0007 0.9950
vn 0.7084 0.0000 0.7058
vn 0.0159 0.0050 0.9999
vn 0.3041 -0.1741 0.9366
vn 0.6895 -0.0044 0.7243
vn -0.1264 -0.2226 0.9667
vn -0.0209 -0.3130 0.9495
vn 0.0736 -0.0840 0.9937
vn 0.0502 -0.0132 0.9986
vn 0.7364 -0.0660 0.6733
vn 0.0765 -0.0255 0.9967
vn -0.0002 -0.0070 1.0000
vn -0.0959 -0.1560 0.9831
vn -0.3790 0.2010 0.9033
vn -0.3929 0.0093 0.9195
vn -0.0209 0.1657 0.9860
vn 0.0250 0.0767 0.9967
vn 0.9868 -0.0016 -0.1620
vn 0.9469 -0.0019 -0.3215
vn 0.9462 0.3130 -0.0821
vn 0.9514 -0.3072 -0.0232
vn 0.9410 -0.1955 0.2763
vn 0.9547 -0.0267 0.2965
vn 0.9170 -0.3511 0.1891
vn 0.9985 0.0536 0.0110
vn 0.9874 0.1032 -0.1198
vn 0.8753 -0.4835 -0.0041
vn 0.9247 -0.3520 -0.1449
vn 0.9889 0.0805 -0.1245
vn 0.9669 -0.1001 -0.2349
vn 0.8872 -0.4151 0.2017
vn 0.9976 -0.0082 -0.0694
vn 0.7061 -0.0007 -0.7081
vn 0.9964 0.0096 -0.0845
vn 0.9961 -0.0098 -0.0879
vn 0.9610 -0.2765 0.0094
vn 1.0000 0.0017 -0.0052
vn 1.0000 -0.0001 -0.0004
vn 0.9900 0.0143 -0.1406
vn 0.7322 0.4869 0.4763
vn 0.8134 0.2068 0.5436
vn 0.8075 0.5187 0.2810
vn 0.9663 -0.1932 -0.1704
vn 0.9627 0.0396 0.2676
vn 0.1877 0.0856 -0.9785
vn -0.3527 -0.1054 -0.9298
vn -0.1616 0.4511 -0.8777
vn -0.3405 -0.2038 -0.9179
vn 0.2101 -0.1725 -0.9623
vn 0.3717 -0.2150 -0.9031
vn 0.1818 0.4802 -0.8581
vn 0.2781 0.1323 -0.9514
vn -0.0196 -0.4415 -0.8970
vn -0.2909 -0.3557 -0.8882
vn -0.3491 -0.2193 -0.9110
vn 0.1639 -0.2762 -0.9470
vn -0.0501 0.1142 -0.9922
vn -0.0939 -0.1094 -0.9895
vn -0.7950 -0.0124 -0.6064
vn 0.2905 -0.1075 -0.9508
vn 0.3211 0.5716 -0.7551
vn 0.3934 0.1695 -0.9036
vn 0.0093 -0.1574 -0.9875
vn 0.3334 0.0129 -0.9427
vn -0.8448 -0.0522 0.5326
vn -0.9997 0.0229 -0.0049
vn -0.9997 0.0218 0.0077
vn -0.9313 -0.3621 -0.0387
vn -0.9954 -0.0623 -0.0734
vn -0.9652 -0.2193 -0.1427
vn -0.9112 -0.3719 0.1775
vn -0.9646 -0.1252 -0.2320
vn -0.9774 -0.2113 -0.0037
vn -0.9273 0.3683 0.0667
vn -0.9117 -0.0055 0.4107
vn -0.8854 -0.2182 -0.4105
vn -0.9376 -0.0506 0.3439
vn -0.9728 -0.1199 0.1981
vn -0.9469 0.2174 0.2369
vn -0.5774 0.5774 0.5774
vn -0.9960 -0.0417 0.0796
vn -0.8758 0.4486 0.1784
vn -0.9334 0.2440 0.2631
vn -0.6654 0.0213 0.7462
vn -0.9900 0.1185 0.0760
vn -0.9514 0.2963 -0.0839
vn -0.8809 0.0753 -0.4673
vn -0.8956 -0.3559 -0.2667
vn -0.9344 -0.0855 0.3459
vn -0.9979 0.0482 0.0438
vn -0.9985 0.0507 0.0213
vn -0.9829 0.1840 0.0066
vn -0.9924 -0.1194 -0.0298
vn -0.9400 -0.1421 -0.3102
vn -0.7944 0.0395 -0.6061
vn -0.9432 0.0736 -0.3239
vn -1.0000 -0.0000 -0.0002
vn -0.9038 0.1314 0.4072
vn -0.9538 0.2880 -0.0861
vn -0.9979 -0.0370 -0.0523
vn -0.2725 -0.2557 -0.9276
vn -0.2597 0.0373 -0.9650
vn -0.1754 0.3267 -0.9287
vn -0.1925 -0.1226 -0.9736
vn 0.0876 0.3261 -0.9413
vn 0.1855 0.2172 -0.9583
vn 0.0060 -0.2390 -0.9710
vn 0.3484 -0.1729 -0.9213
vn 0.4695 -0.1148 -0.8754
vn 0.2224 0.5330 -0.8164
vn -0.4856 -0.1374 -0.8633
vn 0.1265 0.1001 -0.9869
vn -0.0369 0.0304 -0.9989
vn -0.0389 -0.1322 -0.9905
vn -0.0199 -0.2576 -0.9660
vn 0.9032 -0.3835 -0.1928
vn 0.9958 -0.0295 -0.0863
vn 0.9217 0.3169 -0.2236
vn 0.9619 0.2710 0.0352
vn 0.9664 -0.0042 0.2569
vn 0.9856 -0.1406 0.0939
vn 0.9263 -0.1033 0.3625
vn 0.9747 0.1111 0.1940
vn 0.9906 -0.1165 0.0714
vn 0.9189 0.0213 -0.3939
vn 0.9987 0.0411 0.0304
vn 0.9817 -0.1723 -0.0809
vn 0.9311 -0.2927 0.2179
vn 0.0510 -0.1100 0.9926
vn 0.3033 -0.2095 0.9296
vn -0.0488 0.3131 0.9485
vn -0.2919 0.1231 0.9485
vn -0.3065 0.0918 0.9474
vn -0.3645 -0.1873 0.9122
vn -0.3887 -0.0646 0.9191
vn -0.2486 0.4829 0.8396
vn 0.3868 -0.1618 0.9078
vn 0.0991 0.2818 0.9543
vn 0.0322 -0.2083 0.9775
vn -0.2290 0.9730 -0.0283
vn -0.1924 0.9508 0.2427
vn 0.0151 0.9972 0.0731
vn -0.1881 0.8890 -0.4175
vn 0.1316 0.9856 -0.1060
vn -0.0735 0.9867 -0.1452
vn 0.0292 0.9726 0.2307
vn 0.2015 0.9343 -0.2941
vn 0.1833 0.9799 -0.0791
vn -0.1571 0.9759 -0.1515
vn -0.2006 0.9582 0.2038
vn 0.1361 0.9902 -0.0322
vn 0.3559 0.8416 -0.4062
vn 0.0350 0.9978 0.0566
vn -0.0051 0.9530 -0.3029
vn -0.2063 0.9778 0.0354
vn 0.0370 0.9711 0.2357
vn 0.1287 0.9407 0.3140
vn -0.1557 0.9829 0.0984
vn 0.2165 0.9703 -0.1079
vn -0.3363 0.8880 0.3135
vn -0.0958 0.9431 -0.3185
vn 0.1208 0.9917 -0.0439
vn -0.0758 0.9861 -0.1481
vn 0.1198 0.9894 0.0823
vn -0.0704 0.9925 0.0995
vn -0.0124 0.9514 -0.3077
vn 0.4813 0.8466 0.2274
vn -0.2616 0.9629 -0.0669
vn -0.2003 0.9636 -0.1769
vn -0.2160 0.9637 -0.1571
vn 0.1196 0.9007 0.4178
vn 0.1604 0.9842 -0.0749
vn -0.0303 0.9992 0.0268
vn 0.0518 0.9964 0.0668
vn 0.0678 0.9251 0.3736
vn 0.1001 0.9830 0.1538
vn -0.1479 0.9629 0.2257
vn 0.1902 0.9375 0.2915
vn -0.7109 0.7032 0.0015
vn -0.8246 0.5408 0.1660
vn -0.0281 0.9913 -0.1288
vn 0.1623 0.6303 0.7592
vn 0.2326 0.9572 0.1723
vn -0.7730 0.6322 0.0522
vn -0.0115 -0.1288 0.9916
vn 0.0597 0.0091 0.9982
vn 0.0210 -0.0735 0.9971
vn -0.0659 0.4131 0.9083
vn 0.9964 -0.0620 -0.0583
vn 0.8443 0.5247 -0.1087
vn 1.0000 0.0000 0.0002
vn 0.9574 -0.2882 -0.0209
vn -0.1072 -0.1706 -0.9795
vn 0.0027 0.0000 -1.0000
vn 0.0132 0.0005 -0.9999
vn 0.0160 -0.2975 -0.9546
vn -0.9803 0.1906 0.0520
vn -0.9961 -0.0885 -0.0032
vn -0.8242 0.5428 0.1613
vn -0.8459 0.2235 -0.4842
vn -0.7400 0.3832 -0.5528
vn -0.8786 0.4762 -0.0355
vn -0.9634 0.2407 -0.1180
vn -0.7204 0.6935 0.0075
vn -0.9999 0.0129 0.0043
vn -0.8814 0.3807 -0.2795
vn -0.9985 -0.0323 0.0453
vn 0.6567 0.4367 -0.6148
vn -0.3011 0.0831 -0.9500
vn -0.1982 0.1816 -0.9632
vn 0.0875 0.5239 -0.8473
vn 0.1511 0.0967 -0.9838
vn 0.9926 0.0969 0.0738
vn 0.9493 0.1389 0.2820
vn 0.9947 0.0736 -0.0724
vn 0.9151 0.1305 -0.3815
vn 0.9045 0.4213 0.0656
vn 0.0105 0.0316 0.9994
vn -0.2074 0.0330 0.9777
vn 0.1941 0.1221 0.9734
vn 0.0109 -0.0364 0.9993
vn 0.1852 0.3302 0.9256
vn -0.1597 0.2400 0.9575
vn 0.0462 0.9952 0.0860
vn -0.0748 0.9959 -0.0516
vn 0.0346 0.5666 0.8233
vn 0.0148 0.9999 0.0002
vn -0.1083 0.3870 0.9157
vn -0.0845 0.5685 0.8183
vn -0.2785 0.2639 0.9235
vn 0.7964 0.5400 0.2723
vn 0.6437 0.7483 0.1601
vn 0.8889 0.1116 0.4443
vn 0.8716 0.3220 0.3698
vn 0.2585 0.7840 -0.5644
vn 0.5962 0.1375 -0.7910
vn 0.0543 0.2541 -0.9657
vn -0.5831 0.7587 -0.2904
vn -0.9451 0.2091 -0.2512
vn -0.7535 0.6527 -0.0788
vn -0.6524 0.7123 0.2589
vn -0.7435 0.5448 0.3878
vn -1.0000 0.0031 -0.0031
vn -0.2250 0.7081 -0.6693
vn 0.6891 0.7078 -0.1558
vn 0.8209 0.5247 -0.2254
vn 0.9992 -0.0187 -0.0359
vn 0.9998 -0.0042 -0.0178
vn 0.0694 0.6340 0.7703
vn 0.1645 0.9468 -0.2767
vn 0.0465 0.6684 0.7423
vn -0.0093 0.9686 -0.2486
vn -0.0571 0.9984 0.0008
vn 0.0648 0.1881 0.9800
vn -0.0549 0.2238 0.9731
vn 0.2650 0.4203 0.8678
vn 0.0836 0.1398 0.9866
vn 0.8350 0.5480 -0.0491
vn 0.8401 0.2780 -0.4658
vn 0.9600 0.1378 -0.2438
vn -0.2697 0.6247 -0.7328
vn -0.2857 0.7000 -0.6545
vn -0.2599 0.5247 -0.8106
vn -0.6808 0.3582 -0.6389
vn -0.9737 0.2278 -0.0098
vn -0.8497 0.4713 0.2366
vn -0.7985 0.4162 0.4350
vn -0.7896 0.5864 0.1809
vn -0.3024 0.9510 0.0645
vn -0.7627 0.6422 0.0767
vn -0.7690 0.6359 0.0646
vn -0.7505 0.6609 0.0001
vn -0.0012 0.1316 0.9913
vn -0.0379 0.0000 0.9993
vn 0.9946 0.0913 0.0497
vn 0.9075 0.0017 0.4201
vn 0.0156 0.0016 -0.9999
vn 0.0239 0.0009 -0.9997
vn -0.9927 0.1206 -0.0084
vn -0.0001 0.0019 -1.0000
vn 0.7043 0.0000 -0.7099
vn 0.8086 0.5881 -0.0186
vn 0.7071 0.0000 0.7071
vn -0.0003 0.3861 0.9224
vn -0.1656 -0.0053 0.9862
vn -0.9993 0.0366 0.0000
vn -0.9912 0.1321 0.0000
vn -0.9873 0.1586 0.0000
vn -0.9445 0.2482 0.2152
vn 0.0000 0.2772 -0.9608
vn 0.9568 0.2595 -0.1311
vn 0.0029 0.1060 0.9944
vn -0.0194 0.0959 0.9952
vn 0.9928 0.1189 -0.0166
vn -0.0317 0.1982 -0.9797
vn 0.6148 -0.0056 -0.7887
vn -0.9469 0.3155 -0.0622
vn -0.9707 0.2073 0.1212
vn -0.0132 0.9463 -0.3231
vn 0.7400 -0.0361 0.6717
vn 0.8888 0.3167 0.3312
vn -0.7064 0.0000 0.7078
vn 0.1402 0.0050 -0.9901
vn -0.0307 0.0000 -0.9995
vn -0.0044 0.0000 1.0000
vn 0.1139 0.1085 0.9876
vn -0.3314 0.1482 -0.9318
usemtl Material.002
s 1
f 747/239/103 1172/240/104 2761/241/105
f 748/242/106 1174/243/107 2760/244/108
f 2759/245/109 139/246/110 1176/247/111
f 750/248/112 746/249/113 2758/250/114
f 1171/251/115 750/252/112 2757/253/116
f 2756/254/117 144/255/118 754/256/119
f 756/257/120 1180/258/121 2755/259/122
f 2754/260/123 141/261/124 1181/262/125
f 754/263/119 1182/264/126 2753/265/127
f 2752/266/128 143/267/129 1183/268/128
f 2751/269/108 142/270/130 1184/271/108
f 751/272/131 1185/273/132 2750/274/105
f 2747/275/133 154/276/134 1187/277/135
f 780/278/136 1165/279/137 2746/280/138
f 781/281/139 1190/282/140 2745/283/141
f 783/284/105 1141/285/142 2744/286/143
f 2743/287/144 167/288/145 1193/289/146
f 769/290/106 1195/291/108 2740/292/108
f 2739/293/147 164/294/148 1163/295/149
f 787/296/150 1198/297/151 2738/298/152
f 789/299/108 1143/300/153 2737/301/154
f 2736/302/155 169/303/156 1201/304/157
f 2733/305/128 156/306/158 1203/307/128
f 792/308/159 1161/309/160 2732/310/161
f 793/311/162 1206/312/163 2731/313/164
f 795/314/165 1145/315/166 2730/316/167
f 2729/317/168 171/318/169 1209/319/170
f 771/320/171 1211/321/172 2726/322/173
f 798/323/174 1159/324/175 2725/325/176
f 799/326/177 1214/327/178 2724/328/179
f 801/329/180 767/330/181 2723/331/182
f 802/332/183 1217/333/184 2722/334/185
f 2721/335/186 161/336/187 1158/337/188
f 2720/338/189 174/339/190 1220/340/191
f 2719/341/192 146/342/193 1221/343/194
f 2718/344/195 160/345/196 1157/346/197
f 2717/347/198 175/348/199 1224/349/200
f 773/350/201 1225/351/202 2716/352/203
f 2715/353/204 157/354/205 771/355/171
f 813/356/206 1228/357/207 2714/358/208
f 2713/359/209 158/360/210 1229/361/211
f 816/362/212 766/363/213 2712/364/214
f 817/365/215 1232/366/216 2711/367/217
f 1148/368/218 1233/369/219 2710/370/220
f 2707/371/221 152/372/222 1235/373/223
f 764/374/224 1237/375/225 2704/376/226
f 762/377/227 1239/378/228 2701/379/229
f 2698/380/230 146/381/193 1241/382/105
f 2697/383/231 199/384/232 1242/385/105
f 893/386/233 1139/387/234 2696/388/235
f 894/389/236 1245/390/237 2695/391/238
f 896/392/239 1058/393/104 2693/394/240
f 2692/395/241 267/396/242 1249/397/243
f 842/398/244 1251/399/108 2690/400/108
f 899/401/245 1138/402/246 2689/403/247
f 900/404/248 1254/405/249 2688/406/250
f 902/407/108 1060/408/107 2686/409/108
f 2685/410/251 269/411/252 1258/412/253
f 843/413/254 1260/414/255 2683/415/256
f 905/416/257 1137/417/258 2682/418/259
f 2681/419/260 270/420/261 1263/421/262
f 2679/422/263 188/423/264 1062/424/265
f 2678/425/266 271/426/267 1267/427/268
f 2676/428/269 205/429/270 1269/430/271
f 911/431/272 1136/432/273 2675/433/274
f 2674/434/275 272/435/276 1272/436/277
f 914/437/180 840/438/278 2672/439/180
f 2671/440/279 273/441/280 1276/442/281
f 2669/443/282 261/444/283 1135/445/284
f 2668/446/285 274/447/286 1280/448/287
f 1057/449/288 1281/450/289 2667/451/290
f 921/452/291 1134/453/292 2666/454/293
f 922/455/294 1284/456/295 2665/457/296
f 886/458/297 1285/459/298 2664/460/299
f 925/461/300 844/462/301 2663/463/302
f 2662/464/303 276/465/304 1288/466/305
f 2661/467/306 258/468/307 1289/469/308
f 2660/470/309 257/471/310 1131/472/311
f 2659/473/312 277/474/313 1292/475/314
f 2658/476/315 210/477/316 1293/478/317
f 2657/479/318 256/480/319 1130/481/320
f 934/482/321 1296/483/322 2656/484/323
f 882/485/324 1297/486/325 2655/487/326
f 2654/488/327 209/489/328 848/490/329
f 938/491/330 1300/492/331 2653/493/332
f 881/494/333 1301/495/334 2652/496/335
f 2651/497/336 253/498/337 1127/499/338
f 942/500/339 1304/501/340 2650/502/341
f 2649/503/342 211/504/343 1305/505/344
f 945/506/345 1126/507/346 2648/508/347
f 2647/509/348 281/510/349 1308/511/350
f 878/512/351 1309/513/352 2646/514/353
f 949/515/354 1066/516/355 2645/517/356
f 2644/518/357 282/519/358 1312/520/359
f 877/521/360 1313/522/361 2643/523/362
f 2642/524/363 249/525/364 1123/526/365
f 954/527/366 1316/528/367 2641/529/368
f 1053/530/369 1317/531/370 2640/532/371
f 2639/533/372 248/534/373 1122/535/374
f 958/536/375 1320/537/376 2638/538/377
f 2637/539/378 247/540/379 1321/541/380
f 2636/542/381 193/543/382 1067/544/383
f 962/545/384 1324/546/385 2635/547/386
f 2634/548/387 246/549/388 1325/550/389
f 2633/551/390 245/552/391 1119/553/392
f 2632/554/393 286/555/394 1328/556/395
f 2631/557/396 244/558/397 1329/559/398
f 871/560/399 1330/561/400 2630/562/182
f 968/563/401 1116/564/402 2629/565/403
f 2628/566/404 287/567/405 1333/568/406
f 2627/569/407 241/570/408 1334/571/409
f 2626/572/410 240/573/411 1335/574/412
f 848/575/329 1336/576/413 2625/577/414
f 2624/578/415 239/579/416 1113/580/417
f 972/581/418 1339/582/419 2623/583/180
f 2621/584/420 194/585/421 1068/586/422
f 975/587/423 1343/588/424 2620/589/425
f 977/590/426 1112/591/427 2618/592/428
f 978/593/429 1347/594/430 2617/595/431
f 867/596/432 1348/597/433 2616/598/434
f 2615/599/435 236/600/436 1349/601/437
f 980/602/438 1109/603/439 2614/604/440
f 2613/605/441 291/606/442 1352/607/443
f 2612/608/444 234/609/445 1353/610/446
f 2611/611/447 233/612/448 1354/613/449
f 847/614/450 1355/615/128 2610/616/128
f 2609/617/451 232/618/452 1106/619/453
f 984/620/454 1358/621/455 2608/622/456
f 2606/623/457 195/624/458 1069/625/459
f 987/626/460 1362/627/461 2605/628/462
f 989/629/463 1105/630/464 2603/631/465
f 2602/632/466 294/633/467 1366/634/468
f 862/635/469 1367/636/470 2601/637/471
f 2600/638/472 229/639/473 1368/640/154
f 992/641/474 1102/642/475 2599/643/476
f 2598/644/477 295/645/478 1371/646/479
f 2597/647/480 227/648/481 1372/649/482
f 2596/650/483 226/651/484 1373/652/485
f 846/653/106 1374/654/108 2595/655/108
f 2594/656/486 225/657/487 1099/658/488
f 996/659/108 1377/660/108 2593/661/108
f 2591/662/489 196/663/490 1070/664/491
f 999/665/492 1381/666/493 2590/667/494
f 1001/668/495 1098/669/496 2588/670/497
f 1002/671/498 1385/672/499 2587/673/500
f 2586/674/501 223/675/502 1386/676/503
f 856/677/504 1387/678/505 2585/679/506
f 1004/680/507 1095/681/508 2584/682/509
f 2583/683/510 299/684/511 1390/685/512
f 2582/686/513 220/687/514 1391/688/515
f 2581/689/516 219/690/517 1392/691/518
f 845/692/519 1393/693/520 2580/694/105
f 1007/695/521 1092/696/522 2579/697/523
f 1008/698/524 1396/699/525 2578/700/526
f 2576/701/527 197/702/528 1071/703/529
f 1011/704/530 1400/705/531 2575/706/532
f 825/707/533 1402/708/534 2573/709/535
f 2572/710/536 217/711/537 1091/712/538
f 1014/713/105 1405/714/539 2571/715/540
f 1016/716/105 1074/717/104 2570/718/105
f 2569/719/541 303/720/542 1408/721/543
f 827/722/106 1409/723/108 2568/724/108
f 1019/725/544 1090/726/545 2567/727/546
f 2566/728/547 304/729/548 1412/730/549
f 1022/731/108 1076/732/550 2565/733/108
f 1023/734/551 1415/735/552 2564/736/553
f 829/737/554 1416/738/128 2563/739/128
f 1025/740/555 1089/741/556 2562/742/557
f 2561/743/558 306/744/559 1419/745/560
f 1028/746/128 1078/747/561 2560/748/128
f 2559/749/562 307/750/563 1422/751/564
f 831/752/565 1423/753/566 2558/754/567
f 2557/755/568 214/756/569 1088/757/570
f 2556/758/571 308/759/572 1426/760/573
f 1034/761/180 824/762/113 2555/763/180
f 1035/764/574 1429/765/575 2554/766/576
f 1037/767/577 1087/768/578 2553/769/579
f 1038/770/580 1432/771/581 2552/772/582
f 2551/773/583 199/774/232 1433/775/584
f 2550/776/585 212/777/586 1086/778/587
f 2549/779/588 311/780/589 1436/781/590
f 833/782/591 1437/783/592 2548/784/593
f 2547/785/594 189/786/595 831/787/565
f 1046/788/596 1440/789/597 2546/790/598
f 832/791/599 1441/792/600 2545/793/601
f 2544/794/602 181/795/603 823/796/604
f 1050/797/605 1444/798/606 2543/799/607
f 1080/800/608 1445/801/609 2542/802/610
f 823/803/604 1446/804/611 2541/805/612
f 2540/806/613 180/807/614 1447/808/615
f 2539/809/108 179/810/616 1448/811/108
f 820/812/617 1449/813/618 2538/814/105
f 1140/815/619 1450/816/105 2537/817/105
f 2536/818/620 387/819/621 1451/820/622
f 1144/821/623 1452/822/624 2535/823/625
f 2534/824/626 389/825/627 1453/826/180
f 2533/827/628 617/828/629 1052/829/630
f 2532/830/631 618/831/632 1456/832/633
f 768/833/634 1457/834/635 2531/835/636
f 2530/836/637 616/837/638 1051/838/639
f 2529/839/640 619/840/641 1460/841/642
f 1443/842/643 1461/843/644 2528/844/645
f 1462/845/646 1146/846/647 2527/847/648
f 2526/848/649 620/849/650 1464/850/651
f 1442/851/652 1465/852/653 2525/853/654
f 2524/854/655 613/855/656 1048/856/657
f 2523/857/658 621/858/659 1468/859/660
f 1155/860/661 1469/861/662 2522/862/663
f 2521/863/664 612/864/665 1047/865/666
f 1471/866/667 1472/867/668 2520/868/669
f 2519/869/670 611/870/671 1473/871/672
f 1474/872/673 1154/873/674 2518/874/675
f 1475/875/676 1476/876/677 2517/877/678
f 1438/878/679 1477/879/680 2516/880/681
f 2515/881/682 609/882/683 1044/883/684
f 1479/884/685 1480/885/686 2514/886/687
f 2513/887/688 399/888/689 1481/889/690
f 1482/890/691 1043/891/692 2512/892/693
f 1483/893/694 1484/894/695 2511/895/696
f 2510/896/697 607/897/698 1485/898/699
f 1486/899/700 774/900/701 2509/901/702
f 1487/902/703 1488/903/704 2508/904/705
f 2507/905/706 606/906/707 1489/907/708
f 1490/908/709 1040/909/710 2506/910/711
f 1491/911/712 1492/912/713 2505/913/714
f 760/914/715 1493/915/716 2504/916/717
f 1494/917/718 1039/918/719 2503/919/720
f 2502/920/721 628/921/722 1496/922/723
f 2501/923/724 603/924/725 1497/925/726
f 2500/926/727 341/927/728 775/928/729
f 2499/929/730 629/930/731 1500/931/732
f 2498/932/733 602/933/734 1501/934/735
f 2497/935/736 601/936/737 1036/937/738
f 1503/938/739 1504/939/740 2496/940/741
f 2495/941/742 600/942/743 1505/943/744
f 1506/944/180 1147/945/113 2494/946/180
f 2493/947/745 631/948/746 1508/949/747
f 1427/950/748 1509/951/749 2492/952/750
f 1510/953/751 1033/954/752 2491/955/753
f 1511/956/754 1512/957/755 2490/958/756
f 2489/959/757 597/960/758 1513/961/759
f 2488/962/760 342/963/761 776/964/762
f 1515/965/763 1516/966/764 2487/967/765
f 1424/968/766 1517/969/767 2486/970/768
f 1154/971/674 1518/972/769 2485/973/770
f 2484/974/771 595/975/772 1030/976/773
f 1520/977/774 1521/978/775 2483/979/776
f 2482/980/777 594/981/778 1522/982/779
f 1523/983/780 765/984/781 2481/985/782
f 1524/986/783 1525/987/784 2480/988/785
f 1420/989/786 1526/990/787 2479/991/788
f 1527/992/789 1027/993/790 2478/994/791
f 1528/995/792 1529/996/793 2477/997/794
f 2476/998/795 591/999/796 1530/1000/797
f 2475/1001/798 343/1002/799 777/1003/800
f 1532/1004/801 1533/1005/802 2474/1006/803
f 2473/1007/804 590/1008/805 1534/1009/806
f 1152/1010/807 1535/1011/128 2472/1012/128
f 2471/1013/808 589/1014/809 1024/1015/810
f 1537/1016/811 1538/1017/812 2470/1018/813
f 2469/1019/814 588/1020/815 1539/1021/816
f 1540/1022/108 763/1023/107 2468/1024/108
f 2467/1025/817 639/1026/818 1542/1027/819
f 1413/1028/820 1543/1029/821 2466/1030/822
f 1544/1031/823 1021/1032/824 2465/1033/825
f 1545/1034/826 1546/1035/827 2464/1036/828
f 1411/1037/829 1547/1038/830 2463/1039/831
f 2462/1040/832 344/1041/833 778/1042/834
f 1549/1043/835 1550/1044/836 2461/1045/837
f 2460/1046/838 584/1047/839 1551/1048/840
f 1150/1049/106 1552/1050/108 2459/1051/108
f 1553/1052/841 1018/1053/842 2458/1054/843
f 1554/1055/844 1555/1056/845 2457/1057/846
f 2456/1058/847 582/1059/848 1556/1060/849
f 2455/1061/105 328/1062/850 761/1063/851
f 2454/1064/852 643/1065/853 1559/1066/854
f 2453/1067/855 581/1068/856 1560/1069/857
f 1561/1070/858 1015/1071/859 2452/1072/860
f 2451/1073/861 644/1074/862 1563/1075/863
f 1404/1076/864 1564/1077/865 2450/1078/866
f 2449/1079/867 345/1080/868 779/1081/869
f 1566/1082/870 1567/1083/871 2448/1084/872
f 2447/1085/873 578/1086/874 1568/1087/875
f 2446/1088/876 391/1089/877 1569/1090/878
f 1570/1091/879 1012/1092/880 2445/1093/881
f 1571/1094/882 1572/1095/883 2444/1096/884
f 1399/1097/885 1574/1098/886 2442/1099/887
f 1398/1100/888 1575/1101/889 2441/1102/890
f 2440/1103/891 574/1104/892 1009/1105/893
f 1577/1106/894 1578/1107/895 2439/1108/896
f 2437/1109/897 573/1110/898 1580/1111/899
f 2436/1112/900 572/1113/901 1581/1114/902
f 1171/1115/115 1582/1116/105 2435/1117/105
f 1188/1118/903 1583/1119/904 2434/1120/905
f 1189/1121/906 1584/1122/907 2433/1123/908
f 2432/1124/909 571/1125/910 1006/1126/911
f 2431/1127/912 648/1128/913 1587/1129/914
f 1389/1130/105 1588/1131/915 2430/1132/105
f 2429/1133/916 348/1134/917 782/1135/918
f 1590/1136/919 1591/1137/920 2428/1138/921
f 2427/1139/922 569/1140/923 1592/1141/924
f 2426/1142/925 421/1143/926 1593/1144/927
f 1192/1145/928 1594/1146/929 2425/1147/930
f 1595/1148/931 1003/1149/932 2424/1150/933
f 2423/1151/934 650/1152/935 1597/1153/936
f 1384/1154/937 1598/1155/938 2422/1156/939
f 2421/1157/940 351/1158/941 785/1159/942
f 1600/1160/943 1601/1161/944 2420/1162/945
f 2419/1163/946 566/1164/947 1602/1165/948
f 2418/1166/949 565/1167/950 1000/1168/951
f 2417/1169/952 652/1170/953 1605/1171/954
f 1380/1172/955 1607/1173/956 2415/1174/957
f 1379/1175/958 1608/1176/959 2414/1177/960
f 1609/1178/961 997/1179/962 2413/1180/963
f 1610/1181/108 1611/1182/108 2412/1183/108
f 1376/1184/108 1613/1185/108 2410/1186/108
f 2409/1187/964 560/1188/965 1614/1189/966
f 1173/1190/106 1615/1191/108 2408/1192/108
f 2407/1193/967 424/1194/968 1616/1195/969
f 1197/1196/970 1617/1197/971 2406/1198/972
f 1618/1199/973 994/1200/974 2405/1201/975
f 2404/1202/976 654/1203/977 1620/1204/978
f 2403/1205/979 558/1206/980 1621/1207/981
f 2402/1208/982 354/1209/983 788/1210/984
f 2401/1211/985 655/1212/986 1624/1213/987
f 1369/1214/988 1625/1215/989 2400/1216/990
f 1199/1217/991 1626/1218/992 2399/1219/993
f 1200/1220/994 1627/1221/995 2398/1222/996
f 1628/1223/997 991/1224/998 2397/1225/999
f 2396/1226/1000 656/1227/1001 1630/1228/1002
f 1365/1229/1003 1631/1230/1004 2395/1231/1005
f 1632/1232/1006 791/1233/1007 2394/1234/1008
f 1633/1235/1009 1634/1236/1010 2393/1237/1011
f 2392/1238/1012 554/1239/1013 1635/1240/1014
f 2391/1241/1015 553/1242/1016 988/1243/1017
f 2390/1244/1018 658/1245/1019 1638/1246/1020
f 1361/1247/1021 1640/1248/1022 2388/1249/1023
f 2387/1250/1024 551/1251/1025 1641/1252/1026
f 2386/1253/1027 550/1254/1028 985/1255/1029
f 1643/1256/128 1644/1257/1030 2385/1258/128
f 1357/1259/128 1646/1260/128 2383/1261/128
f 1356/1262/1031 1647/1263/1032 2382/1264/1033
f 1175/1265/1034 1648/1266/128 2381/1267/128
f 1204/1268/1035 1649/1269/1036 2380/1270/1037
f 2379/1271/1038 430/1272/1039 1650/1273/1040
f 1651/1274/1041 982/1275/1042 2378/1276/1043
f 2377/1277/1044 660/1278/1045 1653/1279/1046
f 2376/1280/1047 546/1281/1048 1654/1282/1049
f 2375/1283/1050 360/1284/1051 794/1285/1052
f 2374/1286/1053 661/1287/1054 1657/1288/1055
f 2373/1289/1056 545/1290/1057 1658/1291/1058
f 1207/1292/1059 1659/1293/1060 2372/1294/1061
f 2371/1295/1062 432/1296/1063 1660/1297/1064
f 1661/1298/1065 979/1299/1066 2370/1300/1067
f 2369/1301/1068 662/1302/1069 1663/1303/1070
f 1346/1304/1071 1664/1305/1072 2368/1306/1073
f 2367/1307/1074 363/1308/1075 797/1309/1076
f 2366/1310/1077 663/1311/1078 1667/1312/1079
f 2365/1313/1080 542/1314/1081 1668/1315/1082
f 2364/1316/1083 541/1317/1084 976/1318/1085
f 2363/1319/1086 664/1320/1087 1671/1321/1088
f 2361/1322/1089 540/1323/1090 1673/1324/1091
f 2360/1325/1092 539/1326/1093 1674/1327/1094
f 1675/1328/1095 973/1329/1096 2359/1330/1097
f 2358/1331/1098 665/1332/1099 1677/1333/1100
f 1338/1334/1101 1679/1335/180 2356/1336/180
f 1337/1337/1102 1680/1338/1103 2355/1339/1104
f 2354/1340/1105 413/1341/1106 1681/1342/1107
f 2353/1343/1108 434/1344/1109 1682/1345/1110
f 1213/1346/1111 1683/1347/1112 2352/1348/1113
f 1684/1349/1114 970/1350/1115 2351/1351/1116
f 2350/1352/1117 666/1353/1118 1686/1354/1119
f 2349/1355/1120 534/1356/1121 1687/1357/1122
f 1688/1358/1123 800/1359/1124 2348/1360/1125
f 2347/1361/1126 667/1362/1127 1690/1363/1128
f 2346/1364/1129 533/1365/1130 1691/1366/1131
f 1215/1367/1132 1692/1368/182 2345/1369/1133
f 1216/1370/1134 1693/1371/1135 2344/1372/1136
f 1694/1373/1137 967/1374/1138 2343/1375/1139
f 2342/1376/1140 668/1377/1141 1696/1378/1142
f 1327/1379/1143 1697/1380/1144 2341/1381/1145
f 2340/1382/1146 369/1383/1147 803/1384/1148
f 1699/1385/1149 1700/1386/1150 2339/1387/1151
f 2338/1388/1152 530/1389/1153 1701/1390/1154
f 1702/1391/1155 964/1392/1156 2337/1393/1157
f 2336/1394/1158 670/1395/1159 1704/1396/1160
f 1218/1397/1161 1705/1398/1162 2335/1399/1163
f 2334/1400/1164 528/1401/1165 963/1402/1166
f 1707/1403/1167 1708/1404/1168 2333/1405/1169
f 1323/1406/1170 1709/1407/1171 2332/1408/1172
f 1710/1409/1173 758/1410/1174 2331/1411/1175
f 2330/1412/1176 672/1413/1177 1712/1414/1178
f 1322/1415/1179 1713/1416/1180 2329/1417/1181
f 1714/1418/1182 960/1419/1183 2328/1420/1184
f 1715/1421/1185 1716/1422/1186 2327/1423/1185
f 1219/1424/1185 1717/1425/1187 2326/1426/1185
f 1718/1427/1188 959/1428/1189 2325/1429/1190
f 2324/1430/1191 674/1431/1192 1720/1432/1193
f 2323/1433/1194 523/1434/1195 1721/1435/1196
f 2322/1436/1197 372/1437/1198 806/1438/1199
f 2321/1439/1200 675/1440/1201 1724/1441/1202
f 1318/1442/1203 1725/1443/1204 2320/1444/1205
f 2319/1445/1206 521/1446/1207 956/1447/1208
f 2318/1448/1209 676/1449/1210 1728/1450/1211
f 747/1451/103 1729/1452/1212 2317/1453/1185
f 1730/1454/1213 955/1455/1214 2316/1456/1215
f 1731/1457/1216 1732/1458/1217 2315/1459/1185
f 2314/1460/1218 519/1461/1219 1733/1462/1220
f 2313/1463/1221 373/1464/1222 807/1465/1223
f 2312/1466/1224 678/1467/1225 1736/1468/1226
f 2311/1469/1227 518/1470/1228 1737/1471/1229
f 2310/1472/1230 517/1473/1231 952/1474/1232
f 2309/1475/1233 679/1476/1234 1740/1477/1235
f 1222/1478/1236 1741/1479/1237 2308/1480/1238
f 1742/1481/1239 951/1482/1240 2307/1483/1241
f 1743/1484/1242 1744/1485/1243 2306/1486/1244
f 2305/1487/1245 515/1488/1246 1745/1489/1247
f 2304/1490/1248 324/1491/1249 757/1492/1250
f 2303/1493/1251 681/1494/1252 1748/1495/1253
f 2302/1496/1254 514/1497/1255 1749/1498/1256
f 2301/1499/1257 513/1500/1258 948/1501/1259
f 1751/1502/1260 1752/1503/1261 2300/1504/1262
f 2299/1505/1263 443/1506/1264 1753/1507/1265
f 1754/1508/1266 947/1509/1267 2298/1510/1268
f 1755/1511/1269 1756/1512/1270 2297/1513/1271
f 2296/1514/1272 511/1515/1273 1757/1516/1274
f 2295/1517/1275 376/1518/1276 810/1519/1277
f 2294/1520/1278 684/1521/1279 1760/1522/1280
f 1306/1523/1281 1761/1524/1282 2293/1525/1283
f 2292/1526/1284 509/1527/1285 944/1528/1286
f 2291/1529/1287 685/1530/1288 1764/1531/1289
f 1179/1532/1290 1765/1533/1291 2290/1534/1292
f 1766/1535/1293 943/1536/1294 2289/1537/1295
f 2288/1538/1296 686/1539/1297 1768/1540/1298
f 1303/1541/1299 1769/1542/1300 2287/1543/1301
f 1770/1544/1302 811/1545/1303 2286/1546/1304
f 2285/1547/1305 687/1548/1306 1772/1549/1307
f 2284/1550/1308 506/1551/1309 1773/1552/1310
f 2283/1553/1311 505/1554/1312 940/1555/1313
f 1775/1556/1314 1776/1557/1315 2282/1558/1316
f 2281/1559/1317 446/1560/1318 1777/1561/1319
f 1778/1562/1320 939/1563/1321 2280/1564/1322
f 1779/1565/1323 1780/1566/1324 2279/1567/1325
f 1299/1568/1326 1781/1569/1327 2278/1570/1328
f 1782/1571/1329 1177/1572/1330 2277/1573/1331
f 2276/1574/1332 690/1575/1333 1784/1576/1334
f 2275/1577/1335 502/1578/1336 1785/1579/1337
f 2274/1580/1338 501/1581/1339 936/1582/1340
f 2273/1583/1341 691/1584/1342 1788/1585/1343
f 1227/1586/1344 1789/1587/1345 2272/1588/1346
f 2271/1589/1347 500/1590/1348 935/1591/1349
f 2270/1592/1350 692/1593/1351 1792/1594/1352
f 2269/1595/1353 499/1596/1354 1793/1597/1355
f 1794/1598/1356 814/1599/1357 2268/1600/1358
f 1795/1601/1359 1796/1602/1360 2267/1603/1361
f 1294/1604/1362 1797/1605/1363 2266/1606/1364
f 2265/1607/1365 497/1608/1366 932/1609/1367
f 1799/1610/1368 1800/1611/1369 2264/1612/1370
f 2263/1613/1371 414/1614/1372 1801/1615/1373
f 2262/1616/1374 496/1617/1375 931/1618/1376
f 2261/1619/1377 695/1620/1378 1804/1621/1379
f 2260/1622/1380 495/1623/1381 1805/1624/1382
f 2259/1625/1383 381/1626/1384 815/1627/1385
f 1807/1628/1386 1808/1629/1387 2258/1630/1388
f 2257/1631/1389 494/1632/1390 1809/1633/1391
f 1810/1634/1392 928/1635/1393 2256/1636/1394
f 1811/1637/1395 1812/1638/1396 2255/1639/1397
f 2254/1640/1398 450/1641/1399 1813/1642/1400
f 1814/1643/1401 927/1644/1402 2253/1645/1403
f 1815/1646/1404 1816/1647/1405 2252/1648/1406
f 2251/1649/1407 491/1650/1408 1817/1651/1409
f 1818/1652/1410 1170/1653/1411 2250/1654/1412
f 1819/1655/1413 1820/1656/1414 2249/1657/1415
f 2248/1658/1416 490/1659/1417 1821/1660/1418
f 2247/1661/1419 489/1662/1420 924/1663/1421
f 1823/1664/1422 1824/1665/1423 2246/1666/1424
f 1231/1667/1425 1825/1668/1426 2245/1669/1427
f 2244/1670/1428 488/1671/1429 923/1672/1430
f 1827/1673/1431 1828/1674/1432 2243/1675/1433
f 2242/1676/1434 487/1677/1435 1829/1678/1436
f 2241/1679/1437 384/1680/1438 818/1681/1439
f 2240/1682/1440 702/1683/1441 1832/1684/1442
f 1282/1685/1443 1833/1686/1444 2239/1687/1445
f 1834/1688/1446 920/1689/1447 2238/1690/1448
f 2237/1691/1449 703/1692/1450 1836/1693/1451
f 751/1694/131 1837/1695/1452 2236/1696/1453
f 1838/1697/1454 919/1698/1455 2235/1699/1456
f 1839/1700/1457 1840/1701/1458 2234/1702/1459
f 2233/1703/1460 483/1704/1461 1841/1705/1462
f 2232/1706/1463 385/1707/1464 819/1708/1465
f 1843/1709/1466 1844/1710/1467 2231/1711/1468
f 2230/1712/1469 482/1713/1470 1845/1714/1471
f 1846/1715/1472 916/1716/1473 2229/1717/1474
f 1847/1718/1475 1848/1719/1476 2228/1720/1477
f 2226/1721/1478 480/1722/1479 1850/1723/1480
f 1274/1724/1481 1851/1725/180 2225/1726/180
f 2224/1727/1482 478/1728/1483 913/1729/1484
f 2223/1730/1485 707/1731/1486 1854/1732/1487
f 2221/1733/1488 477/1734/1489 1856/1735/1490
f 1270/1736/1491 1857/1737/1492 2220/1738/1493
f 1170/1739/1411 1858/1740/1494 2219/1741/1495
f 1859/1742/1496 910/1743/1497 2218/1744/1498
f 2217/1745/1499 708/1746/1500 1861/1747/1501
f 2215/1748/1502 474/1749/1503 1863/1750/1504
f 2214/1751/1505 473/1752/1506 1864/1753/1507
f 2213/1754/1508 472/1755/1509 907/1756/1510
f 2212/1757/1511 709/1758/1512 1867/1759/1513
f 2210/1760/1514 471/1761/1515 1869/1762/1516
f 1261/1763/1517 1870/1764/1518 2209/1765/1519
f 1169/1766/1520 1871/1767/1521 2208/1768/128
f 1872/1769/1522 904/1770/1523 2207/1771/1524
f 1873/1772/1525 1874/1773/1526 2206/1774/1527
f 2204/1775/1528 468/1776/1529 1876/1777/1530
f 1256/1778/1531 1877/1779/108 2203/1780/1532
f 2202/1781/1533 466/1782/1534 901/1783/1535
f 1879/1784/1536 1880/1785/1537 2201/1786/1538
f 2199/1787/1539 465/1788/1540 1882/1789/1541
f 2198/1790/1542 464/1791/1543 1883/1792/1544
f 1168/1793/1545 1884/1794/108 2197/1795/108
f 2196/1796/1546 463/1797/1547 898/1798/1548
f 1886/1799/1549 1887/1800/1550 2195/1801/1551
f 1248/1802/1552 1889/1803/1553 2193/1804/1554
f 1247/1805/1555 1890/1806/1556 2192/1807/1557
f 2191/1808/1558 460/1809/1559 895/1810/1560
f 1892/1811/1561 1893/1812/1562 2190/1813/1563
f 2188/1814/1564 459/1815/1565 1895/1816/1566
f 2187/1817/1567 458/1818/1568 1896/1819/1569
f 2186/1820/1570 406/1821/1571 1897/1822/1572
f 1073/1823/1573 1898/1824/105 2185/1825/105
f 2184/1826/1574 457/1827/1575 892/1828/1576
f 2183/1829/1577 714/1830/1578 1901/1831/1579
f 1903/1832/1580 826/1833/104 2181/1834/1581
f 1904/1835/1582 1905/1836/1583 2180/1837/1584
f 1075/1838/1585 1907/1839/108 2178/1840/108
f 1908/1841/1586 891/1842/1587 2177/1843/1588
f 2176/1844/1589 716/1845/1590 1910/1846/1591
f 1912/1847/108 828/1848/107 2174/1849/108
f 1913/1850/1592 1914/1851/1593 2173/1852/1594
f 2171/1853/1595 331/1854/1596 1916/1855/1597
f 2170/1856/1598 455/1857/1599 890/1858/1600
f 1918/1859/1601 1919/1860/1602 2169/1861/1603
f 1921/1862/1604 830/1863/1605 2167/1864/1606
f 2166/1865/1607 719/1866/1608 1923/1867/1609
f 1079/1868/1610 1925/1869/1611 2164/1870/1612
f 2163/1871/1613 454/1872/1614 889/1873/1615
f 2162/1874/1616 720/1875/1617 1928/1876/1618
f 1930/1877/180 1072/1878/1619 2160/1879/180
f 1931/1880/1620 1932/1881/1621 2159/1882/1622
f 2157/1883/1623 453/1884/1624 888/1885/1625
f 1935/1886/1626 1936/1887/1627 2156/1888/1628
f 2155/1889/1629 391/1890/877 1937/1891/1630
f 2154/1892/1631 452/1893/1632 887/1894/1633
f 2153/1895/1634 723/1896/1635 1940/1897/1636
f 1133/1898/1637 1941/1899/1638 2152/1900/1639
f 2151/1901/1640 333/1902/1641 1079/1903/1610
f 1943/1904/1642 1944/1905/1643 2150/1906/1644
f 2149/1907/1645 382/1908/1646 1945/1909/1647
f 1946/1910/1648 884/1911/1649 2148/1912/1650
f 1947/1913/1651 1948/1914/1652 2147/1915/1653
f 2146/1916/1654 338/1917/1655 1949/1918/1656
f 1950/1919/1657 883/1920/1658 2145/1921/1659
f 2144/1922/1660 726/1923/1661 1952/1924/1662
f 1129/1925/1663 1953/1926/1664 2143/1927/1665
f 1954/1928/1666 1083/1929/1667 2142/1930/1668
f 1955/1931/1669 1956/1932/1670 2141/1933/1671
f 1128/1934/1672 1957/1935/1673 2140/1936/1674
f 1958/1937/1675 880/1938/1676 2139/1939/1677
f 1959/1940/1678 1960/1941/1679 2138/1942/1680
f 2137/1943/1681 339/1944/1682 1961/1945/1683
f 1962/1946/1684 879/1947/1685 2136/1948/1686
f 1963/1949/1687 1964/1950/1688 2135/1951/1689
f 2134/1952/1690 375/1953/1691 1965/1954/1692
f 2133/1955/1693 400/1956/1694 834/1957/1695
f 1967/1958/1696 1968/1959/1697 2132/1960/1698
f 2131/1961/1699 374/1962/1700 1969/1963/1701
f 1970/1964/1702 876/1965/1703 2130/1966/1704
f 1971/1967/1705 1972/1968/1706 2129/1969/1707
f 820/1970/617 1973/1971/1708 2128/1972/1709
f 2127/1973/1710 440/1974/1711 875/1975/1712
f 1975/1976/1713 1976/1977/1714 2126/1978/1715
f 2125/1979/1716 371/1980/1717 1977/1981/1718
f 1978/1982/1719 835/1983/1720 2124/1984/1721
f 1979/1985/1722 1980/1986/1723 2123/1987/1724
f 1120/1988/1725 1981/1989/1726 2122/1990/1727
f 2121/1991/1728 368/1992/1729 1982/1993/1730
f 1117/1994/1731 1983/1995/1732 2120/1996/1733
f 1115/1997/1734 1984/1998/1735 2119/1999/1736
f 2118/2000/1737 364/2001/1738 1985/2002/1739
f 1083/2003/1667 1986/2004/1740 2117/2005/1741
f 2116/2006/1742 433/2007/1743 868/2008/1744
f 1988/2009/1745 1989/2010/1746 2115/2011/1747
f 1991/2012/1748 836/2013/1749 2113/2014/1750
f 1992/2015/1751 1993/2016/1752 2112/2017/1753
f 1111/2018/1754 1995/2019/1755 2110/2020/1756
f 1110/2021/1757 1996/2022/1758 2109/2023/1759
f 2108/2024/1760 359/2025/1761 1997/2026/1762
f 2107/2027/1763 358/2028/1764 1998/2029/1765
f 2106/2030/128 336/2031/1766 1999/2032/128
f 2105/2033/1767 428/2034/1768 863/2035/1769
f 2104/2036/1770 736/2037/1771 2002/2038/1772
f 2004/2039/1773 837/2040/1774 2102/2041/1775
f 2005/2042/1776 2006/2043/1777 2101/2044/1778
f 1104/2045/1779 2008/2046/1780 2099/2047/1781
f 1103/2048/1782 2009/2049/154 2098/2050/154
f 2097/2051/1783 353/2052/1784 2010/2053/1785
f 2096/2054/1786 352/2055/1787 2011/2056/1788
f 1081/2057/1789 2012/2058/108 2095/2059/108
f 2094/2060/1790 423/2061/1791 858/2062/1792
f 2014/2063/1793 2015/2064/1794 2093/2065/1795
f 2091/2066/1796 404/2067/1797 838/2068/1798
f 2090/2069/1799 739/2070/1800 2019/2071/1801
f 2088/2072/1802 350/2073/1803 2021/2074/1804
f 1096/2075/1805 2022/2076/1806 2087/2077/1807
f 2086/2078/1808 347/2079/1809 2023/2080/1810
f 2085/2081/1811 346/2082/1812 2024/2083/1813
f 1080/2084/608 2025/2085/1814 2084/2086/1815
f 2083/2087/1816 418/2088/1817 853/2089/1818
f 2027/2090/1819 2028/2091/1820 2082/2092/1821
f 2080/2093/1822 405/2094/1823 839/2095/1824
f 2079/2096/1825 741/2097/1826 2032/2098/1827
f 2077/2099/1828 318/2100/1829 2034/2101/1830
f 1059/2102/1831 2035/2103/108 2076/2104/108
f 1061/2105/1832 2036/2106/1833 2075/2107/128
f 2074/2108/1834 321/2109/1835 2037/2110/1836
f 2073/2111/1837 417/2112/1838 852/2113/1839
f 2072/2114/1840 742/2115/1841 2040/2116/1842
f 2071/2117/1843 406/2118/1571 2041/2119/1844
f 2070/2120/1845 416/2121/1846 851/2122/1847
f 2069/2123/1848 743/2124/1849 2044/2125/1850
f 1065/2126/1851 2045/2127/1852 2068/2128/1853
f 2046/2129/1854 1063/2130/1855 2067/2131/1856
f 2066/2132/1857 744/2133/1858 2048/2134/1859
f 1064/2135/1860 2049/2136/1861 2065/2137/1862
f 2050/2138/1863 1056/2139/1864 2064/2140/1865
f 2063/2141/1866 745/2142/1867 2052/2143/1868
f 845/2144/519 2053/2145/1869 2062/2146/1870
f 2061/2147/1871 317/2148/1872 2054/2149/1873
f 1055/2150/1874 2055/2151/1875 2060/2152/1876
f 1054/2153/106 2056/2154/108 2059/2155/108
f 2058/2156/105 314/2157/1877 2057/2158/105
f 1449/813/618 1053/2159/369 2058/2156/105
f 179/810/616 2059/2155/108 1448/811/108
f 180/807/614 2060/2152/1876 1447/808/615
f 1446/804/611 1056/2160/1864 2061/2147/1871
f 2051/2161/1878 2053/2145/1869 745/2142/1867
f 617/828/629 2062/2146/1870 2051/2161/1878
f 1445/801/609 845/2144/519 2062/2146/1870
f 2063/2141/1866 614/2162/1879 1442/851/652
f 1052/829/630 1442/851/652 313/2163/1880
f 1052/829/630 2051/2161/1878 2063/2141/1866
f 2064/2140/1865 181/795/603 1049/2164/1881
f 2052/2143/1868 1049/2164/1881 614/2162/1879
f 745/2142/1867 2064/2140/1865 2052/2143/1868
f 2047/2165/1882 2049/2136/1861 744/2133/1858
f 613/855/656 2065/2137/1862 2047/2165/1882
f 1441/792/600 1064/2135/1860 2065/2137/1862
f 1438/878/679 2048/2134/1859 610/2166/1883
f 312/2167/1884 2066/2132/1857 1438/878/679
f 1048/856/657 2047/2165/1882 2066/2132/1857
f 1045/2168/1885 1063/2130/1855 189/786/595
f 610/2166/1883 2067/2131/1856 1045/2168/1885
f 2048/2134/1859 2046/2129/1854 2067/2131/1856
f 2043/2169/1886 2045/2127/1852 743/2124/1849
f 609/882/683 2068/2128/1853 2043/2169/1886
f 191/2170/1887 2068/2128/1853 1437/783/592
f 1434/2171/1888 2044/2125/1850 606/906/707
f 311/780/589 2069/2123/1848 1434/2171/1888
f 1044/883/684 2043/2169/1886 2069/2123/1848
f 2070/2120/1845 212/777/586 1041/2172/1889
f 606/906/707 2070/2120/1845 1041/2172/1889
f 743/2124/1849 2070/2120/1845 2044/2125/1850
f 2071/2117/1843 742/2115/1841 2039/2173/1890
f 605/2174/1891 2071/2117/1843 2039/2173/1890
f 199/774/232 2071/2117/1843 1433/775/584
f 1430/2175/1892 2040/2116/1842 602/933/734
f 310/2176/1893 2072/2114/1840 1430/2175/1892
f 1040/909/710 2039/2173/1890 2072/2114/1840
f 1037/767/577 852/2113/1839 213/2177/1894
f 602/933/734 2073/2111/1837 1037/767/577
f 2040/2116/1842 2038/2178/1895 2073/2111/1837
f 1423/753/566 1063/2179/1855 2074/2108/1834
f 187/2180/1896 2075/2107/128 1416/738/128
f 185/2181/106 2076/2104/108 1409/723/108
f 1402/708/534 1057/2182/288 2077/2099/1828
f 2031/2183/1897 2033/2184/1898 741/2097/1826
f 1401/2185/1899 2031/2183/1897 577/2186/1900
f 1398/1100/888 2032/2098/1827 575/2187/1901
f 301/2188/1902 2079/2096/1825 1398/1100/888
f 1012/1092/880 2031/2183/1897 2079/2096/1825
f 1010/2189/1903 839/2095/1824 197/702/528
f 575/2187/1901 2080/2093/1822 1010/2189/1903
f 2032/2098/1827 2030/2190/1904 2080/2093/1822
f 2027/2090/1819 2029/2191/1905 740/2192/1906
f 1397/2193/1907 2027/2090/1819 574/1104/892
f 2082/2092/1821 572/1113/901 1394/2194/1908
f 300/2195/1909 2082/2092/1821 1394/2194/1908
f 1009/1105/893 2027/2090/1819 2082/2092/1821
f 2083/2087/1816 218/2196/1910 1007/695/521
f 2028/2091/1820 1007/695/521 572/1113/901
f 2028/2091/1820 2026/2197/1911 2083/2087/1816
f 206/2198/1912 2084/2086/1815 1393/693/520
f 1392/691/518 1093/2199/1913 2085/2081/1811
f 1391/688/515 1094/2200/1914 2086/2078/1808
f 222/2201/1915 2087/2077/1807 1387/678/505
f 1386/676/503 1097/2202/1916 2088/2072/1802
f 2018/2203/1917 2020/2204/1918 739/2070/1800
f 1382/2205/1919 2018/2203/1917 565/1167/950
f 2090/2069/1799 563/2206/1920 1379/1175/958
f 297/2207/1921 2090/2069/1799 1379/1175/958
f 1000/1168/951 2018/2203/1917 2090/2069/1799
f 998/2208/1922 838/2068/1798 196/663/490
f 563/2206/1920 2091/2066/1796 998/2208/1922
f 739/2070/1800 2091/2066/1796 2019/2071/1801
f 2014/2063/1793 2016/2209/1923 738/2210/1924
f 562/2211/1925 2092/2212/1926 2014/2063/1793
f 2093/2065/1795 560/1188/965 1375/2213/1927
f 997/1179/962 1375/2213/1927 296/2214/1928
f 562/2211/1925 2093/2065/1795 997/1179/962
f 2094/2060/1790 225/657/487 995/2215/1929
f 2015/2064/1794 995/2215/1929 560/1188/965
f 2015/2064/1794 2013/2216/1930 2094/2060/1790
f 207/2217/1931 2095/2059/108 1374/654/108
f 1373/652/485 1100/2218/1932 2096/2054/1786
f 1372/649/482 1101/2219/1933 2097/2051/1783
f 229/639/473 2098/2050/154 1368/640/154
f 230/2220/1934 2099/2047/1781 1367/636/470
f 2005/2042/1776 2007/2221/1935 737/2222/1936
f 553/1242/1016 2100/2223/1937 2005/2042/1776
f 2101/2044/1778 551/1251/1025 1360/2224/1938
f 988/1243/1017 1360/2224/1938 293/2225/1939
f 988/1243/1017 2005/2042/1776 2101/2044/1778
f 986/2226/1940 837/2040/1774 195/624/458
f 551/1251/1025 2102/2041/1775 986/2226/1940
f 737/2222/1936 2102/2041/1775 2006/2043/1777
f 2001/2227/1941 2003/2228/1942 736/2037/1771
f 550/1254/1028 2103/2229/1943 2001/2227/1941
f 2104/2036/1770 548/2230/1944 1356/1262/1031
f 985/1255/1029 1356/1262/1031 292/2231/1945
f 550/1254/1028 2104/2036/1770 985/1255/1029
f 983/2232/1946 863/2035/1769 232/618/452
f 548/2230/1944 2105/2033/1767 983/2232/1946
f 2002/2038/1772 2000/2233/1947 2105/2033/1767
f 208/2234/1948 2106/2030/128 1355/615/128
f 1354/613/449 1107/2235/1949 2107/2027/1763
f 1353/610/446 1108/2236/1950 2108/2024/1760
f 236/600/436 2109/2023/1759 1349/601/437
f 237/2237/1951 2110/2020/1756 1348/597/433
f 2111/2238/1952 735/2239/1953 1992/2015/1751
f 541/1317/1084 2111/2238/1952 1992/2015/1751
f 1341/2240/1954 1993/2016/1752 539/1326/1093
f 289/2241/1955 2112/2017/1753 1341/2240/1954
f 976/1318/1085 1992/2015/1751 2112/2017/1753
f 974/2242/1956 836/2013/1749 194/585/421
f 539/1326/1093 2113/2014/1750 974/2242/1956
f 735/2239/1953 2113/2014/1750 1993/2016/1752
f 2114/2243/1957 734/2244/1958 1988/2009/1745
f 538/2245/1959 2114/2243/1957 1988/2009/1745
f 2115/2011/1747 536/2246/1960 1337/1337/1102
f 973/1329/1096 1337/1337/1102 288/2247/1961
f 538/2245/1959 2115/2011/1747 973/1329/1096
f 971/2248/1962 868/2008/1744 239/579/416
f 1989/2010/1746 971/2248/1962 536/2246/1960
f 734/2244/1958 2116/2006/1742 1989/2010/1746
f 1336/576/413 1083/2003/1667 2117/2005/1741
f 1335/574/412 1114/2249/1963 2118/2000/1737
f 1334/571/409 1115/1997/1734 2119/1999/1736
f 243/2250/1964 2120/1996/1733 1330/561/400
f 244/558/397 2121/1991/1728 1329/559/398
f 1979/1985/1722 1981/1989/1726 733/2251/1965
f 529/2252/1966 2122/1990/1727 1979/1985/1722
f 246/549/388 2122/1990/1727 1325/550/389
f 2123/1987/1724 526/2253/1967 1322/1415/1179
f 964/1392/1156 1322/1415/1179 285/2254/1968
f 964/1392/1156 1979/1985/1722 2123/1987/1724
f 961/2255/1969 835/1983/1720 193/543/382
f 1980/1986/1723 961/2255/1969 526/2253/1967
f 733/2251/1965 2124/1984/1721 1980/1986/1723
f 1975/1976/1713 1977/1981/1718 732/2256/1970
f 1321/541/380 1975/1976/1713 525/2257/1971
f 1321/541/380 1121/2258/1972 2125/1979/1716
f 2126/1978/1715 522/2259/1973 1318/1442/1203
f 960/1419/1183 1318/1442/1203 284/2260/1974
f 960/1419/1183 1975/1976/1713 2126/1978/1715
f 957/2261/1975 875/1975/1712 248/534/373
f 1976/1977/1714 957/2261/1975 522/2259/1973
f 732/2256/1970 2127/1973/1710 1976/1977/1714
f 1971/1967/1705 1973/1971/1708 731/2262/1976
f 521/1446/1207 2128/1972/1709 1971/1967/1705
f 1317/531/370 820/1970/617 2128/1972/1709
f 2129/1969/1707 518/1470/1228 1314/2263/1977
f 283/2264/1978 2129/1969/1707 1314/2263/1977
f 956/1447/1208 1971/1967/1705 2129/1969/1707
f 2130/1966/1704 249/525/364 953/2265/1979
f 1972/1968/1706 953/2265/1979 518/1470/1228
f 731/2262/1976 2130/1966/1704 1972/1968/1706
f 1967/1958/1696 1969/1963/1701 730/2266/1980
f 517/1473/1231 2131/1961/1699 1967/1958/1696
f 250/2267/1981 2131/1961/1699 1313/522/361
f 2132/1960/1698 514/1497/1255 1310/2268/1982
f 282/519/358 2132/1960/1698 1310/2268/1982
f 952/1474/1232 1967/1958/1696 2132/1960/1698
f 2133/1955/1693 192/2269/1983 949/515/354
f 1968/1959/1697 949/515/354 514/1497/1255
f 730/2266/1980 2133/1955/1693 1968/1959/1697
f 2134/1952/1690 729/2270/1984 1963/1949/1687
f 513/1500/1258 2134/1952/1690 1963/1949/1687
f 251/2271/1985 2134/1952/1690 1309/513/352
f 2135/1951/1689 510/2272/1986 1306/1523/1281
f 281/510/349 2135/1951/1689 1306/1523/1281
f 948/1501/1259 1963/1949/1687 2135/1951/1689
f 2136/1948/1686 252/2273/1987 945/506/345
f 1964/1950/1688 945/506/345 510/2272/1986
f 729/2270/1984 2136/1948/1686 1964/1950/1688
f 1959/1940/1678 1961/1945/1683 728/2274/1988
f 509/1527/1285 2137/1943/1681 1959/1940/1678
f 1305/505/344 1085/2275/1989 2137/1943/1681
f 2138/1942/1680 506/1551/1309 1302/2276/1990
f 944/1528/1286 1302/2276/1990 280/2277/1991
f 509/1527/1285 2138/1942/1680 944/1528/1286
f 941/2278/1992 880/1938/1676 253/498/337
f 506/1551/1309 2139/1939/1677 941/2278/1992
f 1960/1941/1679 1958/1937/1675 2139/1939/1677
f 2140/1936/1674 727/2279/1993 1955/1931/1669
f 505/1554/1312 2140/1936/1674 1955/1931/1669
f 1301/495/334 1128/1934/1672 2140/1936/1674
f 2141/1933/1671 502/1578/1336 1298/2280/1994
f 279/2281/1995 2141/1933/1671 1298/2280/1994
f 940/1555/1313 1955/1931/1669 2141/1933/1671
f 2142/1930/1668 209/489/328 937/2282/1996
f 1956/1932/1670 937/2282/1996 502/1578/1336
f 727/2279/1993 2142/1930/1668 1956/1932/1670
f 2143/1927/1665 726/1923/1661 1951/2283/1997
f 501/1581/1339 2143/1927/1665 1951/2283/1997
f 1297/486/325 1129/1925/1663 2143/1927/1665
f 1294/1604/1362 1952/1924/1662 498/2284/1998
f 936/1582/1340 1294/1604/1362 278/2285/1999
f 936/1582/1340 1951/2283/1997 2144/1922/1660
f 2145/1921/1659 256/480/319 933/2286/2000
f 1952/1924/1662 933/2286/2000 498/2284/1998
f 726/1923/1661 2145/1921/1659 1952/1924/1662
f 2146/1916/1654 725/2287/2001 1947/1913/1651
f 1293/478/317 1947/1913/1651 497/1608/1366
f 1293/478/317 1084/2288/2002 2146/1916/1654
f 2147/1915/1653 494/1632/1390 1290/2289/2003
f 932/1609/1367 1290/2289/2003 277/474/313
f 497/1608/1366 2147/1915/1653 932/1609/1367
f 2148/1912/1650 257/471/310 929/2290/2004
f 1948/1914/1652 929/2290/2004 494/1632/1390
f 725/2287/2001 2148/1912/1650 1948/1914/1652
f 2149/1907/1645 724/2291/2005 1943/1904/1642
f 1289/469/308 1943/1904/1642 493/2292/2006
f 1289/469/308 1132/2293/2007 2149/1907/1645
f 1286/2294/2008 1944/1905/1643 490/1659/1417
f 276/465/304 2150/1906/1644 1286/2294/2008
f 493/2292/2006 2150/1906/1644 928/1635/1393
f 2151/1901/1640 205/2295/270 925/461/300
f 490/1659/1417 2151/1901/1640 925/461/300
f 1944/1905/1643 1942/2296/2009 2151/1901/1640
f 1939/2297/2010 1941/1899/1638 723/1896/1635
f 489/1662/1420 2152/1900/1639 1939/2297/2010
f 259/2298/2011 2152/1900/1639 1285/459/298
f 2153/1895/1634 486/2299/2012 1282/1685/1443
f 924/1663/1421 1282/1685/1443 275/2300/2013
f 924/1663/1421 1939/2297/2010 2153/1895/1634
f 921/452/291 887/1894/1633 260/2301/2014
f 1940/1897/1636 921/452/291 486/2299/2012
f 1940/1897/1636 1938/2302/2015 2154/1892/1631
f 1935/1886/1626 1937/1891/1630 722/2303/2016
f 485/2304/2017 2155/1889/1629 1935/1886/1626
f 1281/450/289 825/2305/533 2155/1889/1629
f 2156/1888/1628 482/1713/1470 1278/2306/2018
f 274/447/286 2156/1888/1628 1278/2306/2018
f 485/2304/2017 2156/1888/1628 920/1689/1447
f 2157/1883/1623 261/444/283 917/2307/2019
f 1936/1887/1627 917/2307/2019 482/1713/1470
f 722/2303/2016 2157/1883/1623 1936/1887/1627
f 2158/2308/180 721/2309/180 1931/1880/1620
f 1277/2310/2020 1931/1880/1620 481/2311/2021
f 1274/1724/1481 1932/1881/1621 479/2312/180
f 273/441/280 2159/1882/1622 1274/1724/1481
f 481/2311/2021 2159/1882/1622 916/1716/1473
f 2160/1879/180 198/2313/113 914/437/180
f 1932/1881/1621 914/437/180 479/2312/180
f 721/2309/180 2160/1879/180 1932/1881/1621
f 1927/2314/2022 1929/2315/2023 720/1875/1617
f 1273/2316/2024 1927/2314/2022 478/1728/1483
f 2162/1874/1616 476/2317/2025 1270/1736/1491
f 913/1729/1484 1270/1736/1491 272/435/276
f 913/1729/1484 1927/2314/2022 2162/1874/1616
f 2163/1871/1613 262/2318/2026 911/431/272
f 1928/1876/1618 911/431/272 476/2317/2025
f 1928/1876/1618 1926/2319/2027 2163/1871/1613
f 1269/430/271 1079/1868/1610 2164/1870/1612
f 2165/2320/128 719/1866/1608 1922/2321/2028
f 1268/2322/2029 1922/2321/2028 475/2323/2030
f 1265/2324/2031 1923/1867/1609 473/1752/1506
f 910/1743/1497 1265/2324/2031 271/426/267
f 475/2323/2030 2166/1865/1607 910/1743/1497
f 2167/1864/1606 188/423/264 908/2325/2032
f 1923/1867/1609 908/2325/2032 473/1752/1506
f 719/1866/1608 2167/1864/1606 1923/1867/1609
f 2168/2326/2033 718/2327/2034 1918/1859/1601
f 1264/2328/2035 1918/1859/1601 472/1755/1509
f 1261/1763/1517 1919/1860/1602 470/2329/2036
f 907/1756/1510 1261/1763/1517 270/420/261
f 472/1755/1509 2169/1861/1603 907/1756/1510
f 2170/1856/1598 263/2330/2037 905/416/257
f 1919/1860/1602 905/416/257 470/2329/2036
f 1919/1860/1602 1917/2331/2038 2170/1856/1598
f 1260/414/255 1077/2332/2039 2171/1853/1595
f 2172/2333/1593 717/2334/108 1913/1850/1592
f 1259/2335/2040 1913/1850/1592 469/2336/2041
f 1256/1778/1531 1914/1851/1593 467/2337/108
f 269/411/252 2173/1852/1594 1256/1778/1531
f 469/2336/2041 2173/1852/1594 904/1770/1523
f 2174/1849/108 186/2338/107 902/407/108
f 1914/1851/1593 902/407/108 467/2337/108
f 717/2334/108 2174/1849/108 1914/1851/1593
f 2175/2339/2042 716/1845/1590 1909/2340/2043
f 466/1782/1534 2175/2339/2042 1909/2340/2043
f 1252/2341/2044 1910/1846/1591 464/1791/1543
f 901/1783/1535 1252/2341/2044 268/2342/2045
f 466/1782/1534 2176/1844/1589 901/1783/1535
f 2177/1843/1588 264/2343/2046 899/401/245
f 1910/1846/1591 899/401/245 464/1791/1543
f 1910/1846/1591 1908/1841/1586 2177/1843/1588
f 201/2344/2047 2178/1840/108 1251/399/108
f 1904/1835/1582 1906/2345/2048 715/2346/2049
f 1250/2347/2050 1904/1835/1582 463/1797/1547
f 1247/1805/1555 1905/1836/1583 461/2348/2051
f 267/396/242 2180/1837/1584 1247/1805/1555
f 463/1797/1547 2180/1837/1584 898/1798/1548
f 2181/1834/1581 184/2349/104 896/392/239
f 1905/1836/1583 896/392/239 461/2348/2051
f 1905/1836/1583 1903/1832/1580 2181/1834/1581
f 2182/2350/2052 714/1830/1578 1900/2351/2053
f 1246/2352/2054 1900/2351/2053 460/1809/1559
f 2183/1829/1577 458/1818/1568 1243/2353/2055
f 895/1810/1560 1243/2353/2055 266/2354/2056
f 895/1810/1560 1900/2351/2053 2183/1829/1577
f 2184/1826/1574 265/2355/2057 893/386/233
f 1901/1831/1579 893/386/233 458/1818/1568
f 1901/1831/1579 1899/2356/2058 2184/1826/1574
f 199/384/232 2185/1825/105 1242/385/105
f 141/2357/124 2186/1820/1570 1185/273/132
f 266/2354/2056 2187/1817/1567 1245/390/237
f 1071/703/529 1244/2358/2059 2188/1814/1564
f 1892/1811/1561 1894/2359/2060 713/2360/2061
f 405/2094/1823 2189/2361/2062 1892/1811/1561
f 1244/2358/2059 1893/1812/1562 459/1815/1565
f 197/702/528 2190/1813/1563 1244/2358/2059
f 839/2095/1824 1892/1811/1561 2190/1813/1563
f 2191/1808/1558 266/2354/2056 894/389/236
f 459/1815/1565 2191/1808/1558 894/389/236
f 1893/1812/1562 1891/2362/2063 2191/1808/1558
f 1249/397/243 1247/1805/1555 2192/1807/1557
f 265/2355/2057 2193/1804/1554 1139/387/234
f 1886/1799/1549 1888/2363/2064 712/2364/2065
f 457/1827/1575 2194/2365/2066 1886/1799/1549
f 2195/1801/1551 462/2366/2067 1248/1802/1552
f 265/2355/2057 2195/1801/1551 1248/1802/1552
f 457/1827/1575 2195/1801/1551 892/1828/1576
f 897/2367/2068 898/1798/1548 267/396/242
f 1887/1800/1550 897/2367/2068 462/2366/2067
f 1887/1800/1550 1885/2368/2069 2196/1796/1546
f 142/270/130 2197/1795/108 1184/271/108
f 268/2342/2045 2198/1790/1542 1254/405/249
f 1070/664/491 1253/2369/2070 2199/1787/1539
f 2200/2370/2071 711/2371/2072 1879/1784/1536
f 404/2067/1797 2200/2370/2071 1879/1784/1536
f 2201/1786/1538 465/1788/1540 1253/2369/2070
f 838/2068/1798 1253/2369/2070 196/663/490
f 404/2067/1797 2201/1786/1538 838/2068/1798
f 2202/1781/1533 268/2342/2045 900/404/248
f 1880/1785/1537 900/404/248 465/1788/1540
f 1880/1785/1537 1878/2372/2073 2202/1781/1533
f 269/411/252 2203/1780/1532 1258/412/253
f 264/2343/2046 2204/1775/1528 1138/402/246
f 1873/1772/1525 1875/2373/2074 710/2374/2075
f 1238/2375/2076 1873/1772/1525 456/2376/2077
f 2206/1774/1527 468/1776/1529 1257/2377/2078
f 264/2343/2046 2206/1774/1527 1257/2377/2078
f 456/2376/2077 2206/1774/1527 891/1842/1587
f 903/2378/2079 904/1770/1523 269/411/252
f 1874/1773/1526 903/2378/2079 468/1776/1529
f 1874/1773/1526 1872/1769/1522 2207/1771/1524
f 1183/268/128 1169/1766/1520 2208/1768/128
f 1263/421/262 1261/1763/1517 2209/1765/1519
f 1069/625/459 1262/2379/2080 2210/1760/1514
f 2211/2380/2081 709/1758/1512 1866/2381/2082
f 403/2382/2083 2211/2380/2081 1866/2381/2082
f 2212/1757/1511 471/1761/1515 1262/2379/2080
f 837/2040/1774 1262/2379/2080 195/624/458
f 403/2382/2083 2212/1757/1511 837/2040/1774
f 2213/1754/1508 270/420/261 906/2383/2084
f 1867/1759/1513 906/2383/2084 471/1761/1515
f 1867/1759/1513 1865/2384/2085 2213/1754/1508
f 271/426/267 2214/1751/1505 1267/427/268
f 263/2330/2037 2215/1748/1502 1137/417/258
f 2216/2385/2086 708/1746/1500 1860/2386/2087
f 455/1857/1599 2216/2385/2086 1860/2386/2087
f 2217/1745/1499 474/1749/1503 1266/2387/2088
f 263/2330/2037 2217/1745/1499 1266/2387/2088
f 455/1857/1599 2217/1745/1499 890/1858/1600
f 909/2388/2089 910/1743/1497 271/426/267
f 1861/1747/1501 909/2388/2089 474/1749/1503
f 708/1746/1500 2218/1744/1498 1861/1747/1501
f 144/2389/118 2219/1741/1495 1182/264/126
f 1272/436/277 1270/1736/1491 2220/1738/1493
f 1068/586/422 1271/2390/2090 2221/1733/1488
f 1853/2391/2091 1855/2392/2092 707/1731/1486
f 402/2393/2093 2222/2394/2094 1853/2391/2091
f 1271/2390/2090 1854/1732/1487 477/1734/1489
f 836/2013/1749 1271/2390/2090 194/585/421
f 402/2393/2093 2223/1730/1485 836/2013/1749
f 2224/1727/1482 272/435/276 912/2395/2095
f 1854/1732/1487 912/2395/2095 477/1734/1489
f 1854/1732/1487 1852/2396/2096 2224/1727/1482
f 1276/442/281 1274/1724/1481 2225/1726/180
f 1136/432/273 1275/2397/2097 2226/1721/1478
f 2227/2398/2098 706/2399/2099 1847/1718/1475
f 1234/2400/2100 1847/1718/1475 454/1872/1614
f 1275/2397/2097 1848/1719/1476 480/1722/1479
f 262/2318/2026 2228/1720/1477 1275/2397/2097
f 454/1872/1614 2228/1720/1477 889/1873/1615
f 915/2401/2101 916/1716/1473 273/441/280
f 480/1722/1479 2229/1717/1474 915/2401/2101
f 706/2399/2099 2229/1717/1474 1848/1719/1476
f 1843/1709/1466 1845/1714/1471 705/2402/2102
f 484/2403/2103 2230/1712/1469 1843/1709/1466
f 1280/448/287 1278/2306/2018 2230/1712/1469
f 2231/1711/1468 383/2404/2104 1133/1898/1637
f 919/1698/1455 1133/1898/1637 259/2298/2011
f 919/1698/1455 1843/1709/1466 2231/1711/1468
f 2232/1706/1463 177/2405/2105 817/365/215
f 1844/1710/1467 817/365/215 383/2404/2104
f 705/2402/2102 2232/1706/1463 1844/1710/1467
f 1839/1700/1457 1841/1705/1462 704/2406/2106
f 1087/768/578 1839/1700/1457 341/927/728
f 213/2177/1894 2233/1703/1460 1087/768/578
f 2234/1702/1459 451/2407/2107 1231/1667/1425
f 161/336/187 2234/1702/1459 1231/1667/1425
f 775/928/729 1839/1700/1457 2234/1702/1459
f 2235/1699/1456 259/2298/2011 886/458/297
f 1840/1701/1458 886/458/297 451/2407/2107
f 704/2406/2106 2235/1699/1456 1840/1701/1458
f 2236/1696/1453 703/1692/1450 1835/2408/2108
f 417/2112/1838 2236/1696/1453 1835/2408/2108
f 1181/262/125 751/1694/131 2236/1696/1453
f 2237/1691/1449 483/1704/1461 1279/2409/2109
f 213/2177/1894 2237/1691/1449 1279/2409/2109
f 852/2113/1839 1835/2408/2108 2237/1691/1449
f 918/2410/2110 920/1689/1447 274/447/286
f 1836/1693/1451 918/2410/2110 483/1704/1461
f 703/1692/1450 2238/1690/1448 1836/1693/1451
f 1831/2411/2111 1833/1686/1444 702/1683/1441
f 1284/456/295 1831/2411/2111 488/1671/1429
f 275/2300/2013 2239/1687/1445 1284/456/295
f 1084/2288/2002 1832/1684/1442 338/1917/1655
f 210/477/316 2240/1682/1440 1084/2288/2002
f 923/1672/1430 1831/2411/2111 2240/1682/1440
f 2241/1679/1437 158/360/210 772/2412/2112
f 338/1917/1655 2241/1679/1437 772/2412/2112
f 1832/1684/1442 1830/2413/2113 2241/1679/1437
f 2242/1676/1434 701/2414/2114 1827/1673/1431
f 1067/544/383 1827/1673/1431 325/2415/2115
f 1067/544/383 1283/2416/2116 2242/1676/1434
f 1178/2417/2117 1828/1674/1432 414/1614/1372
f 145/2418/2118 2243/1675/1433 1178/2417/2117
f 325/2415/2115 2243/1675/1433 758/1410/1174
f 2244/1670/1428 210/477/316 849/2419/2119
f 1828/1674/1432 849/2419/2119 414/1614/1372
f 1828/1674/1432 1826/2420/2120 2244/1670/1428
f 2245/1669/1427 700/2421/2121 1823/1664/1422
f 1158/337/188 1823/1664/1422 401/2422/2122
f 161/336/187 2245/1669/1427 1158/337/188
f 2246/1666/1424 487/1677/1435 1283/2416/2116
f 835/1983/1720 1283/2416/2116 193/543/382
f 401/2422/2122 2246/1666/1424 835/1983/1720
f 922/455/294 924/1663/1421 275/2300/2013
f 487/1677/1435 2247/1661/1419 922/455/294
f 1824/1665/1423 1822/2423/2123 2247/1661/1419
f 1819/1655/1413 1821/1660/1418 699/2424/2124
f 492/2425/2125 2248/1658/1416 1819/1655/1413
f 1288/466/305 1286/2294/2008 2248/1658/1416
f 2249/1657/1415 322/2426/2126 1064/2135/1860
f 927/1644/1402 1064/2135/1860 190/2427/2127
f 492/2425/2125 2249/1657/1415 927/1644/1402
f 755/2428/2128 1170/1653/1411 144/255/118
f 1820/1656/1414 755/2428/2128 322/2426/2126
f 699/2424/2124 2250/1654/1412 1820/1656/1414
f 1815/1646/1404 1817/1651/1409 698/2429/2129
f 1134/453/292 1815/1646/1404 384/1680/1438
f 260/2301/2014 2251/1649/1407 1134/453/292
f 2252/1648/1406 398/2430/2130 1155/860/661
f 818/1681/1439 1155/860/661 158/360/210
f 384/1680/1438 2252/1648/1406 818/1681/1439
f 2253/1645/1403 190/2427/2127 832/791/599
f 1816/1647/1405 832/791/599 398/2430/2130
f 698/2429/2129 2253/1645/1403 1816/1647/1405
f 2254/1640/1398 697/2431/2131 1811/1637/1395
f 1232/366/216 1811/1637/1395 452/1893/1632
f 1232/366/216 1230/2432/2132 2254/1640/1398
f 2255/1639/1397 491/1650/1408 1287/2433/2133
f 887/1894/1633 1287/2433/2133 260/2301/2014
f 452/1893/1632 2255/1639/1397 887/1894/1633
f 2256/1636/1394 276/465/304 926/2434/2134
f 1812/1638/1396 926/2434/2134 491/1650/1408
f 697/2431/2131 2256/1636/1394 1812/1638/1396
f 1807/1628/1386 1809/1633/1391 696/2435/2135
f 496/1617/1375 2257/1631/1389 1807/1628/1386
f 277/474/313 2257/1631/1389 1292/475/314
f 1129/1925/1663 1808/1629/1387 379/2436/2136
f 255/2437/2137 2258/1630/1388 1129/1925/1663
f 496/1617/1375 2258/1630/1388 931/1618/1376
f 2259/1625/1383 176/2438/2138 813/356/206
f 1808/1629/1387 813/356/206 379/2436/2136
f 1808/1629/1387 1806/2439/2139 2259/1625/1383
f 1803/2440/2140 1805/1624/1382 695/1620/1378
f 340/2441/2141 2260/1622/1380 1803/2440/2140
f 212/777/586 2260/1622/1380 1086/778/587
f 2261/1619/1377 447/2442/2142 1227/1586/1344
f 160/345/196 2261/1619/1377 1227/1586/1344
f 774/900/701 1803/2440/2140 2261/1619/1377
f 2262/1616/1374 255/2437/2137 882/485/324
f 1804/1621/1379 882/485/324 447/2442/2142
f 1804/1621/1379 1802/2443/2143 2262/1616/1374
f 2263/1613/1371 694/2444/2144 1799/1610/1368
f 1180/258/121 1799/1610/1368 416/2121/1846
f 145/2418/2118 2263/1613/1371 1180/258/121
f 2264/1612/1370 495/1623/1381 1291/2445/2145
f 851/2122/1847 1291/2445/2145 212/777/586
f 416/2121/1846 2264/1612/1370 851/2122/1847
f 2265/1607/1365 277/474/313 930/2446/2146
f 1800/1611/1369 930/2446/2146 495/1623/1381
f 694/2444/2144 2265/1607/1365 1800/1611/1369
f 2266/1606/1364 693/2447/2147 1795/1601/1359
f 1296/483/322 1795/1601/1359 500/1590/1348
f 278/2285/1999 2266/1606/1364 1296/483/322
f 1077/2332/2039 1796/1602/1360 331/1854/1596
f 203/2448/2148 2267/1603/1361 1077/2332/2039
f 500/1590/1348 2267/1603/1361 935/1591/1349
f 2268/1600/1358 150/2449/2149 764/374/224
f 331/1854/1596 2268/1600/1358 764/374/224
f 1796/1602/1360 1794/1598/1356 2268/1600/1358
f 2269/1595/1353 692/1593/1351 1791/2450/2150
f 1066/516/355 1791/2450/2150 324/1491/1249
f 1066/516/355 1295/2451/2151 2269/1595/1353
f 2270/1592/1350 408/2452/2152 1169/1766/1520
f 143/267/129 2270/1592/1350 1169/1766/1520
f 757/1492/1250 1791/2450/2150 2270/1592/1350
f 2271/1589/1347 203/2448/2148 843/413/254
f 1792/1594/1352 843/413/254 408/2452/2152
f 1792/1594/1352 1790/2453/2153 2271/1589/1347
f 2272/1588/1346 691/1584/1342 1787/2454/2154
f 400/1956/1694 2272/1588/1346 1787/2454/2154
f 1157/346/197 1227/1586/1344 2272/1588/1346
f 1295/2451/2151 1788/1585/1343 499/1596/1354
f 192/2269/1983 2273/1583/1341 1295/2451/2151
f 834/1957/1695 1787/2454/2154 2273/1583/1341
f 934/482/321 936/1582/1340 278/2285/1999
f 499/1596/1354 2274/1580/1338 934/482/321
f 1788/1585/1343 1786/2455/2155 2274/1580/1338
f 1783/2456/2156 1785/1579/1337 690/1575/1333
f 1300/492/331 1783/2456/2156 504/2457/2157
f 279/2281/1995 2275/1577/1335 1300/492/331
f 2276/1574/1332 316/2458/2158 1055/2150/1874
f 180/807/614 2276/1574/1332 1055/2150/1874
f 939/1563/1321 1783/2456/2156 2276/1574/1332
f 2277/1573/1331 139/246/110 749/2459/2159
f 1784/1576/1334 749/2459/2159 316/2458/2158
f 690/1575/1333 2277/1573/1331 1784/1576/1334
f 2278/1570/1328 689/2460/2160 1779/1565/1323
f 380/2461/2161 2278/1570/1328 1779/1565/1323
f 256/480/319 2278/1570/1328 1130/481/320
f 2279/1567/1325 388/2462/2162 1144/821/623
f 814/1599/1357 1144/821/623 150/2449/2149
f 380/2461/2161 2279/1567/1325 814/1599/1357
f 822/2463/2163 939/1563/1321 180/807/614
f 388/2462/2162 2280/1564/1322 822/2463/2163
f 689/2460/2160 2280/1564/1322 1780/1566/1324
f 2281/1559/1317 688/2464/2164 1775/1556/1314
f 1228/357/207 1775/1556/1314 448/2465/2165
f 176/2438/2138 2281/1559/1317 1228/357/207
f 1299/1568/1326 1776/1557/1315 503/2466/2166
f 883/1920/1658 1299/1568/1326 256/480/319
f 448/2465/2165 2282/1558/1316 883/1920/1658
f 938/491/330 940/1555/1313 279/2281/1995
f 1776/1557/1315 938/491/330 503/2466/2166
f 1776/1557/1315 1774/2467/2167 2283/1553/1311
f 1771/2468/2168 1773/1552/1310 687/1548/1306
f 508/2469/2169 2284/1550/1308 1771/2468/2168
f 1304/501/340 1302/2276/1990 2284/1550/1308
f 2285/1547/1305 375/1953/1691 1125/2470/2170
f 943/1536/1294 1125/2470/2170 251/2271/1985
f 508/2469/2169 2285/1547/1305 943/1536/1294
f 809/2471/2171 811/1545/1303 175/348/199
f 375/1953/1691 2286/1546/1304 809/2471/2171
f 1772/1549/1307 1770/1544/1302 2286/1546/1304
f 2287/1543/1301 686/1539/1297 1767/2472/2172
f 1075/2473/1585 1767/2472/2172 329/2474/2173
f 201/2475/2047 2287/1543/1301 1075/2473/1585
f 1223/2476/2174 1768/1540/1298 443/1506/1264
f 148/2477/2175 2288/1538/1296 1223/2476/2174
f 762/2478/227 1767/2472/2172 2288/1538/1296
f 2289/1537/1295 251/2271/1985 878/512/351
f 1768/1540/1298 878/512/351 443/1506/1264
f 686/1539/1297 2289/1537/1295 1768/1540/1298
f 1763/2479/2176 1765/1533/1291 685/1530/1288
f 1168/2480/1545 1763/2479/2176 407/2481/2177
f 142/2482/130 2290/1534/1292 1168/2480/1545
f 1303/1541/1299 1764/1531/1289 507/2483/2178
f 201/2475/2047 2291/1529/1287 1303/1541/1299
f 842/2484/244 1763/2479/2176 2291/1529/1287
f 942/500/339 944/1528/1286 280/2277/1991
f 507/2483/2178 2292/1526/1284 942/500/339
f 1764/1531/1289 1762/2485/2179 2292/1526/1284
f 1759/2486/2180 1761/1524/1282 684/1521/1279
f 512/2487/2181 2293/1525/1283 1759/2486/2180
f 1308/511/350 1306/1523/1281 2293/1525/1283
f 1082/2488/2182 1760/1522/1280 336/2031/1766
f 947/1509/1267 1082/2488/2182 208/2234/1948
f 512/2487/2181 2294/1520/1278 947/1509/1267
f 770/2489/2183 810/1519/1277 156/306/158
f 336/2031/1766 2295/1517/1275 770/2489/2183
f 1760/1522/1280 1758/2490/2184 2295/1517/1275
f 1755/1511/1269 1757/1516/1274 683/2491/2185
f 1054/2492/106 1755/1511/1269 315/2493/106
f 179/2494/616 2296/1514/1272 1054/2492/106
f 2297/1513/1271 412/2495/2186 1175/1265/1034
f 748/2496/106 1175/1265/1034 140/2497/2187
f 315/2493/106 2297/1513/1271 748/2496/106
f 2298/1510/1268 208/2234/1948 847/614/450
f 1756/1512/1270 847/614/450 412/2495/2186
f 683/2491/2185 2298/1510/1268 1756/1512/1270
f 2299/1505/1263 682/2498/2188 1751/1502/1260
f 1142/2499/2189 1751/1502/1260 387/2500/621
f 1142/2499/2189 1223/2476/2174 2299/1505/1263
f 2300/1504/1262 511/1515/1273 1307/2501/2190
f 821/2502/2191 1307/2501/2190 179/2494/616
f 387/2500/621 2300/1504/1262 821/2502/2191
f 946/2503/2192 948/1501/1259 281/510/349
f 511/1515/1273 2301/1499/1257 946/2503/2192
f 1752/1503/1261 1750/2504/2193 2301/1499/1257
f 2302/1496/1254 681/1494/1252 1747/2505/2194
f 516/2506/2195 2302/1496/1254 1747/2505/2194
f 1312/520/359 1310/2268/1982 2302/1496/1254
f 2303/1493/1251 320/2507/2196 1061/2105/1832
f 951/1482/1240 1061/2105/1832 187/2180/1896
f 951/1482/1240 1747/2505/2194 2303/1493/1251
f 753/2508/2197 757/1492/1250 143/267/129
f 320/2507/2196 2304/1490/1248 753/2508/2197
f 681/1494/1252 2304/1490/1248 1748/1495/1253
f 1743/1484/1242 1745/1489/1247 680/2509/2198
f 1126/507/346 1743/1484/1242 376/1518/1276
f 252/2273/1987 2305/1487/1245 1126/507/346
f 2306/1486/1244 395/2510/2199 1152/1010/807
f 156/306/158 2306/1486/1244 1152/1010/807
f 810/1519/1277 1743/1484/1242 2306/1486/1244
f 2307/1483/1241 187/2180/1896 829/737/554
f 1744/1485/1243 829/737/554 395/2510/2199
f 680/2509/2198 2307/1483/1241 1744/1485/1243
f 1739/2511/2200 1741/1479/1237 679/1476/1234
f 1224/349/200 1739/2511/2200 444/2512/2201
f 1224/349/200 1222/1478/1236 2308/1480/1238
f 1311/2513/2202 1740/1477/1235 515/1488/1246
f 879/1947/1685 1311/2513/2202 252/2273/1987
f 444/2512/2201 2309/1475/1233 879/1947/1685
f 950/2514/2203 952/1474/1232 282/519/358
f 515/1488/1246 2310/1472/1230 950/2514/2203
f 1740/1477/1235 1738/2515/2204 2310/1472/1230
f 2311/1469/1227 678/1467/1225 1735/2516/2205
f 1316/528/367 1735/2516/2205 520/2517/2206
f 283/2264/1978 2311/1469/1227 1316/528/367
f 1121/2258/1972 1736/1468/1226 371/1980/1717
f 247/540/379 2312/1466/1224 1121/2258/1972
f 520/2517/2206 2312/1466/1224 955/1455/1214
f 2313/1463/1221 174/339/190 805/2518/2207
f 1736/1468/1226 805/2518/2207 371/1980/1717
f 1736/1468/1226 1734/2519/2208 2313/1463/1221
f 2314/1460/1218 677/2520/2209 1731/1457/1216
f 1081/2521/1789 1731/1457/1216 335/2522/106
f 1081/2521/1789 1315/2523/2210 2314/1460/1218
f 2315/1459/1185 439/2524/2211 1219/1424/1185
f 769/2525/106 1219/1424/1185 155/2526/106
f 335/2522/106 2315/1459/1185 769/2525/106
f 874/2527/2212 955/1455/1214 247/540/379
f 439/2524/2211 2316/1456/1215 874/2527/2212
f 677/2520/2209 2316/1456/1215 1732/1458/1217
f 1727/2528/2213 1729/1452/1212 676/1449/1210
f 1173/2529/106 1727/2528/2213 411/2530/106
f 138/2531/2214 2317/1453/1185 1173/2529/106
f 1315/2523/2210 1728/1450/1211 519/1461/1219
f 207/2532/1931 2318/1448/1209 1315/2523/2210
f 411/2530/106 2318/1448/1209 846/2533/106
f 954/527/366 956/1447/1208 283/2264/1978
f 519/1461/1219 2319/1445/1206 954/527/366
f 1728/1450/1211 1726/2534/2215 2319/1445/1206
f 1723/2535/2216 1725/1443/1204 675/1440/1201
f 1320/537/376 1723/2535/2216 524/2536/2217
f 284/2260/1974 2320/1444/1205 1320/537/376
f 2321/1439/1200 339/1944/1682 1085/2275/1989
f 211/504/343 2321/1439/1200 1085/2275/1989
f 959/1428/1189 1723/2535/2216 2321/1439/1200
f 773/350/201 806/1438/1199 159/2537/2218
f 1724/1441/1202 773/350/201 339/1944/1682
f 1724/1441/1202 1722/2538/2219 2322/1436/1197
f 1719/2539/2220 1721/1435/1196 674/1431/1192
f 319/2540/2221 2323/1433/1194 1719/2539/2220
f 1059/2541/1831 1319/2542/2222 2323/1433/1194
f 2324/1430/1191 415/2543/2223 1179/1532/1290
f 752/2544/2224 1179/1532/1290 142/2482/130
f 752/2544/2224 1719/2539/2220 2324/1430/1191
f 2325/1429/1190 211/504/343 850/2545/2225
f 1720/1432/1193 850/2545/2225 415/2543/2223
f 674/1431/1192 2325/1429/1190 1720/1432/1193
f 2326/1426/1185 673/2546/2226 1715/1421/1185
f 1150/2547/106 1715/1421/1185 393/2548/106
f 155/2526/106 2326/1426/1185 1150/2547/106
f 1319/2542/2222 1716/1422/1186 523/1434/1195
f 827/2549/106 1319/2542/2222 185/2550/106
f 393/2548/106 2327/1423/1185 827/2549/106
f 2328/1420/1184 284/2260/1974 958/536/375
f 523/1434/1195 2328/1420/1184 958/536/375
f 673/2546/2226 2328/1420/1184 1716/1422/1186
f 1711/2551/2227 1713/1416/1180 672/1413/1177
f 1324/546/385 1711/2551/2227 528/1401/1165
f 285/2254/1968 2329/1417/1181 1324/546/385
f 2330/1412/1176 323/2552/2228 1065/2126/1851
f 963/1402/1166 1065/2126/1851 191/2170/1887
f 963/1402/1166 1711/2551/2227 2330/1412/1176
f 756/257/120 758/1410/1174 145/2418/2118
f 323/2552/2228 2331/1411/1175 756/257/120
f 672/1413/1177 2331/1411/1175 1712/1414/1178
f 2332/1408/1172 671/2553/2229 1707/1403/1167
f 1122/535/374 1707/1403/1167 372/1437/1198
f 248/534/373 2332/1408/1172 1122/535/374
f 1156/2554/2230 1708/1404/1168 399/888/689
f 159/2537/2218 2333/1405/1169 1156/2554/2230
f 372/1437/1198 2333/1405/1169 806/1438/1199
f 2334/1400/1164 191/2170/1887 833/782/591
f 399/888/689 2334/1400/1164 833/782/591
f 1708/1404/1168 1706/2555/2231 2334/1400/1164
f 2335/1399/1163 670/1395/1159 1703/2556/2232
f 1220/340/191 1703/2556/2232 440/1974/1711
f 174/339/190 2335/1399/1163 1220/340/191
f 1323/1406/1170 1704/1396/1160 527/2557/2233
f 248/534/373 2336/1394/1158 1323/1406/1170
f 875/1975/1712 1703/2556/2232 2336/1394/1158
f 962/545/384 964/1392/1156 285/2254/1968
f 527/2557/2233 2337/1393/1157 962/545/384
f 1704/1396/1160 1702/1391/1155 2337/1393/1157
f 1699/1385/1149 1701/1390/1154 669/2558/2234
f 532/2559/2235 2338/1388/1152 1699/1385/1149
f 1328/556/395 1326/2560/2236 2338/1388/1152
f 2339/1387/1151 368/1992/1729 1118/2561/2237
f 244/558/397 2339/1387/1151 1118/2561/2237
f 532/2559/2235 2339/1387/1151 967/1374/1138
f 2340/1382/1146 173/2562/2238 802/332/183
f 368/1992/1729 2340/1382/1146 802/332/183
f 1700/1386/1150 1698/2563/2239 2340/1382/1146
f 1695/2564/2240 1697/1380/1144 668/1377/1141
f 342/963/761 2341/1381/1145 1695/2564/2240
f 1088/757/570 1327/1379/1143 2341/1381/1145
f 2342/1376/1140 437/2565/2241 1216/1370/1134
f 776/964/762 1216/1370/1134 162/2566/2242
f 776/964/762 1695/2564/2240 2342/1376/1140
f 2343/1375/1139 244/558/397 872/2567/2243
f 1696/1378/1142 872/2567/2243 437/2565/2241
f 1696/1378/1142 1694/1373/1137 2343/1375/1139
f 162/2566/2242 2344/1372/1136 1159/324/175
f 173/2562/2238 2345/1369/1133 1217/333/184
f 1689/2568/2244 1691/1366/1131 667/1362/1127
f 1333/568/406 1689/2568/2244 535/2569/2245
f 1333/568/406 1331/2570/2246 2346/1364/1129
f 1115/1997/1734 1690/1363/1128 365/2571/2247
f 970/1350/1115 1115/1997/1734 241/570/408
f 535/2569/2245 2347/1361/1126 970/1350/1115
f 799/326/177 800/1359/1124 172/2572/2248
f 365/2571/2247 2348/1360/1125 799/326/177
f 1690/1363/1128 1688/1358/1123 2348/1360/1125
f 2349/1355/1120 666/1353/1118 1685/2573/2249
f 1078/747/561 1685/2573/2249 332/2574/2250
f 1078/747/561 1332/2575/2251 2349/1355/1120
f 1213/1346/1111 1686/1354/1119 435/2576/2252
f 151/2577/2253 2350/1352/1117 1213/1346/1111
f 765/984/781 1685/2573/2249 2350/1352/1117
f 2351/1351/1116 241/570/408 870/2578/2254
f 435/2576/2252 2351/1351/1116 870/2578/2254
f 1686/1354/1119 1684/1349/1114 2351/1351/1116
f 1145/315/166 1213/1346/1111 2352/1348/1113
f 1214/327/178 1212/2579/2255 2353/1343/1108
f 139/246/110 2354/1340/1105 1176/247/111
f 288/2247/1961 2355/1339/1104 1339/582/419
f 1062/424/265 1338/1334/1101 2356/1336/180
f 1676/2580/2256 1678/2581/2257 665/1332/1099
f 396/2582/2258 2357/2583/2259 1676/2580/2256
f 1338/1334/1101 1677/1333/1100 537/2584/2260
f 830/1863/1605 1338/1334/1101 188/423/264
f 830/1863/1605 1676/2580/2256 2358/1331/1098
f 2359/1330/1097 288/2247/1961 972/581/418
f 537/2584/2260 2359/1330/1097 972/581/418
f 1677/1333/1100 1675/1328/1095 2359/1330/1097
f 1343/588/424 1341/2240/1954 2360/1325/1092
f 1113/580/417 1342/2585/2261 2361/1322/1089
f 2362/2586/2262 664/1320/1087 1670/2587/2263
f 1210/2588/2264 1670/2587/2263 433/2007/1743
f 1342/2585/2261 1671/1321/1088 540/1323/1090
f 239/579/416 2363/1319/1086 1342/2585/2261
f 868/2008/1744 1670/2587/2263 2363/1319/1086
f 975/587/423 976/1318/1085 289/2241/1955
f 540/1323/1090 2364/1316/1083 975/587/423
f 1671/1321/1088 1669/2589/2265 2364/1316/1083
f 1666/2590/2266 1668/1315/1082 663/1311/1078
f 544/2591/2267 2365/1313/1080 1666/2590/2266
f 1347/594/430 1345/2592/2268 2365/1313/1080
f 1111/2018/1754 1667/1312/1079 362/2593/2269
f 979/1299/1066 1111/2018/1754 237/2237/1951
f 544/2591/2267 2366/1310/1077 979/1299/1066
f 2367/1307/1074 171/318/169 796/2594/2270
f 1667/1312/1079 796/2594/2270 362/2593/2269
f 1667/1312/1079 1665/2595/2271 2367/1307/1074
f 1662/2596/2272 1664/1305/1072 662/1302/1069
f 343/1002/799 2368/1306/1073 1662/2596/2272
f 1089/741/556 1346/1304/1071 2368/1306/1073
f 1208/2597/2273 1663/1303/1070 432/1296/1063
f 163/2598/2274 2369/1301/1068 1208/2597/2273
f 777/1003/800 1662/2596/2272 2369/1301/1068
f 2370/1300/1067 237/2237/1951 867/596/432
f 1663/1303/1070 867/596/432 432/1296/1063
f 1663/1303/1070 1661/1298/1065 2370/1300/1067
f 1161/309/160 1208/2597/2273 2371/1295/1062
f 1209/319/170 1207/1292/1059 2372/1294/1061
f 1656/2599/2275 1658/1291/1058 661/1287/1054
f 1352/607/443 1656/2599/2275 547/2600/2276
f 1352/607/443 1350/2601/2277 2373/1289/1056
f 1108/2236/1950 1657/1288/1055 359/2025/1761
f 982/1275/1042 1108/2236/1950 234/609/445
f 982/1275/1042 1656/2599/2275 2374/1286/1053
f 793/311/162 794/1285/1052 170/2602/2278
f 359/2025/1761 2375/1283/1050 793/311/162
f 1657/1288/1055 1655/2603/2279 2375/1283/1050
f 2376/1280/1047 660/1278/1045 1652/2604/2280
f 1076/732/550 1652/2604/2280 330/2605/2281
f 1076/732/550 1351/2606/2282 2376/1280/1047
f 1205/2607/2283 1653/1279/1046 430/1272/1039
f 149/2608/107 2377/1277/1044 1205/2607/2283
f 330/2605/2281 2377/1277/1044 763/1023/107
f 865/2609/2284 982/1275/1042 234/609/445
f 430/1272/1039 2378/1276/1043 865/2609/2284
f 1653/1279/1046 1651/1274/1041 2378/1276/1043
f 149/2608/107 2379/1271/1038 1143/300/153
f 1206/312/163 1204/1268/1035 2380/1270/1037
f 140/2497/2187 2381/1267/128 1174/243/107
f 292/2231/1945 2382/1264/1033 1358/621/455
f 186/2338/107 2383/1261/128 1060/408/107
f 2384/2610/128 659/2611/2285 1643/1256/128
f 1151/2612/107 1643/1256/128 394/2613/107
f 2385/1258/128 549/2614/2286 1357/1259/128
f 828/1848/107 1357/1259/128 186/2338/107
f 394/2613/107 2385/1258/128 828/1848/107
f 2386/1253/1027 292/2231/1945 984/620/454
f 1644/1257/1030 984/620/454 549/2614/2286
f 1644/1257/1030 1642/2615/2287 2386/1253/1027
f 293/2225/1939 2387/1250/1024 1362/627/461
f 1106/619/453 1361/1247/1021 2388/1249/1023
f 2389/2616/2288 658/1245/1019 1637/2617/2289
f 1202/2618/2290 1637/2617/2289 428/2034/1768
f 1361/1247/1021 1638/1246/1020 552/2619/2291
f 232/618/452 2390/1244/1018 1361/1247/1021
f 863/2035/1769 1637/2617/2289 2390/1244/1018
f 987/626/460 988/1243/1017 293/2225/1939
f 1638/1246/1020 987/626/460 552/2619/2291
f 1638/1246/1020 1636/2620/2292 2391/1241/1015
f 1633/1235/1009 1635/1240/1014 657/2621/2293
f 556/2622/2294 2392/1238/1012 1633/1235/1009
f 1366/634/468 1364/2623/2295 2392/1238/1012
f 1104/2045/1779 1634/1236/1010 356/2624/2296
f 230/2220/1934 2393/1237/1011 1104/2045/1779
f 556/2622/2294 2393/1237/1011 991/1224/998
f 2394/1234/1008 169/303/156 790/2625/2297
f 1634/1236/1010 790/2625/2297 356/2624/2296
f 657/2621/2293 2394/1234/1008 1634/1236/1010
f 1629/2626/2298 1631/1230/1004 656/1227/1001
f 344/1041/833 2395/1231/1005 1629/2626/2298
f 216/2627/2299 2395/1231/1005 1090/726/545
f 2396/1226/1000 427/2628/2300 1200/1220/994
f 164/294/148 2396/1226/1000 1200/1220/994
f 778/1042/834 1629/2626/2298 2396/1226/1000
f 2397/1225/999 230/2220/1934 862/635/469
f 1630/1228/1002 862/635/469 427/2628/2300
f 1630/1228/1002 1628/1223/997 2397/1225/999
f 164/294/148 2398/1222/996 1163/295/149
f 1201/304/157 1199/1217/991 2399/1219/993
f 1623/2629/2301 1625/1215/989 655/1212/986
f 1371/646/479 1623/2629/2301 559/2630/2302
f 1371/646/479 1369/1214/988 2400/1216/990
f 2401/1211/985 353/2052/1784 1101/2219/1933
f 994/1200/974 1101/2219/1933 227/648/481
f 559/2630/2302 2401/1211/985 994/1200/974
f 787/296/150 788/1210/984 168/2631/2303
f 353/2052/1784 2402/1208/982 787/296/150
f 1624/1213/987 1622/2632/2304 2402/1208/982
f 1619/2633/2305 1621/1207/981 654/1203/977
f 328/1062/850 2403/1205/979 1619/2633/2305
f 200/2634/104 2403/1205/979 1074/717/104
f 1197/1196/970 1620/1204/978 425/2635/2306
f 147/2636/2307 2404/1202/976 1197/1196/970
f 761/1063/851 1619/2633/2305 2404/1202/976
f 2405/1201/975 227/648/481 860/2637/2308
f 1620/1204/978 860/2637/2308 425/2635/2306
f 1620/1204/978 1618/1199/973 2405/1201/975
f 147/2636/2307 2406/1198/972 1141/285/142
f 168/2631/2303 2407/1193/967 1198/297/151
f 138/2638/2214 2408/1192/108 1172/240/104
f 296/2214/1928 2409/1187/964 1377/660/108
f 184/2349/104 2410/1186/108 1058/393/104
f 2411/2639/108 653/2640/108 1610/1181/108
f 1149/2641/104 1610/1181/108 392/2642/104
f 2412/1183/108 561/2643/108 1376/1184/108
f 826/1833/104 1376/1184/108 184/2349/104
f 392/2642/104 2412/1183/108 826/1833/104
f 2413/1180/963 296/2214/1928 996/659/108
f 1611/1182/108 996/659/108 561/2643/108
f 653/2640/108 2413/1180/963 1611/1182/108
f 297/2207/1921 2414/1177/960 1381/666/493
f 225/657/487 2415/1174/957 1099/658/488
f 2416/2644/2309 652/1170/953 1604/2645/2310
f 423/2061/1791 2416/2644/2309 1604/2645/2310
f 1380/1172/955 1605/1171/954 564/2646/2311
f 225/657/487 2417/1169/952 1380/1172/955
f 858/2062/1792 1604/2645/2310 2417/1169/952
f 999/665/492 1000/1168/951 297/2207/1921
f 1605/1171/954 999/665/492 564/2646/2311
f 1605/1171/954 1603/2647/2312 2418/1166/949
f 1600/1160/943 1602/1165/948 651/2648/2313
f 568/2649/2314 2419/1163/946 1600/1160/943
f 1385/672/499 1383/2650/2315 2419/1163/946
f 1097/2202/1916 1601/1161/944 350/2073/1803
f 1003/1149/932 1097/2202/1916 223/675/502
f 568/2649/2314 2420/1162/945 1003/1149/932
f 2421/1157/940 167/288/145 784/2651/2316
f 350/2073/1803 2421/1157/940 784/2651/2316
f 651/2648/2313 2421/1157/940 1601/1161/944
f 2422/1156/939 650/1152/935 1596/2652/2317
f 345/1080/868 2422/1156/939 1596/2652/2317
f 1091/712/538 1384/1154/937 2422/1156/939
f 2423/1151/934 422/2653/2318 1192/1145/928
f 165/2654/2319 2423/1151/934 1192/1145/928
f 779/1081/869 1596/2652/2317 2423/1151/934
f 2424/1150/933 223/675/502 857/2655/2320
f 1597/1153/936 857/2655/2320 422/2653/2318
f 1597/1153/936 1595/1148/931 2424/1150/933
f 165/2654/2319 2425/1147/930 1165/279/137
f 167/288/145 2426/1142/925 1193/289/146
f 1590/1136/919 1592/1141/924 649/2656/2321
f 571/1125/910 2427/1139/922 1590/1136/919
f 1390/685/512 1388/2657/2322 2427/1139/922
f 1094/2200/1914 1591/1137/920 347/2079/1809
f 1006/1126/911 1094/2200/1914 220/687/514
f 571/1125/910 2428/1138/921 1006/1126/911
f 781/281/139 782/1135/918 166/2658/2323
f 347/2079/1809 2429/1133/916 781/281/139
f 1591/1137/920 1589/2659/2324 2429/1133/916
f 2430/1132/105 648/1128/913 1586/2660/105
f 824/2661/113 1586/2660/105 390/2662/113
f 182/2663/113 2430/1132/105 824/2661/113
f 1189/1121/906 1587/1129/914 420/2664/2325
f 1147/2665/113 1189/1121/906 153/2666/113
f 390/2662/113 2431/1127/912 1147/2665/113
f 2432/1124/909 220/687/514 855/2667/2326
f 420/2664/2325 2432/1124/909 855/2667/2326
f 1587/1129/914 1585/2668/2327 2432/1124/909
f 153/2666/113 2433/1123/908 767/2669/181
f 166/2658/2323 2434/1120/905 1190/282/140
f 137/2670/2328 2435/1117/105 746/2671/113
f 300/2195/1909 2436/1112/900 1396/699/525
f 840/2672/278 1395/2673/2329 2437/1109/897
f 1577/1106/894 1579/2674/2330 647/2675/2331
f 326/2676/2332 2438/2677/2333 1577/1106/894
f 2439/1108/896 573/1110/898 1395/2673/2329
f 1072/2678/1619 1395/2673/2329 198/2679/113
f 326/2676/2332 2439/1108/896 1072/2678/1619
f 1008/698/524 1009/1105/893 300/2195/1909
f 1578/1107/895 1008/698/524 573/1110/898
f 647/2675/2331 2440/1103/891 1578/1107/895
f 301/2188/1902 2441/1102/890 1400/705/531
f 1092/696/522 1399/1097/885 2442/1099/887
f 2443/2680/2334 646/2681/2335 1571/1094/882
f 418/2088/1817 2443/2680/2334 1571/1094/882
f 1399/1097/885 1572/1095/883 576/2682/2336
f 218/2196/1910 2444/1096/884 1399/1097/885
f 418/2088/1817 2444/1096/884 853/2089/1818
f 2445/1093/881 301/2188/1902 1011/704/530
f 576/2682/2336 2445/1093/881 1011/704/530
f 1572/1095/883 1570/1091/879 2445/1093/881
f 1187/277/135 1148/2683/218 2446/1088/876
f 1566/1082/870 1568/1087/875 645/2684/2337
f 580/2685/2338 2447/1085/873 1566/1082/870
f 1405/714/539 1403/2686/2339 2447/1085/873
f 2448/1084/872 346/2082/1812 1093/2199/1913
f 1015/1071/859 1093/2199/1913 219/690/517
f 580/2685/2338 2448/1084/872 1015/1071/859
f 2449/1079/867 165/2654/2319 780/278/136
f 1567/1083/871 780/278/136 346/2082/1812
f 645/2684/2337 2449/1079/867 1567/1083/871
f 1562/2687/2340 1564/1077/865 644/1074/862
f 348/1134/917 2450/1078/866 1562/2687/2340
f 1095/681/508 1404/1076/864 2450/1078/866
f 1188/1118/903 1563/1075/863 419/2688/2341
f 166/2658/2323 2451/1073/861 1188/1118/903
f 782/1135/918 1562/2687/2340 2451/1073/861
f 2452/1072/860 219/690/517 854/2689/2342
f 1563/1075/863 854/2689/2342 419/2688/2341
f 644/1074/862 2452/1072/860 1563/1075/863
f 2453/1067/855 643/1065/853 1558/2690/2343
f 1408/721/543 1558/2690/2343 583/2691/2344
f 303/720/542 2453/1067/855 1408/721/543
f 1096/2075/1805 1559/1066/854 349/2692/105
f 222/2201/1915 2454/1064/852 1096/2075/1805
f 1018/1053/842 1558/2690/2343 2454/1064/852
f 783/284/105 761/1063/851 147/2636/2307
f 349/2692/105 2455/1061/105 783/284/105
f 1559/1066/854 1557/2693/2345 2455/1061/105
f 1554/1055/844 1556/1060/849 642/2694/2346
f 1098/669/496 1554/1055/844 351/1158/941
f 224/2695/2347 2456/1058/847 1098/669/496
f 1191/2696/2348 1555/1056/845 421/1143/926
f 785/1159/942 1191/2696/2348 167/288/145
f 785/1159/942 1554/1055/844 2457/1057/846
f 856/677/504 1018/1053/842 222/2201/1915
f 1555/1056/845 856/677/504 421/1143/926
f 642/2694/2346 2458/1054/843 1555/1056/845
f 155/2697/106 2459/1051/108 1195/291/108
f 1549/1043/835 1551/1048/840 641/2698/2349
f 586/2699/2350 2460/1046/838 1549/1043/835
f 1412/730/549 1410/2700/2351 2460/1046/838
f 2461/1045/837 352/2055/1787 1100/2218/1932
f 226/651/484 2461/1045/837 1100/2218/1932
f 586/2699/2350 2461/1045/837 1021/1032/824
f 786/2701/2352 778/1042/834 164/294/148
f 1550/1044/836 786/2701/2352 352/2055/1787
f 641/2698/2349 2462/1040/832 1550/1044/836
f 2463/1039/831 640/2702/2353 1545/1034/826
f 354/1209/983 2463/1039/831 1545/1034/826
f 228/2703/2354 2463/1039/831 1102/642/475
f 2464/1036/828 424/1194/968 1196/2704/2355
f 168/2631/2303 2464/1036/828 1196/2704/2355
f 788/1210/984 1545/1034/826 2464/1036/828
f 2465/1033/825 226/651/484 859/2705/2356
f 1546/1035/827 859/2705/2356 424/1194/968
f 640/2702/2353 2465/1033/825 1546/1035/827
f 2466/1030/822 639/1026/818 1541/2706/2357
f 1415/735/552 1541/2706/2357 589/1014/809
f 305/2707/2358 2466/1030/822 1415/735/552
f 1103/2048/1782 1542/1027/819 355/2708/108
f 229/639/473 2467/1025/817 1103/2048/1782
f 1024/1015/810 1541/2706/2357 2467/1025/817
f 2468/1024/108 149/2608/107 789/299/108
f 1542/1027/819 789/299/108 355/2708/108
f 639/1026/818 2468/1024/108 1542/1027/819
f 1537/1016/811 1539/1021/816 638/2709/2359
f 357/2710/2360 2469/1019/814 1537/1016/811
f 1105/630/464 1414/2711/2361 2469/1019/814
f 2470/1018/813 426/2712/2362 1199/1217/991
f 791/1233/1007 1199/1217/991 169/303/156
f 357/2710/2360 2470/1018/813 791/1233/1007
f 861/2713/2363 1024/1015/810 229/639/473
f 1538/1017/812 861/2713/2363 426/2712/2362
f 638/2709/2359 2471/1013/808 1538/1017/812
f 156/306/158 2472/1012/128 1203/307/128
f 2473/1007/804 637/2714/2364 1532/1004/801
f 1419/745/560 1532/1004/801 592/2715/2365
f 1419/745/560 1417/2716/2366 2473/1007/804
f 1107/2235/1949 1533/1005/802 358/2028/1764
f 1027/993/790 1107/2235/1949 233/612/448
f 592/2715/2365 2474/1006/803 1027/993/790
f 792/308/159 777/1003/800 163/2598/2274
f 358/2028/1764 2475/1001/798 792/308/159
f 637/2714/2364 2475/1001/798 1533/1005/802
f 1528/995/792 1530/1000/797 636/2717/2367
f 360/1284/1051 2476/998/795 1528/995/792
f 1109/603/439 1418/2718/2368 2476/998/795
f 2477/997/794 429/2719/2369 1204/1268/1035
f 170/2602/2278 2477/997/794 1204/1268/1035
f 794/1285/1052 1528/995/792 2477/997/794
f 2478/994/791 233/612/448 864/2720/2370
f 1529/996/793 864/2720/2370 429/2719/2369
f 636/2717/2367 2478/994/791 1529/996/793
f 2479/991/788 635/2721/2371 1524/986/783
f 1422/751/564 1524/986/783 595/975/772
f 307/750/563 2479/991/788 1422/751/564
f 2480/988/785 361/2722/2372 1110/2021/1757
f 236/600/436 2480/988/785 1110/2021/1757
f 1030/976/773 1524/986/783 2480/988/785
f 2481/985/782 151/2577/2253 795/314/165
f 1525/987/784 795/314/165 361/2722/2372
f 635/2721/2371 2481/985/782 1525/987/784
f 1520/977/774 1522/982/779 634/2723/2373
f 1112/591/427 1520/977/774 363/1308/1075
f 238/2724/2374 2482/980/777 1112/591/427
f 1207/1292/1059 1521/978/775 431/2725/2375
f 171/318/169 2483/979/776 1207/1292/1059
f 363/1308/1075 2483/979/776 797/1309/1076
f 866/2726/2376 1030/976/773 236/600/436
f 1521/978/775 866/2726/2376 431/2725/2375
f 634/2723/2373 2484/974/771 1521/978/775
f 1211/321/172 1154/971/674 2485/973/770
f 2486/970/768 633/2727/2377 1515/965/763
f 1426/760/573 1515/965/763 598/2728/2378
f 1426/760/573 1424/968/766 2486/970/768
f 1114/2249/1963 1516/966/764 364/2001/1738
f 240/573/411 2487/967/765 1114/2249/1963
f 598/2728/2378 2487/967/765 1033/954/752
f 2488/962/760 162/2566/2242 798/323/174
f 364/2001/1738 2488/962/760 798/323/174
f 633/2727/2377 2488/962/760 1516/966/764
f 1511/956/754 1513/961/759 632/2729/2379
f 366/2730/2380 2489/959/757 1511/956/754
f 242/2731/2381 2489/959/757 1116/564/402
f 2490/958/756 434/1344/1109 1212/2579/2255
f 172/2572/2248 2490/958/756 1212/2579/2255
f 800/1359/1124 1511/956/754 2490/958/756
f 2491/955/753 240/573/411 869/2732/2382
f 1512/957/755 869/2732/2382 434/1344/1109
f 632/2729/2379 2491/955/753 1512/957/755
f 2492/952/750 631/948/746 1507/2733/2383
f 1429/765/575 1507/2733/2383 601/936/737
f 309/2734/2384 2492/952/750 1429/765/575
f 2493/947/745 367/2735/180 1117/1994/1731
f 243/2250/1964 2493/947/745 1117/1994/1731
f 1036/937/738 1507/2733/2383 2493/947/745
f 2494/946/180 153/2736/113 801/329/180
f 1508/949/747 801/329/180 367/2735/180
f 631/948/746 2494/946/180 1508/949/747
f 1503/938/739 1505/943/744 630/2737/2385
f 369/1383/1147 2495/941/742 1503/938/739
f 1119/553/392 1428/2738/2386 2495/941/742
f 2496/940/741 436/2739/2387 1215/1367/1132
f 803/1384/1148 1215/1367/1132 173/2562/2238
f 369/1383/1147 2496/940/741 803/1384/1148
f 871/560/399 1036/937/738 243/2250/1964
f 1504/939/740 871/560/399 436/2739/2387
f 630/2737/2385 2497/935/736 1504/939/740
f 1499/2740/2388 1501/934/735 629/930/731
f 1432/771/581 1499/2740/2388 604/2741/2389
f 310/2176/1893 2498/932/733 1432/771/581
f 1120/1988/1725 1500/931/732 370/2742/2390
f 1039/918/719 1120/1988/1725 246/549/388
f 1039/918/719 1499/2740/2388 2499/929/730
f 804/2743/2391 775/928/729 161/336/187
f 370/2742/2390 2500/926/727 804/2743/2391
f 1500/931/732 1498/2744/2392 2500/926/727
f 1495/2745/2393 1497/925/726 628/921/722
f 373/1464/1222 2501/923/724 1495/2745/2393
f 1123/526/365 1431/2746/2394 2501/923/724
f 2502/920/721 438/2747/2395 1218/1397/1161
f 807/1465/1223 1218/1397/1161 174/339/190
f 373/1464/1222 2502/920/721 807/1465/1223
f 873/2748/2396 1039/918/719 246/549/388
f 1496/922/723 873/2748/2396 438/2747/2395
f 1496/922/723 1494/917/718 2503/919/720
f 1491/911/712 1493/915/716 627/2749/2397
f 1221/343/194 1491/911/712 441/2750/2398
f 1221/343/194 760/914/715 2504/916/717
f 2505/913/714 603/924/725 1431/2746/2394
f 876/1965/1703 1431/2746/2394 249/525/364
f 441/2750/2398 2505/913/714 876/1965/1703
f 1038/770/580 1040/909/710 310/2176/1893
f 1492/912/713 1038/770/580 603/924/725
f 1492/912/713 1490/908/709 2506/910/711
f 2507/905/706 626/2751/2399 1487/902/703
f 1436/781/590 1487/902/703 608/2752/2400
f 311/780/589 2507/905/706 1436/781/590
f 2508/904/705 374/1962/1700 1124/2753/2401
f 1043/891/692 1124/2753/2401 250/2267/1981
f 608/2752/2400 2508/904/705 1043/891/692
f 2509/901/702 160/345/196 808/2754/2402
f 1488/903/704 808/2754/2402 374/1962/1700
f 626/2751/2399 2509/901/702 1488/903/704
f 1483/893/694 1485/898/699 625/2755/2403
f 377/2756/2404 2510/896/697 1483/893/694
f 1127/499/338 1435/2757/2405 2510/896/697
f 2511/895/696 442/2758/2406 1222/1478/1236
f 175/348/199 2511/895/696 1222/1478/1236
f 811/1545/1303 1483/893/694 2511/895/696
f 2512/892/693 250/2267/1981 877/521/360
f 1484/894/695 877/521/360 442/2758/2406
f 625/2755/2403 2512/892/693 1484/894/695
f 2513/887/688 624/2759/2407 1479/884/685
f 1225/351/202 1479/884/685 445/2760/2408
f 1225/351/202 1156/2554/2230 2513/887/688
f 1435/2757/2405 1480/885/686 607/897/698
f 253/498/337 2514/886/687 1435/2757/2405
f 445/2760/2408 2514/886/687 880/1938/1676
f 1042/2761/2409 1044/883/684 311/780/589
f 607/897/698 2515/881/682 1042/2761/2409
f 624/2759/2407 2515/881/682 1480/885/686
f 2516/880/681 623/2762/2410 1475/875/676
f 1440/789/597 1475/875/676 612/864/665
f 312/2167/1884 2516/880/681 1440/789/597
f 1128/1934/1672 1476/876/677 378/2763/2411
f 254/2764/2412 2517/877/678 1128/1934/1672
f 1047/865/666 1475/875/676 2517/877/678
f 2518/874/675 157/354/205 812/2765/2413
f 378/2763/2411 2518/874/675 812/2765/2413
f 623/2762/2410 2518/874/675 1476/876/677
f 1471/866/667 1473/871/672 622/2766/2414
f 1131/472/311 1471/866/667 381/1626/1384
f 1131/472/311 1439/2767/2415 2519/869/670
f 1226/2768/2416 1472/867/668 446/1560/1318
f 815/1627/1385 1226/2768/2416 176/2438/2138
f 815/1627/1385 1471/866/667 2520/868/669
f 881/494/333 1047/865/666 254/2764/2412
f 1472/867/668 881/494/333 446/1560/1318
f 622/2766/2414 2521/863/664 1472/867/668
f 1467/2769/2417 1469/861/662 621/858/659
f 449/2770/2418 2522/862/663 1467/2769/2417
f 158/360/210 2522/862/663 1229/361/211
f 1439/2767/2415 1468/859/660 611/870/671
f 257/471/310 2523/857/658 1439/2767/2415
f 884/1911/1649 1467/2769/2417 2523/857/658
f 1046/788/596 1048/856/657 312/2167/1884
f 611/870/671 2524/854/655 1046/788/596
f 1468/859/660 1466/2771/2419 2524/854/655
f 2525/853/654 620/849/650 1463/2772/2420
f 1444/798/606 1463/2772/2420 616/837/638
f 313/2163/1880 2525/853/654 1444/798/606
f 1132/2293/2007 1464/850/651 382/1908/1646
f 258/468/307 2526/848/649 1132/2293/2007
f 1051/838/639 1463/2772/2420 2526/848/649
f 2527/847/648 152/2773/222 816/362/212
f 1464/850/651 816/362/212 382/1908/1646
f 620/849/650 2527/847/648 1464/850/651
f 2528/844/645 619/840/641 1459/2774/2421
f 1135/445/284 1459/2774/2421 385/1707/1464
f 261/444/283 2528/844/645 1135/445/284
f 1230/2432/2132 1460/841/642 450/1641/1399
f 177/2405/2105 2529/839/640 1230/2432/2132
f 385/1707/1464 2529/839/640 819/1708/1465
f 885/2775/2422 1051/838/639 258/468/307
f 450/1641/1399 2530/836/637 885/2775/2422
f 1460/841/642 1458/2776/2423 2530/836/637
f 1455/2777/2424 1457/834/635 618/831/632
f 1233/369/219 1455/2777/2424 453/1884/1624
f 154/2778/134 2531/835/636 1233/369/219
f 1443/842/643 1456/832/633 615/2779/2425
f 261/444/283 2532/830/631 1443/842/643
f 888/1885/1625 1455/2777/2424 2532/830/631
f 1050/797/605 1052/829/630 313/2163/1880
f 1456/832/633 1050/797/605 615/2779/2425
f 1456/832/633 1454/2780/2426 2533/827/628
f 1235/373/223 1146/2781/647 2534/824/626
f 150/2449/2149 2535/823/625 1237/375/225
f 148/2782/2175 2536/818/620 1239/378/228
f 146/381/193 2537/817/105 1241/382/105
f 386/2783/2427 2538/814/105 1450/816/105
f 1451/820/622 821/2784/2191 2539/809/108
f 1452/822/624 822/2463/2163 2540/806/613
f 389/825/627 2541/805/612 1453/826/180
f 1454/2780/2426 1445/801/609 617/828/629
f 618/831/632 2542/802/610 1454/2780/2426
f 334/2785/2428 2542/802/610 1457/834/635
f 1458/2776/2423 1444/798/606 616/837/638
f 1461/843/644 1458/2776/2423 619/840/641
f 615/2779/2425 2543/799/607 1461/843/644
f 1462/845/646 823/796/604 389/2786/627
f 620/849/650 2544/794/602 1462/845/646
f 1465/852/653 1049/2164/1881 2544/794/602
f 1466/2771/2419 1441/792/600 613/855/656
f 1469/861/662 1466/2771/2419 621/858/659
f 398/2430/2130 2545/793/601 1469/861/662
f 2546/790/598 612/864/665 1470/2787/2429
f 622/2766/2414 2546/790/598 1470/2787/2429
f 1473/871/672 1046/788/596 2546/790/598
f 1474/872/673 831/787/565 397/2788/2430
f 1477/879/680 1474/872/673 623/2762/2410
f 610/2166/1883 2547/785/594 1477/879/680
f 1478/2789/2431 1437/783/592 609/882/683
f 624/2759/2407 2548/784/593 1478/2789/2431
f 1481/889/690 833/782/591 2548/784/593
f 2549/779/588 608/2752/2400 1482/890/691
f 1485/898/699 1482/890/691 625/2755/2403
f 1485/898/699 1042/2761/2409 2549/779/588
f 2550/776/585 340/2441/2141 1486/899/700
f 1489/907/708 1486/899/700 626/2751/2399
f 606/906/707 2550/776/585 1489/907/708
f 2551/773/583 605/2174/1891 1490/908/709
f 627/2749/2397 2551/773/583 1490/908/709
f 327/2790/2432 2551/773/583 1493/915/716
f 2552/772/582 604/2741/2389 1494/917/718
f 628/921/722 2552/772/582 1494/917/718
f 1497/925/726 1038/770/580 2552/772/582
f 2553/769/579 341/927/728 1498/2744/2392
f 1501/934/735 1498/2744/2392 629/930/731
f 602/933/734 2553/769/579 1501/934/735
f 2554/766/576 601/936/737 1502/2791/2433
f 630/2737/2385 2554/766/576 1502/2791/2433
f 1505/943/744 1035/764/574 2554/766/576
f 2555/763/180 390/2792/113 1506/944/180
f 1509/951/749 1506/944/180 631/948/746
f 599/2793/180 2555/763/180 1509/951/749
f 2556/758/571 598/2728/2378 1510/953/751
f 1513/961/759 1510/953/751 632/2729/2379
f 1513/961/759 1032/2794/2434 2556/758/571
f 1514/2795/2435 1088/757/570 342/963/761
f 1517/969/767 1514/2795/2435 633/2727/2377
f 596/2796/2436 2557/755/568 1517/969/767
f 397/2797/2430 2558/754/567 1518/972/769
f 2559/749/562 595/975/772 1519/2798/2437
f 634/2723/2373 2559/749/562 1519/2798/2437
f 1522/982/779 1029/2799/2438 2559/749/562
f 2560/748/128 332/2574/2250 1523/983/780
f 1526/990/787 1523/983/780 635/2721/2371
f 593/2800/2439 2560/748/128 1526/990/787
f 2561/743/558 592/2715/2365 1527/992/789
f 1530/1000/797 1527/992/789 636/2717/2367
f 591/999/796 2561/743/558 1530/1000/797
f 2562/742/557 343/1002/799 1531/2801/2440
f 637/2714/2364 2562/742/557 1531/2801/2440
f 590/1008/805 2562/742/557 1534/1009/806
f 395/2510/2199 2563/739/128 1535/1011/128
f 2564/736/553 589/1014/809 1536/2802/2441
f 638/2709/2359 2564/736/553 1536/2802/2441
f 1539/1021/816 1023/734/551 2564/736/553
f 2565/733/108 330/2605/2281 1540/1022/108
f 1543/1029/821 1540/1022/108 639/1026/818
f 587/2803/2442 2565/733/108 1543/1029/821
f 1544/1031/823 1412/730/549 586/2699/2350
f 1547/1038/830 1544/1031/823 640/2702/2353
f 585/2804/2443 2566/728/547 1547/1038/830
f 1548/2805/2444 1090/726/545 344/1041/833
f 641/2698/2349 2567/727/546 1548/2805/2444
f 1551/1048/840 1019/725/544 2567/727/546
f 393/2806/106 2568/724/108 1552/1050/108
f 1553/1052/841 1408/721/543 583/2691/2344
f 642/2694/2346 2569/719/541 1553/1052/841
f 1556/1060/849 1017/2807/2445 2569/719/541
f 2570/718/105 328/1062/850 1557/2693/2345
f 1560/1069/857 1557/2693/2345 643/1065/853
f 581/1068/856 2570/718/105 1560/1069/857
f 2571/715/540 580/2685/2338 1561/1070/858
f 1564/1077/865 1561/1070/858 644/1074/862
f 579/2808/105 2571/715/540 1564/1077/865
f 2572/710/536 345/1080/868 1565/2809/2446
f 645/2684/2337 2572/710/536 1565/2809/2446
f 1568/1087/875 1013/2810/2447 2572/710/536
f 391/1089/877 2573/709/535 1569/1090/878
f 2574/2811/2448 577/2186/1900 1570/1091/879
f 1573/2812/2449 1570/1091/879 646/2681/2335
f 576/2682/2336 2575/706/532 1574/1098/886
f 1575/1101/889 1010/2189/1903 2576/701/527
f 2577/2813/2450 574/1104/892 1576/2814/2451
f 647/2675/2331 2577/2813/2450 1576/2814/2451
f 1580/1111/899 1008/698/524 2578/700/526
f 572/1113/901 2579/697/523 1581/1114/902
f 410/2815/2452 2580/694/105 1582/1116/105
f 1583/1119/904 854/2689/2342 2581/689/516
f 420/2664/2325 2582/686/513 1584/1122/907
f 1585/2668/2327 1390/685/512 571/1125/910
f 648/1128/913 2583/683/510 1585/2668/2327
f 1588/1131/915 1005/2816/2453 2583/683/510
f 2584/682/509 348/1134/917 1589/2659/2324
f 1592/1141/924 1589/2659/2324 649/2656/2321
f 569/1140/923 2584/682/509 1592/1141/924
f 1593/1144/927 856/677/504 2585/679/506
f 422/2653/2318 2586/674/501 1594/1146/929
f 2587/673/500 568/2649/2314 1595/1148/931
f 1598/1155/938 1595/1148/931 650/1152/935
f 567/2817/2454 2587/673/500 1598/1155/938
f 2588/670/497 351/1158/941 1599/2818/2455
f 651/2648/2313 2588/670/497 1599/2818/2455
f 1602/1165/948 1001/668/495 2588/670/497
f 1603/2647/2312 1382/2205/1919 565/1167/950
f 1606/2819/2456 1603/2647/2312 652/1170/953
f 1607/1173/956 999/665/492 2590/667/494
f 1608/1176/959 998/2208/1922 2591/662/489
f 1609/1178/961 1378/2820/2457 562/2211/1925
f 1612/2821/108 1609/1178/961 653/2640/108
f 561/2643/108 2593/661/108 1613/1185/108
f 1614/1189/966 995/2215/1929 2594/656/486
f 411/2822/106 2595/655/108 1615/1191/108
f 1616/1195/969 859/2705/2356 2596/650/483
f 1617/1197/971 860/2637/2308 2597/647/480
f 2598/644/477 559/2630/2302 1618/1199/973
f 1621/1207/981 1618/1199/973 654/1203/977
f 1621/1207/981 993/2823/2458 2598/644/477
f 1622/2632/2304 1102/642/475 354/1209/983
f 655/1212/986 2599/643/476 1622/2632/2304
f 557/2824/2459 2599/643/476 1625/1215/989
f 426/2712/2362 2600/638/472 1626/1218/992
f 427/2628/2300 2601/637/471 1627/1221/995
f 1628/1223/997 1366/634/468 556/2622/2294
f 656/1227/1001 2602/632/466 1628/1223/997
f 555/2825/2460 2602/632/466 1631/1230/1004
f 2603/631/465 357/2710/2360 1632/1232/1006
f 1635/1240/1014 1632/1232/1006 657/2621/2293
f 554/1239/1013 2603/631/465 1635/1240/1014
f 1636/2620/2292 1363/2826/2461 553/1242/1016
f 658/1245/1019 2604/2827/2462 1636/2620/2292
f 552/2619/2291 2605/628/462 1640/1248/1022
f 1641/1252/1026 986/2226/1940 2606/623/457
f 2607/2828/2463 550/1254/1028 1642/2615/2287
f 659/2611/2285 2607/2828/2463 1642/2615/2287
f 549/2614/2286 2608/622/456 1646/1260/128
f 548/2230/1944 2609/617/451 1647/1263/1032
f 412/2495/2186 2610/616/128 1648/1266/128
f 1649/1269/1036 864/2720/2370 2611/611/447
f 430/1272/1039 2612/608/444 1650/1273/1040
f 2613/605/441 547/2600/2276 1651/1274/1041
f 1654/1282/1049 1651/1274/1041 660/1278/1045
f 1654/1282/1049 981/2829/2464 2613/605/441
f 1655/2603/2279 1109/603/439 360/1284/1051
f 661/1287/1054 2614/604/440 1655/2603/2279
f 545/1290/1057 2614/604/440 1658/1291/1058
f 1659/1293/1060 866/2726/2376 2615/599/435
f 1660/1297/1064 867/596/432 2616/598/434
f 1661/1298/1065 1347/594/430 544/2591/2267
f 662/1302/1069 2617/595/431 1661/1298/1065
f 543/2830/2465 2617/595/431 1664/1305/1072
f 1665/2595/2271 1112/591/427 363/1308/1075
f 1668/1315/1082 1665/2595/2271 663/1311/1078
f 542/1314/1081 2618/592/428 1668/1315/1082
f 1669/2589/2265 1344/2831/2466 541/1317/1084
f 1672/2832/2467 1669/2589/2265 664/1320/1087
f 540/1323/1090 2620/589/425 1673/1324/1091
f 1674/1327/1094 974/2242/1956 2621/584/420
f 1675/1328/1095 1340/2833/2468 538/2245/1959
f 665/1332/1099 2622/2834/2469 1675/1328/1095
f 537/2584/2260 2623/583/180 1679/1335/180
f 1680/1338/1103 971/2248/1962 2624/578/415
f 1681/1342/1107 848/575/329 2625/577/414
f 1682/1345/1110 869/2732/2382 2626/572/410
f 435/2576/2252 2627/569/407 1683/1347/1112
f 2628/566/404 535/2569/2245 1684/1349/1114
f 1687/1357/1122 1684/1349/1114 666/1353/1118
f 1687/1357/1122 969/2835/2470 2628/566/404
f 1688/1358/1123 1116/564/402 366/2730/2380
f 667/1362/1127 2629/565/403 1688/1358/1123
f 533/1365/1130 2629/565/403 1691/1366/1131
f 436/2739/2387 2630/562/182 1692/1368/182
f 1693/1371/1135 872/2567/2243 2631/557/396
f 1694/1373/1137 1328/556/395 532/2559/2235
f 668/1377/1141 2632/554/393 1694/1373/1137
f 531/2836/2471 2632/554/393 1697/1380/1144
f 2633/551/390 369/1383/1147 1698/2563/2239
f 1701/1390/1154 1698/2563/2239 669/2558/2234
f 530/1389/1153 2633/551/390 1701/1390/1154
f 2634/548/387 529/2252/1966 1702/1391/1155
f 1705/1398/1162 1702/1391/1155 670/1395/1159
f 1705/1398/1162 873/2748/2396 2634/548/387
f 2635/547/386 528/1401/1165 1706/2555/2231
f 1709/1407/1171 1706/2555/2231 671/2553/2229
f 527/2557/2233 2635/547/386 1709/1407/1171
f 2636/542/381 325/2415/2115 1710/1409/1173
f 672/1413/1177 2636/542/381 1710/1409/1173
f 1713/1416/1180 961/2255/1969 2636/542/381
f 1714/1418/1182 1321/541/380 525/2257/1971
f 673/2546/2226 2637/539/378 1714/1418/1182
f 1717/1425/1187 874/2527/2212 2637/539/378
f 2638/538/377 524/2536/2217 1718/1427/1188
f 674/1431/1192 2638/538/377 1718/1427/1188
f 523/1434/1195 2638/538/377 1721/1435/1196
f 1722/2538/2219 1122/535/374 372/1437/1198
f 675/1440/1201 2639/533/372 1722/2538/2219
f 522/2259/1973 2639/533/372 1725/1443/1204
f 1726/2534/2215 1317/531/370 521/1446/1207
f 676/1449/1210 2640/532/371 1726/2534/2215
f 314/2837/1877 2640/532/371 1729/1452/1212
f 2641/529/368 520/2517/2206 1730/1454/1213
f 1733/1462/1220 1730/1454/1213 677/2520/2209
f 519/1461/1219 2641/529/368 1733/1462/1220
f 1734/2519/2208 1123/526/365 373/1464/1222
f 678/1467/1225 2642/524/363 1734/2519/2208
f 1737/1471/1229 953/2265/1979 2642/524/363
f 1738/2515/2204 1313/522/361 517/1473/1231
f 1741/1479/1237 1738/2515/2204 679/1476/1234
f 1741/1479/1237 877/521/360 2643/523/362
f 1742/1481/1239 1312/520/359 516/2506/2195
f 680/2509/2198 2644/518/357 1742/1481/1239
f 1745/1489/1247 950/2514/2203 2644/518/357
f 2645/517/356 324/1491/1249 1746/2838/2472
f 1749/1498/1256 1746/2838/2472 681/1494/1252
f 1749/1498/1256 949/515/354 2645/517/356
f 1750/2504/2193 1309/513/352 513/1500/1258
f 682/2498/2188 2646/514/353 1750/2504/2193
f 1753/1507/1265 878/512/351 2646/514/353
f 1754/1508/1266 1308/511/350 512/2487/2181
f 683/2491/2185 2647/509/348 1754/1508/1266
f 1757/1516/1274 946/2503/2192 2647/509/348
f 2648/508/347 376/1518/1276 1758/2490/2184
f 1761/1524/1282 1758/2490/2184 684/1521/1279
f 510/2272/1986 2648/508/347 1761/1524/1282
f 1762/2485/2179 1305/505/344 509/1527/1285
f 685/1530/1288 2649/503/342 1762/2485/2179
f 415/2543/2223 2649/503/342 1765/1533/1291
f 2650/502/341 508/2469/2169 1766/1535/1293
f 1769/1542/1300 1766/1535/1293 686/1539/1297
f 507/2483/2178 2650/502/341 1769/1542/1300
f 1770/1544/1302 1127/499/338 377/2756/2404
f 687/1548/1306 2651/497/336 1770/1544/1302
f 1773/1552/1310 941/2278/1992 2651/497/336
f 2652/496/335 505/1554/1312 1774/2467/2167
f 688/2464/2164 2652/496/335 1774/2467/2167
f 446/1560/1318 2652/496/335 1777/1561/1319
f 2653/493/332 504/2457/2157 1778/1562/1320
f 1781/1569/1327 1778/1562/1320 689/2460/2160
f 1781/1569/1327 938/491/330 2653/493/332
f 2654/488/327 413/2839/1106 1782/1571/1329
f 690/1575/1333 2654/488/327 1782/1571/1329
f 1785/1579/1337 937/2282/1996 2654/488/327
f 2655/487/326 501/1581/1339 1786/2455/2155
f 1789/1587/1345 1786/2455/2155 691/1584/1342
f 447/2442/2142 2655/487/326 1789/1587/1345
f 1790/2453/2153 1296/483/322 500/1590/1348
f 692/1593/1351 2656/484/323 1790/2453/2153
f 1793/1597/1355 934/482/321 2656/484/323
f 1794/1598/1356 1130/481/320 380/2461/2161
f 1797/1605/1363 1794/1598/1356 693/2447/2147
f 1797/1605/1363 933/2286/2000 2657/479/318
f 2658/476/315 497/1608/1366 1798/2840/2473
f 694/2444/2144 2658/476/315 1798/2840/2473
f 1801/1615/1373 849/2419/2119 2658/476/315
f 2659/473/312 496/1617/1375 1802/2443/2143
f 695/1620/1378 2659/473/312 1802/2443/2143
f 1805/1624/1382 930/2446/2146 2659/473/312
f 2660/470/309 381/1626/1384 1806/2439/2139
f 1809/1633/1391 1806/2439/2139 696/2435/2135
f 494/1632/1390 2660/470/309 1809/1633/1391
f 2661/467/306 493/2292/2006 1810/1634/1392
f 1813/1642/1400 1810/1634/1392 697/2431/2131
f 1813/1642/1400 885/2775/2422 2661/467/306
f 1814/1643/1401 1288/466/305 492/2425/2125
f 698/2429/2129 2662/464/303 1814/1643/1401
f 1817/1651/1409 926/2434/2134 2662/464/303
f 1818/1652/1410 844/462/301 409/2841/2474
f 699/2424/2124 2663/463/302 1818/1652/1410
f 1821/1660/1418 925/461/300 2663/463/302
f 1822/2423/2123 1285/459/298 489/1662/1420
f 700/2421/2121 2664/460/299 1822/2423/2123
f 451/2407/2107 2664/460/299 1825/1668/1426
f 2665/457/296 488/1671/1429 1826/2420/2120
f 701/2414/2114 2665/457/296 1826/2420/2120
f 487/1677/1435 2665/457/296 1829/1678/1436
f 2666/454/293 384/1680/1438 1830/2413/2113
f 1833/1686/1444 1830/2413/2113 702/1683/1441
f 486/2299/2012 2666/454/293 1833/1686/1444
f 2667/451/290 485/2304/2017 1834/1688/1446
f 1837/1695/1452 1834/1688/1446 703/1692/1450
f 318/2842/1829 2667/451/290 1837/1695/1452
f 1838/1697/1454 1280/448/287 484/2403/2103
f 704/2406/2106 2668/446/285 1838/1697/1454
f 1841/1705/1462 918/2410/2110 2668/446/285
f 1842/2843/2475 1135/445/284 385/1707/1464
f 705/2402/2102 2669/443/282 1842/2843/2475
f 1845/1714/1471 917/2307/2019 2669/443/282
f 2670/2844/2476 481/2311/2021 1846/1715/1472
f 1849/2845/2477 1846/1715/1472 706/2399/2099
f 1850/1723/1480 915/2401/2101 2671/440/279
f 479/2312/180 2672/439/180 1851/1725/180
f 2673/2846/2478 478/1728/1483 1852/2396/2096
f 1855/2392/2092 1852/2396/2096 707/1731/1486
f 477/1734/1489 2674/434/275 1856/1735/1490
f 476/2317/2025 2675/433/274 1857/1737/1492
f 1858/1740/1494 844/2847/301 2676/428/269
f 2677/2848/2479 475/2323/2030 1859/1742/1496
f 1862/2849/2480 1859/1742/1496 708/1746/1500
f 1863/1750/1504 909/2388/2089 2678/425/266
f 1864/1753/1507 908/2325/2032 2679/422/263
f 2680/2850/2481 472/1755/1509 1865/2384/2085
f 1868/2851/2482 1865/2384/2085 709/1758/1512
f 471/1761/1515 2681/419/260 1869/1762/1516
f 470/2329/2036 2682/418/259 1870/1764/1518
f 408/2452/2152 2683/415/256 1871/1767/1521
f 2684/2852/2483 469/2336/2041 1872/1769/1522
f 710/2374/2075 2684/2852/2483 1872/1769/1522
f 1876/1777/1530 903/2378/2079 2685/410/251
f 467/2337/108 2686/409/108 1877/1779/108
f 2687/2853/2484 466/1782/1534 1878/2372/2073
f 1881/2854/2485 1878/2372/2073 711/2371/2072
f 1882/1789/1541 900/404/248 2688/406/250
f 464/1791/1543 2689/403/247 1883/1792/1544
f 407/2855/2177 2690/400/108 1884/1794/108
f 2691/2856/2486 463/1797/1547 1885/2368/2069
f 1888/2363/2064 1885/2368/2069 712/2364/2065
f 462/2366/2067 2692/395/241 1889/1803/1553
f 461/2348/2051 2693/394/240 1890/1806/1556
f 2694/2857/2487 460/1809/1559 1891/2362/2063
f 713/2360/2061 2694/2857/2487 1891/2362/2063
f 459/1815/1565 2695/391/238 1895/1816/1566
f 1896/1819/1569 893/386/233 2696/388/235
f 1897/1822/1572 841/2858/2488 2697/383/231
f 327/2859/2432 2698/380/230 1898/1824/105
f 1899/2356/2058 1240/2860/2489 457/1827/1575
f 714/1830/1578 2699/2861/2490 1899/2356/2058
f 2700/2862/2491 392/2642/104 1903/1832/1580
f 715/2346/2049 2700/2862/2491 1903/1832/1580
f 329/2863/2173 2701/379/229 1907/1839/108
f 1908/1841/1586 1238/2375/2076 456/2376/2077
f 716/1845/1590 2702/2864/2492 1908/1841/1586
f 2703/2865/108 394/2613/107 1912/1847/108
f 1915/2866/108 1912/1847/108 717/2334/108
f 1916/1855/1597 764/374/224 2704/376/226
f 1917/2331/2038 1236/2867/2493 455/1857/1599
f 718/2327/2034 2705/2868/2494 1917/2331/2038
f 2706/2869/2495 396/2582/2258 1921/1862/1604
f 1924/2870/2496 1921/1862/1604 719/1866/1608
f 333/2871/1641 2707/371/221 1925/1869/1611
f 1926/2319/2027 1234/2400/2100 454/1872/1614
f 720/1875/1617 2708/2872/2497 1926/2319/2027
f 2709/2873/180 326/2874/2332 1930/1877/180
f 1933/2875/180 1930/1877/180 721/2309/180
f 2710/370/220 453/1884/1624 1934/2876/2498
f 722/2303/2016 2710/370/220 1934/2876/2498
f 1937/1891/1630 1148/368/218 2710/370/220
f 1938/2302/2015 1232/366/216 452/1893/1632
f 723/1896/1635 2711/367/217 1938/2302/2015
f 383/2404/2104 2711/367/217 1941/1899/1638
f 1942/2296/2009 766/363/213 333/1902/1641
f 724/2291/2005 2712/364/214 1942/2296/2009
f 382/1908/1646 2712/364/214 1945/1909/1647
f 1946/1910/1648 1229/361/211 449/2770/2418
f 725/2287/2001 2713/359/209 1946/1910/1648
f 1949/1918/1656 772/2412/2112 2713/359/209
f 1950/1919/1657 1228/357/207 448/2465/2165
f 726/1923/1661 2714/358/208 1950/1919/1657
f 1953/1926/1664 813/356/206 2714/358/208
f 1954/1928/1666 771/355/171 337/2877/2499
f 1957/1935/1673 1954/1928/1666 727/2279/1993
f 378/2763/2411 2715/353/204 1957/1935/1673
f 2716/352/203 445/2760/2408 1958/1937/1675
f 1961/1945/1683 1958/1937/1675 728/2274/1988
f 339/1944/1682 2716/352/203 1961/1945/1683
f 1962/1946/1684 1224/349/200 444/2512/2201
f 1965/1954/1692 1962/1946/1684 729/2270/1984
f 1965/1954/1692 809/2471/2171 2717/347/198
f 1966/2878/2500 1157/346/197 400/1956/1694
f 730/2266/1980 2718/344/195 1966/2878/2500
f 1969/1963/1701 808/2754/2402 2718/344/195
f 2719/341/192 441/2750/2398 1970/1964/1702
f 1973/1971/1708 1970/1964/1702 731/2262/1976
f 386/2879/2427 2719/341/192 1973/1971/1708
f 2720/338/189 440/1974/1711 1974/2880/2501
f 732/2256/1970 2720/338/189 1974/2880/2501
f 1977/1981/1718 805/2518/2207 2720/338/189
f 2721/335/186 401/2422/2122 1978/1982/1719
f 1981/1989/1726 1978/1982/1719 733/2251/1965
f 1981/1989/1726 804/2743/2391 2721/335/186
f 1982/1993/1730 802/332/183 2722/334/185
f 367/2735/180 2723/331/182 1983/1995/1732
f 365/2571/2247 2724/328/179 1984/1998/1735
f 364/2001/1738 2725/325/176 1985/2002/1739
f 337/2881/2499 2726/322/173 1986/2004/1740
f 1987/2882/2502 1210/2588/2264 433/2007/1743
f 1990/2883/2503 1987/2882/2502 734/2244/1958
f 1991/2012/1748 1160/2884/2504 402/2393/2093
f 735/2239/1953 2728/2885/2505 1991/2012/1748
f 1995/2019/1755 796/2594/2270 2729/317/168
f 361/2722/2372 2730/316/167 1996/2022/1758
f 359/2025/1761 2731/313/164 1997/2026/1762
f 1998/2029/1765 792/308/159 2732/310/161
f 1999/2032/128 770/2489/2183 2733/305/128
f 2734/2886/2506 428/2034/1768 2000/2233/1947
f 2003/2228/1942 2000/2233/1947 736/2037/1771
f 2004/2039/1773 1162/2887/2507 403/2382/2083
f 737/2222/1936 2735/2888/2508 2004/2039/1773
f 356/2624/2296 2736/302/155 2008/2046/1780
f 355/2708/108 2737/301/154 2009/2049/154
f 353/2052/1784 2738/298/152 2010/2053/1785
f 2011/2056/1788 786/2701/2352 2739/293/147
f 335/2889/106 2740/292/108 2012/2058/108
f 2013/2216/1930 1194/2890/2509 423/2061/1791
f 738/2210/1924 2741/2891/2510 2013/2216/1930
f 2017/2892/2511 1164/2893/2512 404/2067/1797
f 2020/2204/1918 2017/2892/2511 739/2070/1800
f 350/2073/1803 2743/287/144 2021/2074/1804
f 349/2692/105 2744/286/143 2022/2076/1806
f 347/2079/1809 2745/283/141 2023/2080/1810
f 2024/2083/1813 780/278/136 2746/280/138
f 334/2894/2428 2747/275/133 2025/2085/1814
f 2026/2197/1911 1186/2895/2513 418/2088/1817
f 740/2192/1906 2748/2896/2514 2026/2197/1911
f 2030/2190/1904 1166/2897/2515 405/2094/1823
f 741/2097/1826 2749/2898/2516 2030/2190/1904
f 2034/2101/1830 751/272/131 2750/274/105
f 319/2899/2221 2751/269/108 2035/2103/108
f 2036/2106/1833 753/2508/2197 2752/266/128
f 2037/2110/1836 754/263/119 2753/265/127
f 2038/2178/1895 1181/262/125 417/2112/1838
f 2041/2119/1844 2038/2178/1895 742/2115/1841
f 406/2118/1571 2754/260/123 2041/2119/1844
f 2755/259/122 416/2121/1846 2042/2900/2517
f 2045/2127/1852 2042/2900/2517 743/2124/1849
f 2045/2127/1852 756/257/120 2755/259/122
f 2756/254/117 321/2901/1835 2046/2129/1854
f 744/2133/1858 2756/254/117 2046/2129/1854
f 322/2426/2126 2756/254/117 2049/2136/1861
f 2757/253/116 317/2902/1872 2050/2138/1863
f 2053/2145/1869 2050/2138/1863 745/2142/1867
f 410/2903/2452 2757/253/116 2053/2145/1869
f 2054/2149/1873 750/248/112 2758/250/114
f 2055/2151/1875 749/2459/2159 2759/245/109
f 315/2904/106 2760/244/108 2056/2154/108
f 314/2157/1877 2761/241/105 2057/2158/105
f 2597/647/480 1372/649/482 2087/2077/1807
f 747/239/103 138/2638/2214 1172/240/104
f 748/242/106 140/2497/2187 1174/243/107
f 2759/245/109 749/2459/2159 139/246/110
f 750/248/112 137/2905/2328 746/249/113
f 1171/251/115 137/2906/2328 750/252/112
f 2756/254/117 755/2428/2128 144/255/118
f 756/257/120 145/2418/2118 1180/258/121
f 2754/260/123 1167/2907/2518 141/261/124
f 754/263/119 144/2389/118 1182/264/126
f 2752/266/128 753/2508/2197 143/267/129
f 2751/269/108 752/2908/2224 142/270/130
f 751/272/131 141/2357/124 1185/273/132
f 2747/275/133 768/2909/634 154/276/134
f 780/278/136 165/2654/2319 1165/279/137
f 781/281/139 166/2658/2323 1190/282/140
f 783/284/105 147/2636/2307 1141/285/142
f 2743/287/144 784/2651/2316 167/288/145
f 769/290/106 155/2697/106 1195/291/108
f 2739/293/147 786/2701/2352 164/294/148
f 787/296/150 168/2631/2303 1198/297/151
f 789/299/108 149/2608/107 1143/300/153
f 2736/302/155 790/2625/2297 169/303/156
f 2733/305/128 770/2489/2183 156/306/158
f 792/308/159 163/2598/2274 1161/309/160
f 793/311/162 170/2602/2278 1206/312/163
f 795/314/165 151/2577/2253 1145/315/166
f 2729/317/168 796/2594/2270 171/318/169
f 771/320/171 157/2910/205 1211/321/172
f 798/323/174 162/2566/2242 1159/324/175
f 799/326/177 172/2572/2248 1214/327/178
f 801/329/180 153/2736/113 767/330/181
f 802/332/183 173/2562/2238 1217/333/184
f 2721/335/186 804/2743/2391 161/336/187
f 2720/338/189 805/2518/2207 174/339/190
f 2719/341/192 1140/2911/619 146/342/193
f 2718/344/195 808/2754/2402 160/345/196
f 2717/347/198 809/2471/2171 175/348/199
f 773/350/201 159/2537/2218 1225/351/202
f 2715/353/204 812/2765/2413 157/354/205
f 813/356/206 176/2438/2138 1228/357/207
f 2713/359/209 772/2412/2112 158/360/210
f 816/362/212 152/2773/222 766/363/213
f 817/365/215 177/2405/2105 1232/366/216
f 1148/368/218 154/2778/134 1233/369/219
f 2707/371/221 766/2912/213 152/372/222
f 764/374/224 150/2449/2149 1237/375/225
f 762/377/227 148/2782/2175 1239/378/228
f 2698/380/230 760/2913/715 146/381/193
f 2697/383/231 841/2858/2488 199/384/232
f 893/386/233 265/2355/2057 1139/387/234
f 894/389/236 266/2354/2056 1245/390/237
f 896/392/239 184/2349/104 1058/393/104
f 2692/395/241 897/2367/2068 267/396/242
f 842/398/244 201/2344/2047 1251/399/108
f 899/401/245 264/2343/2046 1138/402/246
f 900/404/248 268/2342/2045 1254/405/249
f 902/407/108 186/2338/107 1060/408/107
f 2685/410/251 903/2378/2079 269/411/252
f 843/413/254 203/2448/2148 1260/414/255
f 905/416/257 263/2330/2037 1137/417/258
f 2681/419/260 906/2383/2084 270/420/261
f 2679/422/263 908/2325/2032 188/423/264
f 2678/425/266 909/2388/2089 271/426/267
f 2676/428/269 844/2847/301 205/429/270
f 911/431/272 262/2318/2026 1136/432/273
f 2674/434/275 912/2395/2095 272/435/276
f 914/437/180 198/2313/113 840/438/278
f 2671/440/279 915/2401/2101 273/441/280
f 2669/443/282 917/2307/2019 261/444/283
f 2668/446/285 918/2410/2110 274/447/286
f 1057/449/288 183/2914/2519 1281/450/289
f 921/452/291 260/2301/2014 1134/453/292
f 922/455/294 275/2300/2013 1284/456/295
f 886/458/297 259/2298/2011 1285/459/298
f 925/461/300 205/2295/270 844/462/301
f 2662/464/303 926/2434/2134 276/465/304
f 2661/467/306 885/2775/2422 258/468/307
f 2660/470/309 929/2290/2004 257/471/310
f 2659/473/312 930/2446/2146 277/474/313
f 2658/476/315 849/2419/2119 210/477/316
f 2657/479/318 933/2286/2000 256/480/319
f 934/482/321 278/2285/1999 1296/483/322
f 882/485/324 255/2437/2137 1297/486/325
f 2654/488/327 937/2282/1996 209/489/328
f 938/491/330 279/2281/1995 1300/492/331
f 881/494/333 254/2764/2412 1301/495/334
f 2651/497/336 941/2278/1992 253/498/337
f 942/500/339 280/2277/1991 1304/501/340
f 2649/503/342 850/2545/2225 211/504/343
f 945/506/345 252/2273/1987 1126/507/346
f 2647/509/348 946/2503/2192 281/510/349
f 878/512/351 251/2271/1985 1309/513/352
f 949/515/354 192/2269/1983 1066/516/355
f 2644/518/357 950/2514/2203 282/519/358
f 877/521/360 250/2267/1981 1313/522/361
f 2642/524/363 953/2265/1979 249/525/364
f 954/527/366 283/2264/1978 1316/528/367
f 1053/530/369 178/2915/2520 1317/531/370
f 2639/533/372 957/2261/1975 248/534/373
f 958/536/375 284/2260/1974 1320/537/376
f 2637/539/378 874/2527/2212 247/540/379
f 2636/542/381 961/2255/1969 193/543/382
f 962/545/384 285/2254/1968 1324/546/385
f 2634/548/387 873/2748/2396 246/549/388
f 2633/551/390 965/2916/2521 245/552/391
f 2632/554/393 966/2917/2522 286/555/394
f 2631/557/396 872/2567/2243 244/558/397
f 871/560/399 243/2250/1964 1330/561/400
f 968/563/401 242/2731/2381 1116/564/402
f 2628/566/404 969/2835/2470 287/567/405
f 2627/569/407 870/2578/2254 241/570/408
f 2626/572/410 869/2732/2382 240/573/411
f 848/575/329 209/2918/328 1336/576/413
f 2624/578/415 971/2248/1962 239/579/416
f 972/581/418 288/2247/1961 1339/582/419
f 2621/584/420 974/2242/1956 194/585/421
f 975/587/423 289/2241/1955 1343/588/424
f 977/590/426 238/2724/2374 1112/591/427
f 978/593/429 290/2919/2523 1347/594/430
f 867/596/432 237/2237/1951 1348/597/433
f 2615/599/435 866/2726/2376 236/600/436
f 980/602/438 235/2920/2524 1109/603/439
f 2613/605/441 981/2829/2464 291/606/442
f 2612/608/444 865/2609/2284 234/609/445
f 2611/611/447 864/2720/2370 233/612/448
f 847/614/450 208/2234/1948 1355/615/128
f 2609/617/451 983/2232/1946 232/618/452
f 984/620/454 292/2231/1945 1358/621/455
f 2606/623/457 986/2226/1940 195/624/458
f 987/626/460 293/2225/1939 1362/627/461
f 989/629/463 231/2921/2525 1105/630/464
f 2602/632/466 990/2922/2526 294/633/467
f 862/635/469 230/2220/1934 1367/636/470
f 2600/638/472 861/2713/2363 229/639/473
f 992/641/474 228/2703/2354 1102/642/475
f 2598/644/477 993/2823/2458 295/645/478
f 2597/647/480 860/2637/2308 227/648/481
f 2596/650/483 859/2705/2356 226/651/484
f 846/653/106 207/2217/1931 1374/654/108
f 2594/656/486 995/2215/1929 225/657/487
f 996/659/108 296/2214/1928 1377/660/108
f 2591/662/489 998/2208/1922 196/663/490
f 999/665/492 297/2207/1921 1381/666/493
f 1001/668/495 224/2695/2347 1098/669/496
f 1002/671/498 298/2923/105 1385/672/499
f 2586/674/501 857/2655/2320 223/675/502
f 856/677/504 222/2201/1915 1387/678/505
f 1004/680/507 221/2924/2527 1095/681/508
f 2583/683/510 1005/2816/2453 299/684/511
f 2582/686/513 855/2667/2326 220/687/514
f 2581/689/516 854/2689/2342 219/690/517
f 845/692/519 206/2198/1912 1393/693/520
f 1007/695/521 218/2196/1910 1092/696/522
f 1008/698/524 300/2195/1909 1396/699/525
f 2576/701/527 1010/2189/1903 197/702/528
f 1011/704/530 301/2188/1902 1400/705/531
f 825/707/533 183/2925/2519 1402/708/534
f 2572/710/536 1013/2810/2447 217/711/537
f 1014/713/105 302/2926/105 1405/714/539
f 1016/716/105 200/2634/104 1074/717/104
f 2569/719/541 1017/2807/2445 303/720/542
f 827/722/106 185/2181/106 1409/723/108
f 1019/725/544 216/2627/2299 1090/726/545
f 2566/728/547 1020/2927/2528 304/729/548
f 1022/731/108 202/2928/2529 1076/732/550
f 1023/734/551 305/2707/2358 1415/735/552
f 829/737/554 187/2180/1896 1416/738/128
f 1025/740/555 215/2929/2530 1089/741/556
f 2561/743/558 1026/2930/128 306/744/559
f 1028/746/128 204/2931/2531 1078/747/561
f 2559/749/562 1029/2799/2438 307/750/563
f 831/752/565 189/2932/595 1423/753/566
f 2557/755/568 1031/2933/2532 214/756/569
f 2556/758/571 1032/2794/2434 308/759/572
f 1034/761/180 182/2934/113 824/762/113
f 1035/764/574 309/2734/2384 1429/765/575
f 1037/767/577 213/2177/1894 1087/768/578
f 1038/770/580 310/2176/1893 1432/771/581
f 2551/773/583 1073/2935/1573 199/774/232
f 2550/776/585 1041/2172/1889 212/777/586
f 2549/779/588 1042/2761/2409 311/780/589
f 833/782/591 191/2170/1887 1437/783/592
f 2547/785/594 1045/2168/1885 189/786/595
f 1046/788/596 312/2167/1884 1440/789/597
f 832/791/599 190/2427/2127 1441/792/600
f 2544/794/602 1049/2164/1881 181/795/603
f 1050/797/605 313/2163/1880 1444/798/606
f 1080/800/608 206/2936/1912 1445/801/609
f 823/803/604 181/2937/603 1446/804/611
f 2540/806/613 822/2463/2163 180/807/614
f 2539/809/108 821/2784/2191 179/810/616
f 820/812/617 178/2938/2520 1449/813/618
f 1140/815/619 386/2783/2427 1450/816/105
f 2536/818/620 1142/2939/2189 387/819/621
f 1144/821/623 388/2462/2162 1452/822/624
f 2534/824/626 1146/2781/647 389/825/627
f 2533/827/628 1454/2780/2426 617/828/629
f 2532/830/631 1455/2777/2424 618/831/632
f 768/833/634 334/2785/2428 1457/834/635
f 2530/836/637 1458/2776/2423 616/837/638
f 2529/839/640 1459/2774/2421 619/840/641
f 1443/842/643 615/2779/2425 1461/843/644
f 1462/845/646 389/2786/627 1146/846/647
f 2526/848/649 1463/2772/2420 620/849/650
f 1442/851/652 614/2162/1879 1465/852/653
f 2524/854/655 1466/2771/2419 613/855/656
f 2523/857/658 1467/2769/2417 621/858/659
f 1155/860/661 398/2430/2130 1469/861/662
f 2521/863/664 1470/2787/2429 612/864/665
f 1471/866/667 622/2766/2414 1472/867/668
f 2519/869/670 1439/2767/2415 611/870/671
f 1474/872/673 397/2788/2430 1154/873/674
f 1475/875/676 623/2762/2410 1476/876/677
f 1438/878/679 610/2166/1883 1477/879/680
f 2515/881/682 1478/2789/2431 609/882/683
f 1479/884/685 624/2759/2407 1480/885/686
f 2513/887/688 1156/2554/2230 399/888/689
f 1482/890/691 608/2752/2400 1043/891/692
f 1483/893/694 625/2755/2403 1484/894/695
f 2510/896/697 1435/2757/2405 607/897/698
f 1486/899/700 340/2441/2141 774/900/701
f 1487/902/703 626/2751/2399 1488/903/704
f 2507/905/706 1434/2171/1888 606/906/707
f 1490/908/709 605/2174/1891 1040/909/710
f 1491/911/712 627/2749/2397 1492/912/713
f 760/914/715 327/2790/2432 1493/915/716
f 1494/917/718 604/2741/2389 1039/918/719
f 2502/920/721 1495/2745/2393 628/921/722
f 2501/923/724 1431/2746/2394 603/924/725
f 2500/926/727 1498/2744/2392 341/927/728
f 2499/929/730 1499/2740/2388 629/930/731
f 2498/932/733 1430/2175/1892 602/933/734
f 2497/935/736 1502/2791/2433 601/936/737
f 1503/938/739 630/2737/2385 1504/939/740
f 2495/941/742 1428/2738/2386 600/942/743
f 1506/944/180 390/2792/113 1147/945/113
f 2493/947/745 1507/2733/2383 631/948/746
f 1427/950/748 599/2793/180 1509/951/749
f 1510/953/751 598/2728/2378 1033/954/752
f 1511/956/754 632/2729/2379 1512/957/755
f 2489/959/757 1425/2940/2533 597/960/758
f 2488/962/760 1514/2795/2435 342/963/761
f 1515/965/763 633/2727/2377 1516/966/764
f 1424/968/766 596/2796/2436 1517/969/767
f 1154/971/674 397/2797/2430 1518/972/769
f 2484/974/771 1519/2798/2437 595/975/772
f 1520/977/774 634/2723/2373 1521/978/775
f 2482/980/777 1421/2941/128 594/981/778
f 1523/983/780 332/2574/2250 765/984/781
f 1524/986/783 635/2721/2371 1525/987/784
f 1420/989/786 593/2800/2439 1526/990/787
f 1527/992/789 592/2715/2365 1027/993/790
f 1528/995/792 636/2717/2367 1529/996/793
f 2476/998/795 1418/2718/2368 591/999/796
f 2475/1001/798 1531/2801/2440 343/1002/799
f 1532/1004/801 637/2714/2364 1533/1005/802
f 2473/1007/804 1417/2716/2366 590/1008/805
f 1152/1010/807 395/2510/2199 1535/1011/128
f 2471/1013/808 1536/2802/2441 589/1014/809
f 1537/1016/811 638/2709/2359 1538/1017/812
f 2469/1019/814 1414/2711/2361 588/1020/815
f 1540/1022/108 330/2605/2281 763/1023/107
f 2467/1025/817 1541/2706/2357 639/1026/818
f 1413/1028/820 587/2803/2442 1543/1029/821
f 1544/1031/823 586/2699/2350 1021/1032/824
f 1545/1034/826 640/2702/2353 1546/1035/827
f 1411/1037/829 585/2804/2443 1547/1038/830
f 2462/1040/832 1548/2805/2444 344/1041/833
f 1549/1043/835 641/2698/2349 1550/1044/836
f 2460/1046/838 1410/2700/2351 584/1047/839
f 1150/1049/106 393/2806/106 1552/1050/108
f 1553/1052/841 583/2691/2344 1018/1053/842
f 1554/1055/844 642/2694/2346 1555/1056/845
f 2456/1058/847 1407/2942/2534 582/1059/848
f 2455/1061/105 1557/2693/2345 328/1062/850
f 2454/1064/852 1558/2690/2343 643/1065/853
f 2453/1067/855 1406/2943/2535 581/1068/856
f 1561/1070/858 580/2685/2338 1015/1071/859
f 2451/1073/861 1562/2687/2340 644/1074/862
f 1404/1076/864 579/2808/105 1564/1077/865
f 2449/1079/867 1565/2809/2446 345/1080/868
f 1566/1082/870 645/2684/2337 1567/1083/871
f 2447/1085/873 1403/2686/2339 578/1086/874
f 2446/1088/876 1148/2683/218 391/1089/877
f 1570/1091/879 577/2186/1900 1012/1092/880
f 1571/1094/882 646/2681/2335 1572/1095/883
f 1399/1097/885 576/2682/2336 1574/1098/886
f 1398/1100/888 575/2187/1901 1575/1101/889
f 2440/1103/891 1576/2814/2451 574/1104/892
f 1577/1106/894 647/2675/2331 1578/1107/895
f 2437/1109/897 1395/2673/2329 573/1110/898
f 2436/1112/900 1394/2194/1908 572/1113/901
f 1171/1115/115 410/2815/2452 1582/1116/105
f 1188/1118/903 419/2688/2341 1583/1119/904
f 1189/1121/906 420/2664/2325 1584/1122/907
f 2432/1124/909 1585/2668/2327 571/1125/910
f 2431/1127/912 1586/2660/105 648/1128/913
f 1389/1130/105 570/2944/105 1588/1131/915
f 2429/1133/916 1589/2659/2324 348/1134/917
f 1590/1136/919 649/2656/2321 1591/1137/920
f 2427/1139/922 1388/2657/2322 569/1140/923
f 2426/1142/925 1191/2696/2348 421/1143/926
f 1192/1145/928 422/2653/2318 1594/1146/929
f 1595/1148/931 568/2649/2314 1003/1149/932
f 2423/1151/934 1596/2652/2317 650/1152/935
f 1384/1154/937 567/2817/2454 1598/1155/938
f 2421/1157/940 1599/2818/2455 351/1158/941
f 1600/1160/943 651/2648/2313 1601/1161/944
f 2419/1163/946 1383/2650/2315 566/1164/947
f 2418/1166/949 1603/2647/2312 565/1167/950
f 2417/1169/952 1604/2645/2310 652/1170/953
f 1380/1172/955 564/2646/2311 1607/1173/956
f 1379/1175/958 563/2206/1920 1608/1176/959
f 1609/1178/961 562/2211/1925 997/1179/962
f 1610/1181/108 653/2640/108 1611/1182/108
f 1376/1184/108 561/2643/108 1613/1185/108
f 2409/1187/964 1375/2213/1927 560/1188/965
f 1173/1190/106 411/2822/106 1615/1191/108
f 2407/1193/967 1196/2704/2355 424/1194/968
f 1197/1196/970 425/2635/2306 1617/1197/971
f 1618/1199/973 559/2630/2302 994/1200/974
f 2404/1202/976 1619/2633/2305 654/1203/977
f 2403/1205/979 1370/2945/108 558/1206/980
f 2402/1208/982 1622/2632/2304 354/1209/983
f 2401/1211/985 1623/2629/2301 655/1212/986
f 1369/1214/988 557/2824/2459 1625/1215/989
f 1199/1217/991 426/2712/2362 1626/1218/992
f 1200/1220/994 427/2628/2300 1627/1221/995
f 1628/1223/997 556/2622/2294 991/1224/998
f 2396/1226/1000 1629/2626/2298 656/1227/1001
f 1365/1229/1003 555/2825/2460 1631/1230/1004
f 1632/1232/1006 357/2710/2360 791/1233/1007
f 1633/1235/1009 657/2621/2293 1634/1236/1010
f 2392/1238/1012 1364/2623/2295 554/1239/1013
f 2391/1241/1015 1636/2620/2292 553/1242/1016
f 2390/1244/1018 1637/2617/2289 658/1245/1019
f 1361/1247/1021 552/2619/2291 1640/1248/1022
f 2387/1250/1024 1360/2224/1938 551/1251/1025
f 2386/1253/1027 1642/2615/2287 550/1254/1028
f 1643/1256/128 659/2611/2285 1644/1257/1030
f 1357/1259/128 549/2614/2286 1646/1260/128
f 1356/1262/1031 548/2230/1944 1647/1263/1032
f 1175/1265/1034 412/2495/2186 1648/1266/128
f 1204/1268/1035 429/2719/2369 1649/1269/1036
f 2379/1271/1038 1205/2607/2283 430/1272/1039
f 1651/1274/1041 547/2600/2276 982/1275/1042
f 2377/1277/1044 1652/2604/2280 660/1278/1045
f 2376/1280/1047 1351/2606/2282 546/1281/1048
f 2375/1283/1050 1655/2603/2279 360/1284/1051
f 2374/1286/1053 1656/2599/2275 661/1287/1054
f 2373/1289/1056 1350/2601/2277 545/1290/1057
f 1207/1292/1059 431/2725/2375 1659/1293/1060
f 2371/1295/1062 1208/2597/2273 432/1296/1063
f 1661/1298/1065 544/2591/2267 979/1299/1066
f 2369/1301/1068 1662/2596/2272 662/1302/1069
f 1346/1304/1071 543/2830/2465 1664/1305/1072
f 2367/1307/1074 1665/2595/2271 363/1308/1075
f 2366/1310/1077 1666/2590/2266 663/1311/1078
f 2365/1313/1080 1345/2592/2268 542/1314/1081
f 2364/1316/1083 1669/2589/2265 541/1317/1084
f 2363/1319/1086 1670/2587/2263 664/1320/1087
f 2361/1322/1089 1342/2585/2261 540/1323/1090
f 2360/1325/1092 1341/2240/1954 539/1326/1093
f 1675/1328/1095 538/2245/1959 973/1329/1096
f 2358/1331/1098 1676/2580/2256 665/1332/1099
f 1338/1334/1101 537/2584/2260 1679/1335/180
f 1337/1337/1102 536/2246/1960 1680/1338/1103
f 2354/1340/1105 1177/2946/1330 413/1341/1106
f 2353/1343/1108 1212/2579/2255 434/1344/1109
f 1213/1346/1111 435/2576/2252 1683/1347/1112
f 1684/1349/1114 535/2569/2245 970/1350/1115
f 2350/1352/1117 1685/2573/2249 666/1353/1118
f 2349/1355/1120 1332/2575/2251 534/1356/1121
f 1688/1358/1123 366/2730/2380 800/1359/1124
f 2347/1361/1126 1689/2568/2244 667/1362/1127
f 2346/1364/1129 1331/2570/2246 533/1365/1130
f 1215/1367/1132 436/2739/2387 1692/1368/182
f 1216/1370/1134 437/2565/2241 1693/1371/1135
f 1694/1373/1137 532/2559/2235 967/1374/1138
f 2342/1376/1140 1695/2564/2240 668/1377/1141
f 1327/1379/1143 531/2836/2471 1697/1380/1144
f 2340/1382/1146 1698/2563/2239 369/1383/1147
f 1699/1385/1149 669/2558/2234 1700/1386/1150
f 2338/1388/1152 1326/2560/2236 530/1389/1153
f 1702/1391/1155 529/2252/1966 964/1392/1156
f 2336/1394/1158 1703/2556/2232 670/1395/1159
f 1218/1397/1161 438/2747/2395 1705/1398/1162
f 2334/1400/1164 1706/2555/2231 528/1401/1165
f 1707/1403/1167 671/2553/2229 1708/1404/1168
f 1323/1406/1170 527/2557/2233 1709/1407/1171
f 1710/1409/1173 325/2415/2115 758/1410/1174
f 2330/1412/1176 1711/2551/2227 672/1413/1177
f 1322/1415/1179 526/2253/1967 1713/1416/1180
f 1714/1418/1182 525/2257/1971 960/1419/1183
f 1715/1421/1185 673/2546/2226 1716/1422/1186
f 1219/1424/1185 439/2524/2211 1717/1425/1187
f 1718/1427/1188 524/2536/2217 959/1428/1189
f 2324/1430/1191 1719/2539/2220 674/1431/1192
f 2323/1433/1194 1319/2542/2222 523/1434/1195
f 2322/1436/1197 1722/2538/2219 372/1437/1198
f 2321/1439/1200 1723/2535/2216 675/1440/1201
f 1318/1442/1203 522/2259/1973 1725/1443/1204
f 2319/1445/1206 1726/2534/2215 521/1446/1207
f 2318/1448/1209 1727/2528/2213 676/1449/1210
f 747/1451/103 314/2837/1877 1729/1452/1212
f 1730/1454/1213 520/2517/2206 955/1455/1214
f 1731/1457/1216 677/2520/2209 1732/1458/1217
f 2314/1460/1218 1315/2523/2210 519/1461/1219
f 2313/1463/1221 1734/2519/2208 373/1464/1222
f 2312/1466/1224 1735/2516/2205 678/1467/1225
f 2311/1469/1227 1314/2263/1977 518/1470/1228
f 2310/1472/1230 1738/2515/2204 517/1473/1231
f 2309/1475/1233 1739/2511/2200 679/1476/1234
f 1222/1478/1236 442/2758/2406 1741/1479/1237
f 1742/1481/1239 516/2506/2195 951/1482/1240
f 1743/1484/1242 680/2509/2198 1744/1485/1243
f 2305/1487/1245 1311/2513/2202 515/1488/1246
f 2304/1490/1248 1746/2838/2472 324/1491/1249
f 2303/1493/1251 1747/2505/2194 681/1494/1252
f 2302/1496/1254 1310/2268/1982 514/1497/1255
f 2301/1499/1257 1750/2504/2193 513/1500/1258
f 1751/1502/1260 682/2498/2188 1752/1503/1261
f 2299/1505/1263 1223/2476/2174 443/1506/1264
f 1754/1508/1266 512/2487/2181 947/1509/1267
f 1755/1511/1269 683/2491/2185 1756/1512/1270
f 2296/1514/1272 1307/2501/2190 511/1515/1273
f 2295/1517/1275 1758/2490/2184 376/1518/1276
f 2294/1520/1278 1759/2486/2180 684/1521/1279
f 1306/1523/1281 510/2272/1986 1761/1524/1282
f 2292/1526/1284 1762/2485/2179 509/1527/1285
f 2291/1529/1287 1763/2479/2176 685/1530/1288
f 1179/1532/1290 415/2543/2223 1765/1533/1291
f 1766/1535/1293 508/2469/2169 943/1536/1294
f 2288/1538/1296 1767/2472/2172 686/1539/1297
f 1303/1541/1299 507/2483/2178 1769/1542/1300
f 1770/1544/1302 377/2756/2404 811/1545/1303
f 2285/1547/1305 1771/2468/2168 687/1548/1306
f 2284/1550/1308 1302/2276/1990 506/1551/1309
f 2283/1553/1311 1774/2467/2167 505/1554/1312
f 1775/1556/1314 688/2464/2164 1776/1557/1315
f 2281/1559/1317 1226/2768/2416 446/1560/1318
f 1778/1562/1320 504/2457/2157 939/1563/1321
f 1779/1565/1323 689/2460/2160 1780/1566/1324
f 1299/1568/1326 503/2466/2166 1781/1569/1327
f 1782/1571/1329 413/2839/1106 1177/1572/1330
f 2276/1574/1332 1783/2456/2156 690/1575/1333
f 2275/1577/1335 1298/2280/1994 502/1578/1336
f 2274/1580/1338 1786/2455/2155 501/1581/1339
f 2273/1583/1341 1787/2454/2154 691/1584/1342
f 1227/1586/1344 447/2442/2142 1789/1587/1345
f 2271/1589/1347 1790/2453/2153 500/1590/1348
f 2270/1592/1350 1791/2450/2150 692/1593/1351
f 2269/1595/1353 1295/2451/2151 499/1596/1354
f 1794/1598/1356 380/2461/2161 814/1599/1357
f 1795/1601/1359 693/2447/2147 1796/1602/1360
f 1294/1604/1362 498/2284/1998 1797/1605/1363
f 2265/1607/1365 1798/2840/2473 497/1608/1366
f 1799/1610/1368 694/2444/2144 1800/1611/1369
f 2263/1613/1371 1178/2417/2117 414/1614/1372
f 2262/1616/1374 1802/2443/2143 496/1617/1375
f 2261/1619/1377 1803/2440/2140 695/1620/1378
f 2260/1622/1380 1291/2445/2145 495/1623/1381
f 2259/1625/1383 1806/2439/2139 381/1626/1384
f 1807/1628/1386 696/2435/2135 1808/1629/1387
f 2257/1631/1389 1290/2289/2003 494/1632/1390
f 1810/1634/1392 493/2292/2006 928/1635/1393
f 1811/1637/1395 697/2431/2131 1812/1638/1396
f 2254/1640/1398 1230/2432/2132 450/1641/1399
f 1814/1643/1401 492/2425/2125 927/1644/1402
f 1815/1646/1404 698/2429/2129 1816/1647/1405
f 2251/1649/1407 1287/2433/2133 491/1650/1408
f 1818/1652/1410 409/2841/2474 1170/1653/1411
f 1819/1655/1413 699/2424/2124 1820/1656/1414
f 2248/1658/1416 1286/2294/2008 490/1659/1417
f 2247/1661/1419 1822/2423/2123 489/1662/1420
f 1823/1664/1422 700/2421/2121 1824/1665/1423
f 1231/1667/1425 451/2407/2107 1825/1668/1426
f 2244/1670/1428 1826/2420/2120 488/1671/1429
f 1827/1673/1431 701/2414/2114 1828/1674/1432
f 2242/1676/1434 1283/2416/2116 487/1677/1435
f 2241/1679/1437 1830/2413/2113 384/1680/1438
f 2240/1682/1440 1831/2411/2111 702/1683/1441
f 1282/1685/1443 486/2299/2012 1833/1686/1444
f 1834/1688/1446 485/2304/2017 920/1689/1447
f 2237/1691/1449 1835/2408/2108 703/1692/1450
f 751/1694/131 318/2842/1829 1837/1695/1452
f 1838/1697/1454 484/2403/2103 919/1698/1455
f 1839/1700/1457 704/2406/2106 1840/1701/1458
f 2233/1703/1460 1279/2409/2109 483/1704/1461
f 2232/1706/1463 1842/2843/2475 385/1707/1464
f 1843/1709/1466 705/2402/2102 1844/1710/1467
f 2230/1712/1469 1278/2306/2018 482/1713/1470
f 1846/1715/1472 481/2311/2021 916/1716/1473
f 1847/1718/1475 706/2399/2099 1848/1719/1476
f 2226/1721/1478 1275/2397/2097 480/1722/1479
f 1274/1724/1481 479/2312/180 1851/1725/180
f 2224/1727/1482 1852/2396/2096 478/1728/1483
f 2223/1730/1485 1853/2391/2091 707/1731/1486
f 2221/1733/1488 1271/2390/2090 477/1734/1489
f 1270/1736/1491 476/2317/2025 1857/1737/1492
f 1170/1739/1411 409/2947/2474 1858/1740/1494
f 1859/1742/1496 475/2323/2030 910/1743/1497
f 2217/1745/1499 1860/2386/2087 708/1746/1500
f 2215/1748/1502 1266/2387/2088 474/1749/1503
f 2214/1751/1505 1265/2324/2031 473/1752/1506
f 2213/1754/1508 1865/2384/2085 472/1755/1509
f 2212/1757/1511 1866/2381/2082 709/1758/1512
f 2210/1760/1514 1262/2379/2080 471/1761/1515
f 1261/1763/1517 470/2329/2036 1870/1764/1518
f 1169/1766/1520 408/2452/2152 1871/1767/1521
f 1872/1769/1522 469/2336/2041 904/1770/1523
f 1873/1772/1525 710/2374/2075 1874/1773/1526
f 2204/1775/1528 1257/2377/2078 468/1776/1529
f 1256/1778/1531 467/2337/108 1877/1779/108
f 2202/1781/1533 1878/2372/2073 466/1782/1534
f 1879/1784/1536 711/2371/2072 1880/1785/1537
f 2199/1787/1539 1253/2369/2070 465/1788/1540
f 2198/1790/1542 1252/2341/2044 464/1791/1543
f 1168/1793/1545 407/2855/2177 1884/1794/108
f 2196/1796/1546 1885/2368/2069 463/1797/1547
f 1886/1799/1549 712/2364/2065 1887/1800/1550
f 1248/1802/1552 462/2366/2067 1889/1803/1553
f 1247/1805/1555 461/2348/2051 1890/1806/1556
f 2191/1808/1558 1891/2362/2063 460/1809/1559
f 1892/1811/1561 713/2360/2061 1893/1812/1562
f 2188/1814/1564 1244/2358/2059 459/1815/1565
f 2187/1817/1567 1243/2353/2055 458/1818/1568
f 2186/1820/1570 1167/2948/2518 406/1821/1571
f 1073/1823/1573 327/2859/2432 1898/1824/105
f 2184/1826/1574 1899/2356/2058 457/1827/1575
f 2183/1829/1577 1900/2351/2053 714/1830/1578
f 1903/1832/1580 392/2642/104 826/1833/104
f 1904/1835/1582 715/2346/2049 1905/1836/1583
f 1075/1838/1585 329/2863/2173 1907/1839/108
f 1908/1841/1586 456/2376/2077 891/1842/1587
f 2176/1844/1589 1909/2340/2043 716/1845/1590
f 1912/1847/108 394/2613/107 828/1848/107
f 1913/1850/1592 717/2334/108 1914/1851/1593
f 2171/1853/1595 1077/2332/2039 331/1854/1596
f 2170/1856/1598 1917/2331/2038 455/1857/1599
f 1918/1859/1601 718/2327/2034 1919/1860/1602
f 1921/1862/1604 396/2582/2258 830/1863/1605
f 2166/1865/1607 1922/2321/2028 719/1866/1608
f 1079/1868/1610 333/2871/1641 1925/1869/1611
f 2163/1871/1613 1926/2319/2027 454/1872/1614
f 2162/1874/1616 1927/2314/2022 720/1875/1617
f 1930/1877/180 326/2874/2332 1072/1878/1619
f 1931/1880/1620 721/2309/180 1932/1881/1621
f 2157/1883/1623 1934/2876/2498 453/1884/1624
f 1935/1886/1626 722/2303/2016 1936/1887/1627
f 2155/1889/1629 825/2305/533 391/1890/877
f 2154/1892/1631 1938/2302/2015 452/1893/1632
f 2153/1895/1634 1939/2297/2010 723/1896/1635
f 1133/1898/1637 383/2404/2104 1941/1899/1638
f 2151/1901/1640 1942/2296/2009 333/1902/1641
f 1943/1904/1642 724/2291/2005 1944/1905/1643
f 2149/1907/1645 1132/2293/2007 382/1908/1646
f 1946/1910/1648 449/2770/2418 884/1911/1649
f 1947/1913/1651 725/2287/2001 1948/1914/1652
f 2146/1916/1654 1084/2288/2002 338/1917/1655
f 1950/1919/1657 448/2465/2165 883/1920/1658
f 2144/1922/1660 1951/2283/1997 726/1923/1661
f 1129/1925/1663 379/2436/2136 1953/1926/1664
f 1954/1928/1666 337/2877/2499 1083/1929/1667
f 1955/1931/1669 727/2279/1993 1956/1932/1670
f 1128/1934/1672 378/2763/2411 1957/1935/1673
f 1958/1937/1675 445/2760/2408 880/1938/1676
f 1959/1940/1678 728/2274/1988 1960/1941/1679
f 2137/1943/1681 1085/2275/1989 339/1944/1682
f 1962/1946/1684 444/2512/2201 879/1947/1685
f 1963/1949/1687 729/2270/1984 1964/1950/1688
f 2134/1952/1690 1125/2470/2170 375/1953/1691
f 2133/1955/1693 1966/2878/2500 400/1956/1694
f 1967/1958/1696 730/2266/1980 1968/1959/1697
f 2131/1961/1699 1124/2753/2401 374/1962/1700
f 1970/1964/1702 441/2750/2398 876/1965/1703
f 1971/1967/1705 731/2262/1976 1972/1968/1706
f 820/1970/617 386/2879/2427 1973/1971/1708
f 2127/1973/1710 1974/2880/2501 440/1974/1711
f 1975/1976/1713 732/2256/1970 1976/1977/1714
f 2125/1979/1716 1121/2258/1972 371/1980/1717
f 1978/1982/1719 401/2422/2122 835/1983/1720
f 1979/1985/1722 733/2251/1965 1980/1986/1723
f 1120/1988/1725 370/2742/2390 1981/1989/1726
f 2121/1991/1728 1118/2561/2237 368/1992/1729
f 1117/1994/1731 367/2735/180 1983/1995/1732
f 1115/1997/1734 365/2571/2247 1984/1998/1735
f 2118/2000/1737 1114/2249/1963 364/2001/1738
f 1083/2003/1667 337/2881/2499 1986/2004/1740
f 2116/2006/1742 1987/2882/2502 433/2007/1743
f 1988/2009/1745 734/2244/1958 1989/2010/1746
f 1991/2012/1748 402/2393/2093 836/2013/1749
f 1992/2015/1751 735/2239/1953 1993/2016/1752
f 1111/2018/1754 362/2593/2269 1995/2019/1755
f 1110/2021/1757 361/2722/2372 1996/2022/1758
f 2108/2024/1760 1108/2236/1950 359/2025/1761
f 2107/2027/1763 1107/2235/1949 358/2028/1764
f 2106/2030/128 1082/2488/2182 336/2031/1766
f 2105/2033/1767 2000/2233/1947 428/2034/1768
f 2104/2036/1770 2001/2227/1941 736/2037/1771
f 2004/2039/1773 403/2382/2083 837/2040/1774
f 2005/2042/1776 737/2222/1936 2006/2043/1777
f 1104/2045/1779 356/2624/2296 2008/2046/1780
f 1103/2048/1782 355/2708/108 2009/2049/154
f 2097/2051/1783 1101/2219/1933 353/2052/1784
f 2096/2054/1786 1100/2218/1932 352/2055/1787
f 1081/2057/1789 335/2889/106 2012/2058/108
f 2094/2060/1790 2013/2216/1930 423/2061/1791
f 2014/2063/1793 738/2210/1924 2015/2064/1794
f 2091/2066/1796 2017/2892/2511 404/2067/1797
f 2090/2069/1799 2018/2203/1917 739/2070/1800
f 2088/2072/1802 1097/2202/1916 350/2073/1803
f 1096/2075/1805 349/2692/105 2022/2076/1806
f 2086/2078/1808 1094/2200/1914 347/2079/1809
f 2085/2081/1811 1093/2199/1913 346/2082/1812
f 1080/2084/608 334/2894/2428 2025/2085/1814
f 2083/2087/1816 2026/2197/1911 418/2088/1817
f 2027/2090/1819 740/2192/1906 2028/2091/1820
f 2080/2093/1822 2030/2190/1904 405/2094/1823
f 2079/2096/1825 2031/2183/1897 741/2097/1826
f 2077/2099/1828 1057/2182/288 318/2100/1829
f 1059/2102/1831 319/2899/2221 2035/2103/108
f 1061/2105/1832 320/2507/2196 2036/2106/1833
f 2074/2108/1834 1063/2179/1855 321/2109/1835
f 2073/2111/1837 2038/2178/1895 417/2112/1838
f 2072/2114/1840 2039/2173/1890 742/2115/1841
f 2071/2117/1843 841/2949/2488 406/2118/1571
f 2070/2120/1845 2042/2900/2517 416/2121/1846
f 2069/2123/1848 2043/2169/1886 743/2124/1849
f 1065/2126/1851 323/2552/2228 2045/2127/1852
f 2046/2129/1854 321/2901/1835 1063/2130/1855
f 2066/2132/1857 2047/2165/1882 744/2133/1858
f 1064/2135/1860 322/2426/2126 2049/2136/1861
f 2050/2138/1863 317/2902/1872 1056/2139/1864
f 2063/2141/1866 2051/2161/1878 745/2142/1867
f 845/2144/519 410/2903/2452 2053/2145/1869
f 2061/2147/1871 1056/2160/1864 317/2148/1872
f 1055/2150/1874 316/2458/2158 2055/2151/1875
f 1054/2153/106 315/2904/106 2056/2154/108
f 2058/2156/105 1053/2159/369 314/2157/1877
f 1449/813/618 178/2938/2520 1053/2159/369
f 179/810/616 1054/2153/106 2059/2155/108
f 180/807/614 1055/2150/1874 2060/2152/1876
f 1446/804/611 181/2937/603 1056/2160/1864
f 2051/2161/1878 2062/2146/1870 2053/2145/1869
f 617/828/629 1445/801/609 2062/2146/1870
f 1445/801/609 206/2936/1912 845/2144/519
f 2063/2141/1866 2052/2143/1868 614/2162/1879
f 1052/829/630 2063/2141/1866 1442/851/652
f 1052/829/630 617/828/629 2051/2161/1878
f 2064/2140/1865 1056/2139/1864 181/795/603
f 2052/2143/1868 2064/2140/1865 1049/2164/1881
f 745/2142/1867 2050/2138/1863 2064/2140/1865
f 2047/2165/1882 2065/2137/1862 2049/2136/1861
f 613/855/656 1441/792/600 2065/2137/1862
f 1441/792/600 190/2427/2127 1064/2135/1860
f 1438/878/679 2066/2132/1857 2048/2134/1859
f 312/2167/1884 1048/856/657 2066/2132/1857
f 1048/856/657 613/855/656 2047/2165/1882
f 1045/2168/1885 2067/2131/1856 1063/2130/1855
f 610/2166/1883 2048/2134/1859 2067/2131/1856
f 2048/2134/1859 744/2133/1858 2046/2129/1854
f 2043/2169/1886 2068/2128/1853 2045/2127/1852
f 609/882/683 1437/783/592 2068/2128/1853
f 191/2170/1887 1065/2126/1851 2068/2128/1853
f 1434/2171/1888 2069/2123/1848 2044/2125/1850
f 311/780/589 1044/883/684 2069/2123/1848
f 1044/883/684 609/882/683 2043/2169/1886
f 2070/2120/1845 851/2122/1847 212/777/586
f 606/906/707 2044/2125/1850 2070/2120/1845
f 743/2124/1849 2042/2900/2517 2070/2120/1845
f 2071/2117/1843 2041/2119/1844 742/2115/1841
f 605/2174/1891 1433/775/584 2071/2117/1843
f 199/774/232 841/2949/2488 2071/2117/1843
f 1430/2175/1892 2072/2114/1840 2040/2116/1842
f 310/2176/1893 1040/909/710 2072/2114/1840
f 1040/909/710 605/2174/1891 2039/2173/1890
f 1037/767/577 2073/2111/1837 852/2113/1839
f 602/933/734 2040/2116/1842 2073/2111/1837
f 2040/2116/1842 742/2115/1841 2038/2178/1895
f 1423/753/566 189/2932/595 1063/2179/1855
f 187/2180/1896 1061/2105/1832 2075/2107/128
f 185/2181/106 1059/2102/1831 2076/2104/108
f 1402/708/534 183/2925/2519 1057/2182/288
f 2031/2183/1897 2078/2950/2536 2033/2184/1898
f 1401/2185/1899 2078/2950/2536 2031/2183/1897
f 1398/1100/888 2079/2096/1825 2032/2098/1827
f 301/2188/1902 1012/1092/880 2079/2096/1825
f 1012/1092/880 577/2186/1900 2031/2183/1897
f 1010/2189/1903 2080/2093/1822 839/2095/1824
f 575/2187/1901 2032/2098/1827 2080/2093/1822
f 2032/2098/1827 741/2097/1826 2030/2190/1904
f 2027/2090/1819 2081/2951/2537 2029/2191/1905
f 1397/2193/1907 2081/2951/2537 2027/2090/1819
f 2082/2092/1821 2028/2091/1820 572/1113/901
f 300/2195/1909 1009/1105/893 2082/2092/1821
f 1009/1105/893 574/1104/892 2027/2090/1819
f 2083/2087/1816 853/2089/1818 218/2196/1910
f 2028/2091/1820 2083/2087/1816 1007/695/521
f 2028/2091/1820 740/2192/1906 2026/2197/1911
f 206/2198/1912 1080/2084/608 2084/2086/1815
f 1392/691/518 219/690/517 1093/2199/1913
f 1391/688/515 220/687/514 1094/2200/1914
f 222/2201/1915 1096/2075/1805 2087/2077/1807
f 1386/676/503 223/675/502 1097/2202/1916
f 2018/2203/1917 2089/2952/2538 2020/2204/1918
f 1382/2205/1919 2089/2952/2538 2018/2203/1917
f 2090/2069/1799 2019/2071/1801 563/2206/1920
f 297/2207/1921 1000/1168/951 2090/2069/1799
f 1000/1168/951 565/1167/950 2018/2203/1917
f 998/2208/1922 2091/2066/1796 838/2068/1798
f 563/2206/1920 2019/2071/1801 2091/2066/1796
f 739/2070/1800 2017/2892/2511 2091/2066/1796
f 2014/2063/1793 2092/2212/1926 2016/2209/1923
f 562/2211/1925 1378/2820/2457 2092/2212/1926
f 2093/2065/1795 2015/2064/1794 560/1188/965
f 997/1179/962 2093/2065/1795 1375/2213/1927
f 562/2211/1925 2014/2063/1793 2093/2065/1795
f 2094/2060/1790 858/2062/1792 225/657/487
f 2015/2064/1794 2094/2060/1790 995/2215/1929
f 2015/2064/1794 738/2210/1924 2013/2216/1930
f 207/2217/1931 1081/2057/1789 2095/2059/108
f 1373/652/485 226/651/484 1100/2218/1932
f 1372/649/482 227/648/481 1101/2219/1933
f 229/639/473 1103/2048/1782 2098/2050/154
f 230/2220/1934 1104/2045/1779 2099/2047/1781
f 2005/2042/1776 2100/2223/1937 2007/2221/1935
f 553/1242/1016 1363/2826/2461 2100/2223/1937
f 2101/2044/1778 2006/2043/1777 551/1251/1025
f 988/1243/1017 2101/2044/1778 1360/2224/1938
f 988/1243/1017 553/1242/1016 2005/2042/1776
f 986/2226/1940 2102/2041/1775 837/2040/1774
f 551/1251/1025 2006/2043/1777 2102/2041/1775
f 737/2222/1936 2004/2039/1773 2102/2041/1775
f 2001/2227/1941 2103/2229/1943 2003/2228/1942
f 550/1254/1028 1359/2953/2539 2103/2229/1943
f 2104/2036/1770 2002/2038/1772 548/2230/1944
f 985/1255/1029 2104/2036/1770 1356/1262/1031
f 550/1254/1028 2001/2227/1941 2104/2036/1770
f 983/2232/1946 2105/2033/1767 863/2035/1769
f 548/2230/1944 2002/2038/1772 2105/2033/1767
f 2002/2038/1772 736/2037/1771 2000/2233/1947
f 208/2234/1948 1082/2488/2182 2106/2030/128
f 1354/613/449 233/612/448 1107/2235/1949
f 1353/610/446 234/609/445 1108/2236/1950
f 236/600/436 1110/2021/1757 2109/2023/1759
f 237/2237/1951 1111/2018/1754 2110/2020/1756
f 2111/2238/1952 1994/2954/2540 735/2239/1953
f 541/1317/1084 1344/2831/2466 2111/2238/1952
f 1341/2240/1954 2112/2017/1753 1993/2016/1752
f 289/2241/1955 976/1318/1085 2112/2017/1753
f 976/1318/1085 541/1317/1084 1992/2015/1751
f 974/2242/1956 2113/2014/1750 836/2013/1749
f 539/1326/1093 1993/2016/1752 2113/2014/1750
f 735/2239/1953 1991/2012/1748 2113/2014/1750
f 2114/2243/1957 1990/2883/2503 734/2244/1958
f 538/2245/1959 1340/2833/2468 2114/2243/1957
f 2115/2011/1747 1989/2010/1746 536/2246/1960
f 973/1329/1096 2115/2011/1747 1337/1337/1102
f 538/2245/1959 1988/2009/1745 2115/2011/1747
f 971/2248/1962 2116/2006/1742 868/2008/1744
f 1989/2010/1746 2116/2006/1742 971/2248/1962
f 734/2244/1958 1987/2882/2502 2116/2006/1742
f 1336/576/413 209/2918/328 1083/2003/1667
f 1335/574/412 240/573/411 1114/2249/1963
f 1334/571/409 241/570/408 1115/1997/1734
f 243/2250/1964 1117/1994/1731 2120/1996/1733
f 244/558/397 1118/2561/2237 2121/1991/1728
f 1979/1985/1722 2122/1990/1727 1981/1989/1726
f 529/2252/1966 1325/550/389 2122/1990/1727
f 246/549/388 1120/1988/1725 2122/1990/1727
f 2123/1987/1724 1980/1986/1723 526/2253/1967
f 964/1392/1156 2123/1987/1724 1322/1415/1179
f 964/1392/1156 529/2252/1966 1979/1985/1722
f 961/2255/1969 2124/1984/1721 835/1983/1720
f 1980/1986/1723 2124/1984/1721 961/2255/1969
f 733/2251/1965 1978/1982/1719 2124/1984/1721
f 1975/1976/1713 2125/1979/1716 1977/1981/1718
f 1321/541/380 2125/1979/1716 1975/1976/1713
f 1321/541/380 247/540/379 1121/2258/1972
f 2126/1978/1715 1976/1977/1714 522/2259/1973
f 960/1419/1183 2126/1978/1715 1318/1442/1203
f 960/1419/1183 525/2257/1971 1975/1976/1713
f 957/2261/1975 2127/1973/1710 875/1975/1712
f 1976/1977/1714 2127/1973/1710 957/2261/1975
f 732/2256/1970 1974/2880/2501 2127/1973/1710
f 1971/1967/1705 2128/1972/1709 1973/1971/1708
f 521/1446/1207 1317/531/370 2128/1972/1709
f 1317/531/370 178/2915/2520 820/1970/617
f 2129/1969/1707 1972/1968/1706 518/1470/1228
f 283/2264/1978 956/1447/1208 2129/1969/1707
f 956/1447/1208 521/1446/1207 1971/1967/1705
f 2130/1966/1704 876/1965/1703 249/525/364
f 1972/1968/1706 2130/1966/1704 953/2265/1979
f 731/2262/1976 1970/1964/1702 2130/1966/1704
f 1967/1958/1696 2131/1961/1699 1969/1963/1701
f 517/1473/1231 1313/522/361 2131/1961/1699
f 250/2267/1981 1124/2753/2401 2131/1961/1699
f 2132/1960/1698 1968/1959/1697 514/1497/1255
f 282/519/358 952/1474/1232 2132/1960/1698
f 952/1474/1232 517/1473/1231 1967/1958/1696
f 2133/1955/1693 834/1957/1695 192/2269/1983
f 1968/1959/1697 2133/1955/1693 949/515/354
f 730/2266/1980 1966/2878/2500 2133/1955/1693
f 2134/1952/1690 1965/1954/1692 729/2270/1984
f 513/1500/1258 1309/513/352 2134/1952/1690
f 251/2271/1985 1125/2470/2170 2134/1952/1690
f 2135/1951/1689 1964/1950/1688 510/2272/1986
f 281/510/349 948/1501/1259 2135/1951/1689
f 948/1501/1259 513/1500/1258 1963/1949/1687
f 2136/1948/1686 879/1947/1685 252/2273/1987
f 1964/1950/1688 2136/1948/1686 945/506/345
f 729/2270/1984 1962/1946/1684 2136/1948/1686
f 1959/1940/1678 2137/1943/1681 1961/1945/1683
f 509/1527/1285 1305/505/344 2137/1943/1681
f 1305/505/344 211/504/343 1085/2275/1989
f 2138/1942/1680 1960/1941/1679 506/1551/1309
f 944/1528/1286 2138/1942/1680 1302/2276/1990
f 509/1527/1285 1959/1940/1678 2138/1942/1680
f 941/2278/1992 2139/1939/1677 880/1938/1676
f 506/1551/1309 1960/1941/1679 2139/1939/1677
f 1960/1941/1679 728/2274/1988 1958/1937/1675
f 2140/1936/1674 1957/1935/1673 727/2279/1993
f 505/1554/1312 1301/495/334 2140/1936/1674
f 1301/495/334 254/2764/2412 1128/1934/1672
f 2141/1933/1671 1956/1932/1670 502/1578/1336
f 279/2281/1995 940/1555/1313 2141/1933/1671
f 940/1555/1313 505/1554/1312 1955/1931/1669
f 2142/1930/1668 1083/1929/1667 209/489/328
f 1956/1932/1670 2142/1930/1668 937/2282/1996
f 727/2279/1993 1954/1928/1666 2142/1930/1668
f 2143/1927/1665 1953/1926/1664 726/1923/1661
f 501/1581/1339 1297/486/325 2143/1927/1665
f 1297/486/325 255/2437/2137 1129/1925/1663
f 1294/1604/1362 2144/1922/1660 1952/1924/1662
f 936/1582/1340 2144/1922/1660 1294/1604/1362
f 936/1582/1340 501/1581/1339 1951/2283/1997
f 2145/1921/1659 883/1920/1658 256/480/319
f 1952/1924/1662 2145/1921/1659 933/2286/2000
f 726/1923/1661 1950/1919/1657 2145/1921/1659
f 2146/1916/1654 1949/1918/1656 725/2287/2001
f 1293/478/317 2146/1916/1654 1947/1913/1651
f 1293/478/317 210/477/316 1084/2288/2002
f 2147/1915/1653 1948/1914/1652 494/1632/1390
f 932/1609/1367 2147/1915/1653 1290/2289/2003
f 497/1608/1366 1947/1913/1651 2147/1915/1653
f 2148/1912/1650 884/1911/1649 257/471/310
f 1948/1914/1652 2148/1912/1650 929/2290/2004
f 725/2287/2001 1946/1910/1648 2148/1912/1650
f 2149/1907/1645 1945/1909/1647 724/2291/2005
f 1289/469/308 2149/1907/1645 1943/1904/1642
f 1289/469/308 258/468/307 1132/2293/2007
f 1286/2294/2008 2150/1906/1644 1944/1905/1643
f 276/465/304 928/1635/1393 2150/1906/1644
f 493/2292/2006 1943/1904/1642 2150/1906/1644
f 2151/1901/1640 1079/1903/1610 205/2295/270
f 490/1659/1417 1944/1905/1643 2151/1901/1640
f 1944/1905/1643 724/2291/2005 1942/2296/2009
f 1939/2297/2010 2152/1900/1639 1941/1899/1638
f 489/1662/1420 1285/459/298 2152/1900/1639
f 259/2298/2011 1133/1898/1637 2152/1900/1639
f 2153/1895/1634 1940/1897/1636 486/2299/2012
f 924/1663/1421 2153/1895/1634 1282/1685/1443
f 924/1663/1421 489/1662/1420 1939/2297/2010
f 921/452/291 2154/1892/1631 887/1894/1633
f 1940/1897/1636 2154/1892/1631 921/452/291
f 1940/1897/1636 723/1896/1635 1938/2302/2015
f 1935/1886/1626 2155/1889/1629 1937/1891/1630
f 485/2304/2017 1281/450/289 2155/1889/1629
f 1281/450/289 183/2914/2519 825/2305/533
f 2156/1888/1628 1936/1887/1627 482/1713/1470
f 274/447/286 920/1689/1447 2156/1888/1628
f 485/2304/2017 1935/1886/1626 2156/1888/1628
f 2157/1883/1623 888/1885/1625 261/444/283
f 1936/1887/1627 2157/1883/1623 917/2307/2019
f 722/2303/2016 1934/2876/2498 2157/1883/1623
f 2158/2308/180 1933/2875/180 721/2309/180
f 1277/2310/2020 2158/2308/180 1931/1880/1620
f 1274/1724/1481 2159/1882/1622 1932/1881/1621
f 273/441/280 916/1716/1473 2159/1882/1622
f 481/2311/2021 1931/1880/1620 2159/1882/1622
f 2160/1879/180 1072/1878/1619 198/2313/113
f 1932/1881/1621 2160/1879/180 914/437/180
f 721/2309/180 1930/1877/180 2160/1879/180
f 1927/2314/2022 2161/2955/2541 1929/2315/2023
f 1273/2316/2024 2161/2955/2541 1927/2314/2022
f 2162/1874/1616 1928/1876/1618 476/2317/2025
f 913/1729/1484 2162/1874/1616 1270/1736/1491
f 913/1729/1484 478/1728/1483 1927/2314/2022
f 2163/1871/1613 889/1873/1615 262/2318/2026
f 1928/1876/1618 2163/1871/1613 911/431/272
f 1928/1876/1618 720/1875/1617 1926/2319/2027
f 1269/430/271 205/429/270 1079/1868/1610
f 2165/2320/128 1924/2870/2496 719/1866/1608
f 1268/2322/2029 2165/2320/128 1922/2321/2028
f 1265/2324/2031 2166/1865/1607 1923/1867/1609
f 910/1743/1497 2166/1865/1607 1265/2324/2031
f 475/2323/2030 1922/2321/2028 2166/1865/1607
f 2167/1864/1606 830/1863/1605 188/423/264
f 1923/1867/1609 2167/1864/1606 908/2325/2032
f 719/1866/1608 1921/1862/1604 2167/1864/1606
f 2168/2326/2033 1920/2956/2542 718/2327/2034
f 1264/2328/2035 2168/2326/2033 1918/1859/1601
f 1261/1763/1517 2169/1861/1603 1919/1860/1602
f 907/1756/1510 2169/1861/1603 1261/1763/1517
f 472/1755/1509 1918/1859/1601 2169/1861/1603
f 2170/1856/1598 890/1858/1600 263/2330/2037
f 1919/1860/1602 2170/1856/1598 905/416/257
f 1919/1860/1602 718/2327/2034 1917/2331/2038
f 1260/414/255 203/2448/2148 1077/2332/2039
f 2172/2333/1593 1915/2866/108 717/2334/108
f 1259/2335/2040 2172/2333/1593 1913/1850/1592
f 1256/1778/1531 2173/1852/1594 1914/1851/1593
f 269/411/252 904/1770/1523 2173/1852/1594
f 469/2336/2041 1913/1850/1592 2173/1852/1594
f 2174/1849/108 828/1848/107 186/2338/107
f 1914/1851/1593 2174/1849/108 902/407/108
f 717/2334/108 1912/1847/108 2174/1849/108
f 2175/2339/2042 1911/2957/2543 716/1845/1590
f 466/1782/1534 1255/2958/2544 2175/2339/2042
f 1252/2341/2044 2176/1844/1589 1910/1846/1591
f 901/1783/1535 2176/1844/1589 1252/2341/2044
f 466/1782/1534 1909/2340/2043 2176/1844/1589
f 2177/1843/1588 891/1842/1587 264/2343/2046
f 1910/1846/1591 2177/1843/1588 899/401/245
f 1910/1846/1591 716/1845/1590 1908/1841/1586
f 201/2344/2047 1075/1838/1585 2178/1840/108
f 1904/1835/1582 2179/2959/2545 1906/2345/2048
f 1250/2347/2050 2179/2959/2545 1904/1835/1582
f 1247/1805/1555 2180/1837/1584 1905/1836/1583
f 267/396/242 898/1798/1548 2180/1837/1584
f 463/1797/1547 1904/1835/1582 2180/1837/1584
f 2181/1834/1581 826/1833/104 184/2349/104
f 1905/1836/1583 2181/1834/1581 896/392/239
f 1905/1836/1583 715/2346/2049 1903/1832/1580
f 2182/2350/2052 1902/2960/2546 714/1830/1578
f 1246/2352/2054 2182/2350/2052 1900/2351/2053
f 2183/1829/1577 1901/1831/1579 458/1818/1568
f 895/1810/1560 2183/1829/1577 1243/2353/2055
f 895/1810/1560 460/1809/1559 1900/2351/2053
f 2184/1826/1574 892/1828/1576 265/2355/2057
f 1901/1831/1579 2184/1826/1574 893/386/233
f 1901/1831/1579 714/1830/1578 1899/2356/2058
f 199/384/232 1073/1823/1573 2185/1825/105
f 141/2357/124 1167/2948/2518 2186/1820/1570
f 266/2354/2056 1243/2353/2055 2187/1817/1567
f 1071/703/529 197/702/528 1244/2358/2059
f 1892/1811/1561 2189/2361/2062 1894/2359/2060
f 405/2094/1823 1166/2897/2515 2189/2361/2062
f 1244/2358/2059 2190/1813/1563 1893/1812/1562
f 197/702/528 839/2095/1824 2190/1813/1563
f 839/2095/1824 405/2094/1823 1892/1811/1561
f 2191/1808/1558 895/1810/1560 266/2354/2056
f 459/1815/1565 1893/1812/1562 2191/1808/1558
f 1893/1812/1562 713/2360/2061 1891/2362/2063
f 1249/397/243 267/396/242 1247/1805/1555
f 265/2355/2057 1248/1802/1552 2193/1804/1554
f 1886/1799/1549 2194/2365/2066 1888/2363/2064
f 457/1827/1575 1240/2860/2489 2194/2365/2066
f 2195/1801/1551 1887/1800/1550 462/2366/2067
f 265/2355/2057 892/1828/1576 2195/1801/1551
f 457/1827/1575 1886/1799/1549 2195/1801/1551
f 897/2367/2068 2196/1796/1546 898/1798/1548
f 1887/1800/1550 2196/1796/1546 897/2367/2068
f 1887/1800/1550 712/2364/2065 1885/2368/2069
f 142/270/130 1168/1793/1545 2197/1795/108
f 268/2342/2045 1252/2341/2044 2198/1790/1542
f 1070/664/491 196/663/490 1253/2369/2070
f 2200/2370/2071 1881/2854/2485 711/2371/2072
f 404/2067/1797 1164/2893/2512 2200/2370/2071
f 2201/1786/1538 1880/1785/1537 465/1788/1540
f 838/2068/1798 2201/1786/1538 1253/2369/2070
f 404/2067/1797 1879/1784/1536 2201/1786/1538
f 2202/1781/1533 901/1783/1535 268/2342/2045
f 1880/1785/1537 2202/1781/1533 900/404/248
f 1880/1785/1537 711/2371/2072 1878/2372/2073
f 269/411/252 1256/1778/1531 2203/1780/1532
f 264/2343/2046 1257/2377/2078 2204/1775/1528
f 1873/1772/1525 2205/2961/2547 1875/2373/2074
f 1238/2375/2076 2205/2961/2547 1873/1772/1525
f 2206/1774/1527 1874/1773/1526 468/1776/1529
f 264/2343/2046 891/1842/1587 2206/1774/1527
f 456/2376/2077 1873/1772/1525 2206/1774/1527
f 903/2378/2079 2207/1771/1524 904/1770/1523
f 1874/1773/1526 2207/1771/1524 903/2378/2079
f 1874/1773/1526 710/2374/2075 1872/1769/1522
f 1183/268/128 143/267/129 1169/1766/1520
f 1263/421/262 270/420/261 1261/1763/1517
f 1069/625/459 195/624/458 1262/2379/2080
f 2211/2380/2081 1868/2851/2482 709/1758/1512
f 403/2382/2083 1162/2887/2507 2211/2380/2081
f 2212/1757/1511 1867/1759/1513 471/1761/1515
f 837/2040/1774 2212/1757/1511 1262/2379/2080
f 403/2382/2083 1866/2381/2082 2212/1757/1511
f 2213/1754/1508 907/1756/1510 270/420/261
f 1867/1759/1513 2213/1754/1508 906/2383/2084
f 1867/1759/1513 709/1758/1512 1865/2384/2085
f 271/426/267 1265/2324/2031 2214/1751/1505
f 263/2330/2037 1266/2387/2088 2215/1748/1502
f 2216/2385/2086 1862/2849/2480 708/1746/1500
f 455/1857/1599 1236/2867/2493 2216/2385/2086
f 2217/1745/1499 1861/1747/1501 474/1749/1503
f 263/2330/2037 890/1858/1600 2217/1745/1499
f 455/1857/1599 1860/2386/2087 2217/1745/1499
f 909/2388/2089 2218/1744/1498 910/1743/1497
f 1861/1747/1501 2218/1744/1498 909/2388/2089
f 708/1746/1500 1859/1742/1496 2218/1744/1498
f 144/2389/118 1170/1739/1411 2219/1741/1495
f 1272/436/277 272/435/276 1270/1736/1491
f 1068/586/422 194/585/421 1271/2390/2090
f 1853/2391/2091 2222/2394/2094 1855/2392/2092
f 402/2393/2093 1160/2884/2504 2222/2394/2094
f 1271/2390/2090 2223/1730/1485 1854/1732/1487
f 836/2013/1749 2223/1730/1485 1271/2390/2090
f 402/2393/2093 1853/2391/2091 2223/1730/1485
f 2224/1727/1482 913/1729/1484 272/435/276
f 1854/1732/1487 2224/1727/1482 912/2395/2095
f 1854/1732/1487 707/1731/1486 1852/2396/2096
f 1276/442/281 273/441/280 1274/1724/1481
f 1136/432/273 262/2318/2026 1275/2397/2097
f 2227/2398/2098 1849/2845/2477 706/2399/2099
f 1234/2400/2100 2227/2398/2098 1847/1718/1475
f 1275/2397/2097 2228/1720/1477 1848/1719/1476
f 262/2318/2026 889/1873/1615 2228/1720/1477
f 454/1872/1614 1847/1718/1475 2228/1720/1477
f 915/2401/2101 2229/1717/1474 916/1716/1473
f 480/1722/1479 1848/1719/1476 2229/1717/1474
f 706/2399/2099 1846/1715/1472 2229/1717/1474
f 1843/1709/1466 2230/1712/1469 1845/1714/1471
f 484/2403/2103 1280/448/287 2230/1712/1469
f 1280/448/287 274/447/286 1278/2306/2018
f 2231/1711/1468 1844/1710/1467 383/2404/2104
f 919/1698/1455 2231/1711/1468 1133/1898/1637
f 919/1698/1455 484/2403/2103 1843/1709/1466
f 2232/1706/1463 819/1708/1465 177/2405/2105
f 1844/1710/1467 2232/1706/1463 817/365/215
f 705/2402/2102 1842/2843/2475 2232/1706/1463
f 1839/1700/1457 2233/1703/1460 1841/1705/1462
f 1087/768/578 2233/1703/1460 1839/1700/1457
f 213/2177/1894 1279/2409/2109 2233/1703/1460
f 2234/1702/1459 1840/1701/1458 451/2407/2107
f 161/336/187 775/928/729 2234/1702/1459
f 775/928/729 341/927/728 1839/1700/1457
f 2235/1699/1456 919/1698/1455 259/2298/2011
f 1840/1701/1458 2235/1699/1456 886/458/297
f 704/2406/2106 1838/1697/1454 2235/1699/1456
f 2236/1696/1453 1837/1695/1452 703/1692/1450
f 417/2112/1838 1181/262/125 2236/1696/1453
f 1181/262/125 141/261/124 751/1694/131
f 2237/1691/1449 1836/1693/1451 483/1704/1461
f 213/2177/1894 852/2113/1839 2237/1691/1449
f 852/2113/1839 417/2112/1838 1835/2408/2108
f 918/2410/2110 2238/1690/1448 920/1689/1447
f 1836/1693/1451 2238/1690/1448 918/2410/2110
f 703/1692/1450 1834/1688/1446 2238/1690/1448
f 1831/2411/2111 2239/1687/1445 1833/1686/1444
f 1284/456/295 2239/1687/1445 1831/2411/2111
f 275/2300/2013 1282/1685/1443 2239/1687/1445
f 1084/2288/2002 2240/1682/1440 1832/1684/1442
f 210/477/316 923/1672/1430 2240/1682/1440
f 923/1672/1430 488/1671/1429 1831/2411/2111
f 2241/1679/1437 818/1681/1439 158/360/210
f 338/1917/1655 1832/1684/1442 2241/1679/1437
f 1832/1684/1442 702/1683/1441 1830/2413/2113
f 2242/1676/1434 1829/1678/1436 701/2414/2114
f 1067/544/383 2242/1676/1434 1827/1673/1431
f 1067/544/383 193/543/382 1283/2416/2116
f 1178/2417/2117 2243/1675/1433 1828/1674/1432
f 145/2418/2118 758/1410/1174 2243/1675/1433
f 325/2415/2115 1827/1673/1431 2243/1675/1433
f 2244/1670/1428 923/1672/1430 210/477/316
f 1828/1674/1432 2244/1670/1428 849/2419/2119
f 1828/1674/1432 701/2414/2114 1826/2420/2120
f 2245/1669/1427 1825/1668/1426 700/2421/2121
f 1158/337/188 2245/1669/1427 1823/1664/1422
f 161/336/187 1231/1667/1425 2245/1669/1427
f 2246/1666/1424 1824/1665/1423 487/1677/1435
f 835/1983/1720 2246/1666/1424 1283/2416/2116
f 401/2422/2122 1823/1664/1422 2246/1666/1424
f 922/455/294 2247/1661/1419 924/1663/1421
f 487/1677/1435 1824/1665/1423 2247/1661/1419
f 1824/1665/1423 700/2421/2121 1822/2423/2123
f 1819/1655/1413 2248/1658/1416 1821/1660/1418
f 492/2425/2125 1288/466/305 2248/1658/1416
f 1288/466/305 276/465/304 1286/2294/2008
f 2249/1657/1415 1820/1656/1414 322/2426/2126
f 927/1644/1402 2249/1657/1415 1064/2135/1860
f 492/2425/2125 1819/1655/1413 2249/1657/1415
f 755/2428/2128 2250/1654/1412 1170/1653/1411
f 1820/1656/1414 2250/1654/1412 755/2428/2128
f 699/2424/2124 1818/1652/1410 2250/1654/1412
f 1815/1646/1404 2251/1649/1407 1817/1651/1409
f 1134/453/292 2251/1649/1407 1815/1646/1404
f 260/2301/2014 1287/2433/2133 2251/1649/1407
f 2252/1648/1406 1816/1647/1405 398/2430/2130
f 818/1681/1439 2252/1648/1406 1155/860/661
f 384/1680/1438 1815/1646/1404 2252/1648/1406
f 2253/1645/1403 927/1644/1402 190/2427/2127
f 1816/1647/1405 2253/1645/1403 832/791/599
f 698/2429/2129 1814/1643/1401 2253/1645/1403
f 2254/1640/1398 1813/1642/1400 697/2431/2131
f 1232/366/216 2254/1640/1398 1811/1637/1395
f 1232/366/216 177/2405/2105 1230/2432/2132
f 2255/1639/1397 1812/1638/1396 491/1650/1408
f 887/1894/1633 2255/1639/1397 1287/2433/2133
f 452/1893/1632 1811/1637/1395 2255/1639/1397
f 2256/1636/1394 928/1635/1393 276/465/304
f 1812/1638/1396 2256/1636/1394 926/2434/2134
f 697/2431/2131 1810/1634/1392 2256/1636/1394
f 1807/1628/1386 2257/1631/1389 1809/1633/1391
f 496/1617/1375 1292/475/314 2257/1631/1389
f 277/474/313 1290/2289/2003 2257/1631/1389
f 1129/1925/1663 2258/1630/1388 1808/1629/1387
f 255/2437/2137 931/1618/1376 2258/1630/1388
f 496/1617/1375 1807/1628/1386 2258/1630/1388
f 2259/1625/1383 815/1627/1385 176/2438/2138
f 1808/1629/1387 2259/1625/1383 813/356/206
f 1808/1629/1387 696/2435/2135 1806/2439/2139
f 1803/2440/2140 2260/1622/1380 1805/1624/1382
f 340/2441/2141 1086/778/587 2260/1622/1380
f 212/777/586 1291/2445/2145 2260/1622/1380
f 2261/1619/1377 1804/1621/1379 447/2442/2142
f 160/345/196 774/900/701 2261/1619/1377
f 774/900/701 340/2441/2141 1803/2440/2140
f 2262/1616/1374 931/1618/1376 255/2437/2137
f 1804/1621/1379 2262/1616/1374 882/485/324
f 1804/1621/1379 695/1620/1378 1802/2443/2143
f 2263/1613/1371 1801/1615/1373 694/2444/2144
f 1180/258/121 2263/1613/1371 1799/1610/1368
f 145/2418/2118 1178/2417/2117 2263/1613/1371
f 2264/1612/1370 1800/1611/1369 495/1623/1381
f 851/2122/1847 2264/1612/1370 1291/2445/2145
f 416/2121/1846 1799/1610/1368 2264/1612/1370
f 2265/1607/1365 932/1609/1367 277/474/313
f 1800/1611/1369 2265/1607/1365 930/2446/2146
f 694/2444/2144 1798/2840/2473 2265/1607/1365
f 2266/1606/1364 1797/1605/1363 693/2447/2147
f 1296/483/322 2266/1606/1364 1795/1601/1359
f 278/2285/1999 1294/1604/1362 2266/1606/1364
f 1077/2332/2039 2267/1603/1361 1796/1602/1360
f 203/2448/2148 935/1591/1349 2267/1603/1361
f 500/1590/1348 1795/1601/1359 2267/1603/1361
f 2268/1600/1358 814/1599/1357 150/2449/2149
f 331/1854/1596 1796/1602/1360 2268/1600/1358
f 1796/1602/1360 693/2447/2147 1794/1598/1356
f 2269/1595/1353 1793/1597/1355 692/1593/1351
f 1066/516/355 2269/1595/1353 1791/2450/2150
f 1066/516/355 192/2269/1983 1295/2451/2151
f 2270/1592/1350 1792/1594/1352 408/2452/2152
f 143/267/129 757/1492/1250 2270/1592/1350
f 757/1492/1250 324/1491/1249 1791/2450/2150
f 2271/1589/1347 935/1591/1349 203/2448/2148
f 1792/1594/1352 2271/1589/1347 843/413/254
f 1792/1594/1352 692/1593/1351 1790/2453/2153
f 2272/1588/1346 1789/1587/1345 691/1584/1342
f 400/1956/1694 1157/346/197 2272/1588/1346
f 1157/346/197 160/345/196 1227/1586/1344
f 1295/2451/2151 2273/1583/1341 1788/1585/1343
f 192/2269/1983 834/1957/1695 2273/1583/1341
f 834/1957/1695 400/1956/1694 1787/2454/2154
f 934/482/321 2274/1580/1338 936/1582/1340
f 499/1596/1354 1788/1585/1343 2274/1580/1338
f 1788/1585/1343 691/1584/1342 1786/2455/2155
f 1783/2456/2156 2275/1577/1335 1785/1579/1337
f 1300/492/331 2275/1577/1335 1783/2456/2156
f 279/2281/1995 1298/2280/1994 2275/1577/1335
f 2276/1574/1332 1784/1576/1334 316/2458/2158
f 180/807/614 939/1563/1321 2276/1574/1332
f 939/1563/1321 504/2457/2157 1783/2456/2156
f 2277/1573/1331 1177/1572/1330 139/246/110
f 1784/1576/1334 2277/1573/1331 749/2459/2159
f 690/1575/1333 1782/1571/1329 2277/1573/1331
f 2278/1570/1328 1781/1569/1327 689/2460/2160
f 380/2461/2161 1130/481/320 2278/1570/1328
f 256/480/319 1299/1568/1326 2278/1570/1328
f 2279/1567/1325 1780/1566/1324 388/2462/2162
f 814/1599/1357 2279/1567/1325 1144/821/623
f 380/2461/2161 1779/1565/1323 2279/1567/1325
f 822/2463/2163 2280/1564/1322 939/1563/1321
f 388/2462/2162 1780/1566/1324 2280/1564/1322
f 689/2460/2160 1778/1562/1320 2280/1564/1322
f 2281/1559/1317 1777/1561/1319 688/2464/2164
f 1228/357/207 2281/1559/1317 1775/1556/1314
f 176/2438/2138 1226/2768/2416 2281/1559/1317
f 1299/1568/1326 2282/1558/1316 1776/1557/1315
f 883/1920/1658 2282/1558/1316 1299/1568/1326
f 448/2465/2165 1775/1556/1314 2282/1558/1316
f 938/491/330 2283/1553/1311 940/1555/1313
f 1776/1557/1315 2283/1553/1311 938/491/330
f 1776/1557/1315 688/2464/2164 1774/2467/2167
f 1771/2468/2168 2284/1550/1308 1773/1552/1310
f 508/2469/2169 1304/501/340 2284/1550/1308
f 1304/501/340 280/2277/1991 1302/2276/1990
f 2285/1547/1305 1772/1549/1307 375/1953/1691
f 943/1536/1294 2285/1547/1305 1125/2470/2170
f 508/2469/2169 1771/2468/2168 2285/1547/1305
f 809/2471/2171 2286/1546/1304 811/1545/1303
f 375/1953/1691 1772/1549/1307 2286/1546/1304
f 1772/1549/1307 687/1548/1306 1770/1544/1302
f 2287/1543/1301 1769/1542/1300 686/1539/1297
f 1075/2473/1585 2287/1543/1301 1767/2472/2172
f 201/2475/2047 1303/1541/1299 2287/1543/1301
f 1223/2476/2174 2288/1538/1296 1768/1540/1298
f 148/2477/2175 762/2478/227 2288/1538/1296
f 762/2478/227 329/2474/2173 1767/2472/2172
f 2289/1537/1295 943/1536/1294 251/2271/1985
f 1768/1540/1298 2289/1537/1295 878/512/351
f 686/1539/1297 1766/1535/1293 2289/1537/1295
f 1763/2479/2176 2290/1534/1292 1765/1533/1291
f 1168/2480/1545 2290/1534/1292 1763/2479/2176
f 142/2482/130 1179/1532/1290 2290/1534/1292
f 1303/1541/1299 2291/1529/1287 1764/1531/1289
f 201/2475/2047 842/2484/244 2291/1529/1287
f 842/2484/244 407/2481/2177 1763/2479/2176
f 942/500/339 2292/1526/1284 944/1528/1286
f 507/2483/2178 1764/1531/1289 2292/1526/1284
f 1764/1531/1289 685/1530/1288 1762/2485/2179
f 1759/2486/2180 2293/1525/1283 1761/1524/1282
f 512/2487/2181 1308/511/350 2293/1525/1283
f 1308/511/350 281/510/349 1306/1523/1281
f 1082/2488/2182 2294/1520/1278 1760/1522/1280
f 947/1509/1267 2294/1520/1278 1082/2488/2182
f 512/2487/2181 1759/2486/2180 2294/1520/1278
f 770/2489/2183 2295/1517/1275 810/1519/1277
f 336/2031/1766 1760/1522/1280 2295/1517/1275
f 1760/1522/1280 684/1521/1279 1758/2490/2184
f 1755/1511/1269 2296/1514/1272 1757/1516/1274
f 1054/2492/106 2296/1514/1272 1755/1511/1269
f 179/2494/616 1307/2501/2190 2296/1514/1272
f 2297/1513/1271 1756/1512/1270 412/2495/2186
f 748/2496/106 2297/1513/1271 1175/1265/1034
f 315/2493/106 1755/1511/1269 2297/1513/1271
f 2298/1510/1268 947/1509/1267 208/2234/1948
f 1756/1512/1270 2298/1510/1268 847/614/450
f 683/2491/2185 1754/1508/1266 2298/1510/1268
f 2299/1505/1263 1753/1507/1265 682/2498/2188
f 1142/2499/2189 2299/1505/1263 1751/1502/1260
f 1142/2499/2189 148/2477/2175 1223/2476/2174
f 2300/1504/1262 1752/1503/1261 511/1515/1273
f 821/2502/2191 2300/1504/1262 1307/2501/2190
f 387/2500/621 1751/1502/1260 2300/1504/1262
f 946/2503/2192 2301/1499/1257 948/1501/1259
f 511/1515/1273 1752/1503/1261 2301/1499/1257
f 1752/1503/1261 682/2498/2188 1750/2504/2193
f 2302/1496/1254 1749/1498/1256 681/1494/1252
f 516/2506/2195 1312/520/359 2302/1496/1254
f 1312/520/359 282/519/358 1310/2268/1982
f 2303/1493/1251 1748/1495/1253 320/2507/2196
f 951/1482/1240 2303/1493/1251 1061/2105/1832
f 951/1482/1240 516/2506/2195 1747/2505/2194
f 753/2508/2197 2304/1490/1248 757/1492/1250
f 320/2507/2196 1748/1495/1253 2304/1490/1248
f 681/1494/1252 1746/2838/2472 2304/1490/1248
f 1743/1484/1242 2305/1487/1245 1745/1489/1247
f 1126/507/346 2305/1487/1245 1743/1484/1242
f 252/2273/1987 1311/2513/2202 2305/1487/1245
f 2306/1486/1244 1744/1485/1243 395/2510/2199
f 156/306/158 810/1519/1277 2306/1486/1244
f 810/1519/1277 376/1518/1276 1743/1484/1242
f 2307/1483/1241 951/1482/1240 187/2180/1896
f 1744/1485/1243 2307/1483/1241 829/737/554
f 680/2509/2198 1742/1481/1239 2307/1483/1241
f 1739/2511/2200 2308/1480/1238 1741/1479/1237
f 1224/349/200 2308/1480/1238 1739/2511/2200
f 1224/349/200 175/348/199 1222/1478/1236
f 1311/2513/2202 2309/1475/1233 1740/1477/1235
f 879/1947/1685 2309/1475/1233 1311/2513/2202
f 444/2512/2201 1739/2511/2200 2309/1475/1233
f 950/2514/2203 2310/1472/1230 952/1474/1232
f 515/1488/1246 1740/1477/1235 2310/1472/1230
f 1740/1477/1235 679/1476/1234 1738/2515/2204
f 2311/1469/1227 1737/1471/1229 678/1467/1225
f 1316/528/367 2311/1469/1227 1735/2516/2205
f 283/2264/1978 1314/2263/1977 2311/1469/1227
f 1121/2258/1972 2312/1466/1224 1736/1468/1226
f 247/540/379 955/1455/1214 2312/1466/1224
f 520/2517/2206 1735/2516/2205 2312/1466/1224
f 2313/1463/1221 807/1465/1223 174/339/190
f 1736/1468/1226 2313/1463/1221 805/2518/2207
f 1736/1468/1226 678/1467/1225 1734/2519/2208
f 2314/1460/1218 1733/1462/1220 677/2520/2209
f 1081/2521/1789 2314/1460/1218 1731/1457/1216
f 1081/2521/1789 207/2532/1931 1315/2523/2210
f 2315/1459/1185 1732/1458/1217 439/2524/2211
f 769/2525/106 2315/1459/1185 1219/1424/1185
f 335/2522/106 1731/1457/1216 2315/1459/1185
f 874/2527/2212 2316/1456/1215 955/1455/1214
f 439/2524/2211 1732/1458/1217 2316/1456/1215
f 677/2520/2209 1730/1454/1213 2316/1456/1215
f 1727/2528/2213 2317/1453/1185 1729/1452/1212
f 1173/2529/106 2317/1453/1185 1727/2528/2213
f 138/2531/2214 747/1451/103 2317/1453/1185
f 1315/2523/2210 2318/1448/1209 1728/1450/1211
f 207/2532/1931 846/2533/106 2318/1448/1209
f 411/2530/106 1727/2528/2213 2318/1448/1209
f 954/527/366 2319/1445/1206 956/1447/1208
f 519/1461/1219 1728/1450/1211 2319/1445/1206
f 1728/1450/1211 676/1449/1210 1726/2534/2215
f 1723/2535/2216 2320/1444/1205 1725/1443/1204
f 1320/537/376 2320/1444/1205 1723/2535/2216
f 284/2260/1974 1318/1442/1203 2320/1444/1205
f 2321/1439/1200 1724/1441/1202 339/1944/1682
f 211/504/343 959/1428/1189 2321/1439/1200
f 959/1428/1189 524/2536/2217 1723/2535/2216
f 773/350/201 2322/1436/1197 806/1438/1199
f 1724/1441/1202 2322/1436/1197 773/350/201
f 1724/1441/1202 675/1440/1201 1722/2538/2219
f 1719/2539/2220 2323/1433/1194 1721/1435/1196
f 319/2540/2221 1059/2541/1831 2323/1433/1194
f 1059/2541/1831 185/2550/106 1319/2542/2222
f 2324/1430/1191 1720/1432/1193 415/2543/2223
f 752/2544/2224 2324/1430/1191 1179/1532/1290
f 752/2544/2224 319/2540/2221 1719/2539/2220
f 2325/1429/1190 959/1428/1189 211/504/343
f 1720/1432/1193 2325/1429/1190 850/2545/2225
f 674/1431/1192 1718/1427/1188 2325/1429/1190
f 2326/1426/1185 1717/1425/1187 673/2546/2226
f 1150/2547/106 2326/1426/1185 1715/1421/1185
f 155/2526/106 1219/1424/1185 2326/1426/1185
f 1319/2542/2222 2327/1423/1185 1716/1422/1186
f 827/2549/106 2327/1423/1185 1319/2542/2222
f 393/2548/106 1715/1421/1185 2327/1423/1185
f 2328/1420/1184 960/1419/1183 284/2260/1974
f 523/1434/1195 1716/1422/1186 2328/1420/1184
f 673/2546/2226 1714/1418/1182 2328/1420/1184
f 1711/2551/2227 2329/1417/1181 1713/1416/1180
f 1324/546/385 2329/1417/1181 1711/2551/2227
f 285/2254/1968 1322/1415/1179 2329/1417/1181
f 2330/1412/1176 1712/1414/1178 323/2552/2228
f 963/1402/1166 2330/1412/1176 1065/2126/1851
f 963/1402/1166 528/1401/1165 1711/2551/2227
f 756/257/120 2331/1411/1175 758/1410/1174
f 323/2552/2228 1712/1414/1178 2331/1411/1175
f 672/1413/1177 1710/1409/1173 2331/1411/1175
f 2332/1408/1172 1709/1407/1171 671/2553/2229
f 1122/535/374 2332/1408/1172 1707/1403/1167
f 248/534/373 1323/1406/1170 2332/1408/1172
f 1156/2554/2230 2333/1405/1169 1708/1404/1168
f 159/2537/2218 806/1438/1199 2333/1405/1169
f 372/1437/1198 1707/1403/1167 2333/1405/1169
f 2334/1400/1164 963/1402/1166 191/2170/1887
f 399/888/689 1708/1404/1168 2334/1400/1164
f 1708/1404/1168 671/2553/2229 1706/2555/2231
f 2335/1399/1163 1705/1398/1162 670/1395/1159
f 1220/340/191 2335/1399/1163 1703/2556/2232
f 174/339/190 1218/1397/1161 2335/1399/1163
f 1323/1406/1170 2336/1394/1158 1704/1396/1160
f 248/534/373 875/1975/1712 2336/1394/1158
f 875/1975/1712 440/1974/1711 1703/2556/2232
f 962/545/384 2337/1393/1157 964/1392/1156
f 527/2557/2233 1704/1396/1160 2337/1393/1157
f 1704/1396/1160 670/1395/1159 1702/1391/1155
f 1699/1385/1149 2338/1388/1152 1701/1390/1154
f 532/2559/2235 1328/556/395 2338/1388/1152
f 1328/556/395 286/555/394 1326/2560/2236
f 2339/1387/1151 1700/1386/1150 368/1992/1729
f 244/558/397 967/1374/1138 2339/1387/1151
f 532/2559/2235 1699/1385/1149 2339/1387/1151
f 2340/1382/1146 803/1384/1148 173/2562/2238
f 368/1992/1729 1700/1386/1150 2340/1382/1146
f 1700/1386/1150 669/2558/2234 1698/2563/2239
f 1695/2564/2240 2341/1381/1145 1697/1380/1144
f 342/963/761 1088/757/570 2341/1381/1145
f 1088/757/570 214/756/569 1327/1379/1143
f 2342/1376/1140 1696/1378/1142 437/2565/2241
f 776/964/762 2342/1376/1140 1216/1370/1134
f 776/964/762 342/963/761 1695/2564/2240
f 2343/1375/1139 967/1374/1138 244/558/397
f 1696/1378/1142 2343/1375/1139 872/2567/2243
f 1696/1378/1142 668/1377/1141 1694/1373/1137
f 162/2566/2242 1216/1370/1134 2344/1372/1136
f 173/2562/2238 1215/1367/1132 2345/1369/1133
f 1689/2568/2244 2346/1364/1129 1691/1366/1131
f 1333/568/406 2346/1364/1129 1689/2568/2244
f 1333/568/406 287/567/405 1331/2570/2246
f 1115/1997/1734 2347/1361/1126 1690/1363/1128
f 970/1350/1115 2347/1361/1126 1115/1997/1734
f 535/2569/2245 1689/2568/2244 2347/1361/1126
f 799/326/177 2348/1360/1125 800/1359/1124
f 365/2571/2247 1690/1363/1128 2348/1360/1125
f 1690/1363/1128 667/1362/1127 1688/1358/1123
f 2349/1355/1120 1687/1357/1122 666/1353/1118
f 1078/747/561 2349/1355/1120 1685/2573/2249
f 1078/747/561 204/2931/2531 1332/2575/2251
f 1213/1346/1111 2350/1352/1117 1686/1354/1119
f 151/2577/2253 765/984/781 2350/1352/1117
f 765/984/781 332/2574/2250 1685/2573/2249
f 2351/1351/1116 970/1350/1115 241/570/408
f 435/2576/2252 1686/1354/1119 2351/1351/1116
f 1686/1354/1119 666/1353/1118 1684/1349/1114
f 1145/315/166 151/2577/2253 1213/1346/1111
f 1214/327/178 172/2572/2248 1212/2579/2255
f 139/246/110 1177/2946/1330 2354/1340/1105
f 288/2247/1961 1337/1337/1102 2355/1339/1104
f 1062/424/265 188/423/264 1338/1334/1101
f 1676/2580/2256 2357/2583/2259 1678/2581/2257
f 396/2582/2258 1153/2962/2548 2357/2583/2259
f 1338/1334/1101 2358/1331/1098 1677/1333/1100
f 830/1863/1605 2358/1331/1098 1338/1334/1101
f 830/1863/1605 396/2582/2258 1676/2580/2256
f 2359/1330/1097 973/1329/1096 288/2247/1961
f 537/2584/2260 1677/1333/1100 2359/1330/1097
f 1677/1333/1100 665/1332/1099 1675/1328/1095
f 1343/588/424 289/2241/1955 1341/2240/1954
f 1113/580/417 239/579/416 1342/2585/2261
f 2362/2586/2262 1672/2832/2467 664/1320/1087
f 1210/2588/2264 2362/2586/2262 1670/2587/2263
f 1342/2585/2261 2363/1319/1086 1671/1321/1088
f 239/579/416 868/2008/1744 2363/1319/1086
f 868/2008/1744 433/2007/1743 1670/2587/2263
f 975/587/423 2364/1316/1083 976/1318/1085
f 540/1323/1090 1671/1321/1088 2364/1316/1083
f 1671/1321/1088 664/1320/1087 1669/2589/2265
f 1666/2590/2266 2365/1313/1080 1668/1315/1082
f 544/2591/2267 1347/594/430 2365/1313/1080
f 1347/594/430 290/2919/2523 1345/2592/2268
f 1111/2018/1754 2366/1310/1077 1667/1312/1079
f 979/1299/1066 2366/1310/1077 1111/2018/1754
f 544/2591/2267 1666/2590/2266 2366/1310/1077
f 2367/1307/1074 797/1309/1076 171/318/169
f 1667/1312/1079 2367/1307/1074 796/2594/2270
f 1667/1312/1079 663/1311/1078 1665/2595/2271
f 1662/2596/2272 2368/1306/1073 1664/1305/1072
f 343/1002/799 1089/741/556 2368/1306/1073
f 1089/741/556 215/2929/2530 1346/1304/1071
f 1208/2597/2273 2369/1301/1068 1663/1303/1070
f 163/2598/2274 777/1003/800 2369/1301/1068
f 777/1003/800 343/1002/799 1662/2596/2272
f 2370/1300/1067 979/1299/1066 237/2237/1951
f 1663/1303/1070 2370/1300/1067 867/596/432
f 1663/1303/1070 662/1302/1069 1661/1298/1065
f 1161/309/160 163/2598/2274 1208/2597/2273
f 1209/319/170 171/318/169 1207/1292/1059
f 1656/2599/2275 2373/1289/1056 1658/1291/1058
f 1352/607/443 2373/1289/1056 1656/2599/2275
f 1352/607/443 291/606/442 1350/2601/2277
f 1108/2236/1950 2374/1286/1053 1657/1288/1055
f 982/1275/1042 2374/1286/1053 1108/2236/1950
f 982/1275/1042 547/2600/2276 1656/2599/2275
f 793/311/162 2375/1283/1050 794/1285/1052
f 359/2025/1761 1657/1288/1055 2375/1283/1050
f 1657/1288/1055 661/1287/1054 1655/2603/2279
f 2376/1280/1047 1654/1282/1049 660/1278/1045
f 1076/732/550 2376/1280/1047 1652/2604/2280
f 1076/732/550 202/2928/2529 1351/2606/2282
f 1205/2607/2283 2377/1277/1044 1653/1279/1046
f 149/2608/107 763/1023/107 2377/1277/1044
f 330/2605/2281 1652/2604/2280 2377/1277/1044
f 865/2609/2284 2378/1276/1043 982/1275/1042
f 430/1272/1039 1653/1279/1046 2378/1276/1043
f 1653/1279/1046 660/1278/1045 1651/1274/1041
f 149/2608/107 1205/2607/2283 2379/1271/1038
f 1206/312/163 170/2602/2278 1204/1268/1035
f 140/2497/2187 1175/1265/1034 2381/1267/128
f 292/2231/1945 1356/1262/1031 2382/1264/1033
f 186/2338/107 1357/1259/128 2383/1261/128
f 2384/2610/128 1645/2963/128 659/2611/2285
f 1151/2612/107 2384/2610/128 1643/1256/128
f 2385/1258/128 1644/1257/1030 549/2614/2286
f 828/1848/107 2385/1258/128 1357/1259/128
f 394/2613/107 1643/1256/128 2385/1258/128
f 2386/1253/1027 985/1255/1029 292/2231/1945
f 1644/1257/1030 2386/1253/1027 984/620/454
f 1644/1257/1030 659/2611/2285 1642/2615/2287
f 293/2225/1939 1360/2224/1938 2387/1250/1024
f 1106/619/453 232/618/452 1361/1247/1021
f 2389/2616/2288 1639/2964/2549 658/1245/1019
f 1202/2618/2290 2389/2616/2288 1637/2617/2289
f 1361/1247/1021 2390/1244/1018 1638/1246/1020
f 232/618/452 863/2035/1769 2390/1244/1018
f 863/2035/1769 428/2034/1768 1637/2617/2289
f 987/626/460 2391/1241/1015 988/1243/1017
f 1638/1246/1020 2391/1241/1015 987/626/460
f 1638/1246/1020 658/1245/1019 1636/2620/2292
f 1633/1235/1009 2392/1238/1012 1635/1240/1014
f 556/2622/2294 1366/634/468 2392/1238/1012
f 1366/634/468 294/633/467 1364/2623/2295
f 1104/2045/1779 2393/1237/1011 1634/1236/1010
f 230/2220/1934 991/1224/998 2393/1237/1011
f 556/2622/2294 1633/1235/1009 2393/1237/1011
f 2394/1234/1008 791/1233/1007 169/303/156
f 1634/1236/1010 2394/1234/1008 790/2625/2297
f 657/2621/2293 1632/1232/1006 2394/1234/1008
f 1629/2626/2298 2395/1231/1005 1631/1230/1004
f 344/1041/833 1090/726/545 2395/1231/1005
f 216/2627/2299 1365/1229/1003 2395/1231/1005
f 2396/1226/1000 1630/1228/1002 427/2628/2300
f 164/294/148 778/1042/834 2396/1226/1000
f 778/1042/834 344/1041/833 1629/2626/2298
f 2397/1225/999 991/1224/998 230/2220/1934
f 1630/1228/1002 2397/1225/999 862/635/469
f 1630/1228/1002 656/1227/1001 1628/1223/997
f 164/294/148 1200/1220/994 2398/1222/996
f 1201/304/157 169/303/156 1199/1217/991
f 1623/2629/2301 2400/1216/990 1625/1215/989
f 1371/646/479 2400/1216/990 1623/2629/2301
f 1371/646/479 295/645/478 1369/1214/988
f 2401/1211/985 1624/1213/987 353/2052/1784
f 994/1200/974 2401/1211/985 1101/2219/1933
f 559/2630/2302 1623/2629/2301 2401/1211/985
f 787/296/150 2402/1208/982 788/1210/984
f 353/2052/1784 1624/1213/987 2402/1208/982
f 1624/1213/987 655/1212/986 1622/2632/2304
f 1619/2633/2305 2403/1205/979 1621/1207/981
f 328/1062/850 1074/717/104 2403/1205/979
f 200/2634/104 1370/2945/108 2403/1205/979
f 1197/1196/970 2404/1202/976 1620/1204/978
f 147/2636/2307 761/1063/851 2404/1202/976
f 761/1063/851 328/1062/850 1619/2633/2305
f 2405/1201/975 994/1200/974 227/648/481
f 1620/1204/978 2405/1201/975 860/2637/2308
f 1620/1204/978 654/1203/977 1618/1199/973
f 147/2636/2307 1197/1196/970 2406/1198/972
f 168/2631/2303 1196/2704/2355 2407/1193/967
f 138/2638/2214 1173/1190/106 2408/1192/108
f 296/2214/1928 1375/2213/1927 2409/1187/964
f 184/2349/104 1376/1184/108 2410/1186/108
f 2411/2639/108 1612/2821/108 653/2640/108
f 1149/2641/104 2411/2639/108 1610/1181/108
f 2412/1183/108 1611/1182/108 561/2643/108
f 826/1833/104 2412/1183/108 1376/1184/108
f 392/2642/104 1610/1181/108 2412/1183/108
f 2413/1180/963 997/1179/962 296/2214/1928
f 1611/1182/108 2413/1180/963 996/659/108
f 653/2640/108 1609/1178/961 2413/1180/963
f 297/2207/1921 1379/1175/958 2414/1177/960
f 225/657/487 1380/1172/955 2415/1174/957
f 2416/2644/2309 1606/2819/2456 652/1170/953
f 423/2061/1791 1194/2890/2509 2416/2644/2309
f 1380/1172/955 2417/1169/952 1605/1171/954
f 225/657/487 858/2062/1792 2417/1169/952
f 858/2062/1792 423/2061/1791 1604/2645/2310
f 999/665/492 2418/1166/949 1000/1168/951
f 1605/1171/954 2418/1166/949 999/665/492
f 1605/1171/954 652/1170/953 1603/2647/2312
f 1600/1160/943 2419/1163/946 1602/1165/948
f 568/2649/2314 1385/672/499 2419/1163/946
f 1385/672/499 298/2923/105 1383/2650/2315
f 1097/2202/1916 2420/1162/945 1601/1161/944
f 1003/1149/932 2420/1162/945 1097/2202/1916
f 568/2649/2314 1600/1160/943 2420/1162/945
f 2421/1157/940 785/1159/942 167/288/145
f 350/2073/1803 1601/1161/944 2421/1157/940
f 651/2648/2313 1599/2818/2455 2421/1157/940
f 2422/1156/939 1598/1155/938 650/1152/935
f 345/1080/868 1091/712/538 2422/1156/939
f 1091/712/538 217/711/537 1384/1154/937
f 2423/1151/934 1597/1153/936 422/2653/2318
f 165/2654/2319 779/1081/869 2423/1151/934
f 779/1081/869 345/1080/868 1596/2652/2317
f 2424/1150/933 1003/1149/932 223/675/502
f 1597/1153/936 2424/1150/933 857/2655/2320
f 1597/1153/936 650/1152/935 1595/1148/931
f 165/2654/2319 1192/1145/928 2425/1147/930
f 167/288/145 1191/2696/2348 2426/1142/925
f 1590/1136/919 2427/1139/922 1592/1141/924
f 571/1125/910 1390/685/512 2427/1139/922
f 1390/685/512 299/684/511 1388/2657/2322
f 1094/2200/1914 2428/1138/921 1591/1137/920
f 1006/1126/911 2428/1138/921 1094/2200/1914
f 571/1125/910 1590/1136/919 2428/1138/921
f 781/281/139 2429/1133/916 782/1135/918
f 347/2079/1809 1591/1137/920 2429/1133/916
f 1591/1137/920 649/2656/2321 1589/2659/2324
f 2430/1132/105 1588/1131/915 648/1128/913
f 824/2661/113 2430/1132/105 1586/2660/105
f 182/2663/113 1389/1130/105 2430/1132/105
f 1189/1121/906 2431/1127/912 1587/1129/914
f 1147/2665/113 2431/1127/912 1189/1121/906
f 390/2662/113 1586/2660/105 2431/1127/912
f 2432/1124/909 1006/1126/911 220/687/514
f 420/2664/2325 1587/1129/914 2432/1124/909
f 1587/1129/914 648/1128/913 1585/2668/2327
f 153/2666/113 1189/1121/906 2433/1123/908
f 166/2658/2323 1188/1118/903 2434/1120/905
f 137/2670/2328 1171/1115/115 2435/1117/105
f 300/2195/1909 1394/2194/1908 2436/1112/900
f 840/2672/278 198/2679/113 1395/2673/2329
f 1577/1106/894 2438/2677/2333 1579/2674/2330
f 326/2676/2332 759/2965/2550 2438/2677/2333
f 2439/1108/896 1578/1107/895 573/1110/898
f 1072/2678/1619 2439/1108/896 1395/2673/2329
f 326/2676/2332 1577/1106/894 2439/1108/896
f 1008/698/524 2440/1103/891 1009/1105/893
f 1578/1107/895 2440/1103/891 1008/698/524
f 647/2675/2331 1576/2814/2451 2440/1103/891
f 301/2188/1902 1398/1100/888 2441/1102/890
f 1092/696/522 218/2196/1910 1399/1097/885
f 2443/2680/2334 1573/2812/2449 646/2681/2335
f 418/2088/1817 1186/2895/2513 2443/2680/2334
f 1399/1097/885 2444/1096/884 1572/1095/883
f 218/2196/1910 853/2089/1818 2444/1096/884
f 418/2088/1817 1571/1094/882 2444/1096/884
f 2445/1093/881 1012/1092/880 301/2188/1902
f 576/2682/2336 1572/1095/883 2445/1093/881
f 1572/1095/883 646/2681/2335 1570/1091/879
f 1187/277/135 154/276/134 1148/2683/218
f 1566/1082/870 2447/1085/873 1568/1087/875
f 580/2685/2338 1405/714/539 2447/1085/873
f 1405/714/539 302/2926/105 1403/2686/2339
f 2448/1084/872 1567/1083/871 346/2082/1812
f 1015/1071/859 2448/1084/872 1093/2199/1913
f 580/2685/2338 1566/1082/870 2448/1084/872
f 2449/1079/867 779/1081/869 165/2654/2319
f 1567/1083/871 2449/1079/867 780/278/136
f 645/2684/2337 1565/2809/2446 2449/1079/867
f 1562/2687/2340 2450/1078/866 1564/1077/865
f 348/1134/917 1095/681/508 2450/1078/866
f 1095/681/508 221/2924/2527 1404/1076/864
f 1188/1118/903 2451/1073/861 1563/1075/863
f 166/2658/2323 782/1135/918 2451/1073/861
f 782/1135/918 348/1134/917 1562/2687/2340
f 2452/1072/860 1015/1071/859 219/690/517
f 1563/1075/863 2452/1072/860 854/2689/2342
f 644/1074/862 1561/1070/858 2452/1072/860
f 2453/1067/855 1560/1069/857 643/1065/853
f 1408/721/543 2453/1067/855 1558/2690/2343
f 303/720/542 1406/2943/2535 2453/1067/855
f 1096/2075/1805 2454/1064/852 1559/1066/854
f 222/2201/1915 1018/1053/842 2454/1064/852
f 1018/1053/842 583/2691/2344 1558/2690/2343
f 783/284/105 2455/1061/105 761/1063/851
f 349/2692/105 1559/1066/854 2455/1061/105
f 1559/1066/854 643/1065/853 1557/2693/2345
f 1554/1055/844 2456/1058/847 1556/1060/849
f 1098/669/496 2456/1058/847 1554/1055/844
f 224/2695/2347 1407/2942/2534 2456/1058/847
f 1191/2696/2348 2457/1057/846 1555/1056/845
f 785/1159/942 2457/1057/846 1191/2696/2348
f 785/1159/942 351/1158/941 1554/1055/844
f 856/677/504 2458/1054/843 1018/1053/842
f 1555/1056/845 2458/1054/843 856/677/504
f 642/2694/2346 1553/1052/841 2458/1054/843
f 155/2697/106 1150/1049/106 2459/1051/108
f 1549/1043/835 2460/1046/838 1551/1048/840
f 586/2699/2350 1412/730/549 2460/1046/838
f 1412/730/549 304/729/548 1410/2700/2351
f 2461/1045/837 1550/1044/836 352/2055/1787
f 226/651/484 1021/1032/824 2461/1045/837
f 586/2699/2350 1549/1043/835 2461/1045/837
f 786/2701/2352 2462/1040/832 778/1042/834
f 1550/1044/836 2462/1040/832 786/2701/2352
f 641/2698/2349 1548/2805/2444 2462/1040/832
f 2463/1039/831 1547/1038/830 640/2702/2353
f 354/1209/983 1102/642/475 2463/1039/831
f 228/2703/2354 1411/1037/829 2463/1039/831
f 2464/1036/828 1546/1035/827 424/1194/968
f 168/2631/2303 788/1210/984 2464/1036/828
f 788/1210/984 354/1209/983 1545/1034/826
f 2465/1033/825 1021/1032/824 226/651/484
f 1546/1035/827 2465/1033/825 859/2705/2356
f 640/2702/2353 1544/1031/823 2465/1033/825
f 2466/1030/822 1543/1029/821 639/1026/818
f 1415/735/552 2466/1030/822 1541/2706/2357
f 305/2707/2358 1413/1028/820 2466/1030/822
f 1103/2048/1782 2467/1025/817 1542/1027/819
f 229/639/473 1024/1015/810 2467/1025/817
f 1024/1015/810 589/1014/809 1541/2706/2357
f 2468/1024/108 763/1023/107 149/2608/107
f 1542/1027/819 2468/1024/108 789/299/108
f 639/1026/818 1540/1022/108 2468/1024/108
f 1537/1016/811 2469/1019/814 1539/1021/816
f 357/2710/2360 1105/630/464 2469/1019/814
f 1105/630/464 231/2921/2525 1414/2711/2361
f 2470/1018/813 1538/1017/812 426/2712/2362
f 791/1233/1007 2470/1018/813 1199/1217/991
f 357/2710/2360 1537/1016/811 2470/1018/813
f 861/2713/2363 2471/1013/808 1024/1015/810
f 1538/1017/812 2471/1013/808 861/2713/2363
f 638/2709/2359 1536/2802/2441 2471/1013/808
f 156/306/158 1152/1010/807 2472/1012/128
f 2473/1007/804 1534/1009/806 637/2714/2364
f 1419/745/560 2473/1007/804 1532/1004/801
f 1419/745/560 306/744/559 1417/2716/2366
f 1107/2235/1949 2474/1006/803 1533/1005/802
f 1027/993/790 2474/1006/803 1107/2235/1949
f 592/2715/2365 1532/1004/801 2474/1006/803
f 792/308/159 2475/1001/798 777/1003/800
f 358/2028/1764 1533/1005/802 2475/1001/798
f 637/2714/2364 1531/2801/2440 2475/1001/798
f 1528/995/792 2476/998/795 1530/1000/797
f 360/1284/1051 1109/603/439 2476/998/795
f 1109/603/439 235/2920/2524 1418/2718/2368
f 2477/997/794 1529/996/793 429/2719/2369
f 170/2602/2278 794/1285/1052 2477/997/794
f 794/1285/1052 360/1284/1051 1528/995/792
f 2478/994/791 1027/993/790 233/612/448
f 1529/996/793 2478/994/791 864/2720/2370
f 636/2717/2367 1527/992/789 2478/994/791
f 2479/991/788 1526/990/787 635/2721/2371
f 1422/751/564 2479/991/788 1524/986/783
f 307/750/563 1420/989/786 2479/991/788
f 2480/988/785 1525/987/784 361/2722/2372
f 236/600/436 1030/976/773 2480/988/785
f 1030/976/773 595/975/772 1524/986/783
f 2481/985/782 765/984/781 151/2577/2253
f 1525/987/784 2481/985/782 795/314/165
f 635/2721/2371 1523/983/780 2481/985/782
f 1520/977/774 2482/980/777 1522/982/779
f 1112/591/427 2482/980/777 1520/977/774
f 238/2724/2374 1421/2941/128 2482/980/777
f 1207/1292/1059 2483/979/776 1521/978/775
f 171/318/169 797/1309/1076 2483/979/776
f 363/1308/1075 1520/977/774 2483/979/776
f 866/2726/2376 2484/974/771 1030/976/773
f 1521/978/775 2484/974/771 866/2726/2376
f 634/2723/2373 1519/2798/2437 2484/974/771
f 1211/321/172 157/2910/205 1154/971/674
f 2486/970/768 1517/969/767 633/2727/2377
f 1426/760/573 2486/970/768 1515/965/763
f 1426/760/573 308/759/572 1424/968/766
f 1114/2249/1963 2487/967/765 1516/966/764
f 240/573/411 1033/954/752 2487/967/765
f 598/2728/2378 1515/965/763 2487/967/765
f 2488/962/760 776/964/762 162/2566/2242
f 364/2001/1738 1516/966/764 2488/962/760
f 633/2727/2377 1514/2795/2435 2488/962/760
f 1511/956/754 2489/959/757 1513/961/759
f 366/2730/2380 1116/564/402 2489/959/757
f 242/2731/2381 1425/2940/2533 2489/959/757
f 2490/958/756 1512/957/755 434/1344/1109
f 172/2572/2248 800/1359/1124 2490/958/756
f 800/1359/1124 366/2730/2380 1511/956/754
f 2491/955/753 1033/954/752 240/573/411
f 1512/957/755 2491/955/753 869/2732/2382
f 632/2729/2379 1510/953/751 2491/955/753
f 2492/952/750 1509/951/749 631/948/746
f 1429/765/575 2492/952/750 1507/2733/2383
f 309/2734/2384 1427/950/748 2492/952/750
f 2493/947/745 1508/949/747 367/2735/180
f 243/2250/1964 1036/937/738 2493/947/745
f 1036/937/738 601/936/737 1507/2733/2383
f 2494/946/180 1147/945/113 153/2736/113
f 1508/949/747 2494/946/180 801/329/180
f 631/948/746 1506/944/180 2494/946/180
f 1503/938/739 2495/941/742 1505/943/744
f 369/1383/1147 1119/553/392 2495/941/742
f 1119/553/392 245/552/391 1428/2738/2386
f 2496/940/741 1504/939/740 436/2739/2387
f 803/1384/1148 2496/940/741 1215/1367/1132
f 369/1383/1147 1503/938/739 2496/940/741
f 871/560/399 2497/935/736 1036/937/738
f 1504/939/740 2497/935/736 871/560/399
f 630/2737/2385 1502/2791/2433 2497/935/736
f 1499/2740/2388 2498/932/733 1501/934/735
f 1432/771/581 2498/932/733 1499/2740/2388
f 310/2176/1893 1430/2175/1892 2498/932/733
f 1120/1988/1725 2499/929/730 1500/931/732
f 1039/918/719 2499/929/730 1120/1988/1725
f 1039/918/719 604/2741/2389 1499/2740/2388
f 804/2743/2391 2500/926/727 775/928/729
f 370/2742/2390 1500/931/732 2500/926/727
f 1500/931/732 629/930/731 1498/2744/2392
f 1495/2745/2393 2501/923/724 1497/925/726
f 373/1464/1222 1123/526/365 2501/923/724
f 1123/526/365 249/525/364 1431/2746/2394
f 2502/920/721 1496/922/723 438/2747/2395
f 807/1465/1223 2502/920/721 1218/1397/1161
f 373/1464/1222 1495/2745/2393 2502/920/721
f 873/2748/2396 2503/919/720 1039/918/719
f 1496/922/723 2503/919/720 873/2748/2396
f 1496/922/723 628/921/722 1494/917/718
f 1491/911/712 2504/916/717 1493/915/716
f 1221/343/194 2504/916/717 1491/911/712
f 1221/343/194 146/342/193 760/914/715
f 2505/913/714 1492/912/713 603/924/725
f 876/1965/1703 2505/913/714 1431/2746/2394
f 441/2750/2398 1491/911/712 2505/913/714
f 1038/770/580 2506/910/711 1040/909/710
f 1492/912/713 2506/910/711 1038/770/580
f 1492/912/713 627/2749/2397 1490/908/709
f 2507/905/706 1489/907/708 626/2751/2399
f 1436/781/590 2507/905/706 1487/902/703
f 311/780/589 1434/2171/1888 2507/905/706
f 2508/904/705 1488/903/704 374/1962/1700
f 1043/891/692 2508/904/705 1124/2753/2401
f 608/2752/2400 1487/902/703 2508/904/705
f 2509/901/702 774/900/701 160/345/196
f 1488/903/704 2509/901/702 808/2754/2402
f 626/2751/2399 1486/899/700 2509/901/702
f 1483/893/694 2510/896/697 1485/898/699
f 377/2756/2404 1127/499/338 2510/896/697
f 1127/499/338 253/498/337 1435/2757/2405
f 2511/895/696 1484/894/695 442/2758/2406
f 175/348/199 811/1545/1303 2511/895/696
f 811/1545/1303 377/2756/2404 1483/893/694
f 2512/892/693 1043/891/692 250/2267/1981
f 1484/894/695 2512/892/693 877/521/360
f 625/2755/2403 1482/890/691 2512/892/693
f 2513/887/688 1481/889/690 624/2759/2407
f 1225/351/202 2513/887/688 1479/884/685
f 1225/351/202 159/2537/2218 1156/2554/2230
f 1435/2757/2405 2514/886/687 1480/885/686
f 253/498/337 880/1938/1676 2514/886/687
f 445/2760/2408 1479/884/685 2514/886/687
f 1042/2761/2409 2515/881/682 1044/883/684
f 607/897/698 1480/885/686 2515/881/682
f 624/2759/2407 1478/2789/2431 2515/881/682
f 2516/880/681 1477/879/680 623/2762/2410
f 1440/789/597 2516/880/681 1475/875/676
f 312/2167/1884 1438/878/679 2516/880/681
f 1128/1934/1672 2517/877/678 1476/876/677
f 254/2764/2412 1047/865/666 2517/877/678
f 1047/865/666 612/864/665 1475/875/676
f 2518/874/675 1154/873/674 157/354/205
f 378/2763/2411 1476/876/677 2518/874/675
f 623/2762/2410 1474/872/673 2518/874/675
f 1471/866/667 2519/869/670 1473/871/672
f 1131/472/311 2519/869/670 1471/866/667
f 1131/472/311 257/471/310 1439/2767/2415
f 1226/2768/2416 2520/868/669 1472/867/668
f 815/1627/1385 2520/868/669 1226/2768/2416
f 815/1627/1385 381/1626/1384 1471/866/667
f 881/494/333 2521/863/664 1047/865/666
f 1472/867/668 2521/863/664 881/494/333
f 622/2766/2414 1470/2787/2429 2521/863/664
f 1467/2769/2417 2522/862/663 1469/861/662
f 449/2770/2418 1229/361/211 2522/862/663
f 158/360/210 1155/860/661 2522/862/663
f 1439/2767/2415 2523/857/658 1468/859/660
f 257/471/310 884/1911/1649 2523/857/658
f 884/1911/1649 449/2770/2418 1467/2769/2417
f 1046/788/596 2524/854/655 1048/856/657
f 611/870/671 1468/859/660 2524/854/655
f 1468/859/660 621/858/659 1466/2771/2419
f 2525/853/654 1465/852/653 620/849/650
f 1444/798/606 2525/853/654 1463/2772/2420
f 313/2163/1880 1442/851/652 2525/853/654
f 1132/2293/2007 2526/848/649 1464/850/651
f 258/468/307 1051/838/639 2526/848/649
f 1051/838/639 616/837/638 1463/2772/2420
f 2527/847/648 1146/846/647 152/2773/222
f 1464/850/651 2527/847/648 816/362/212
f 620/849/650 1462/845/646 2527/847/648
f 2528/844/645 1461/843/644 619/840/641
f 1135/445/284 2528/844/645 1459/2774/2421
f 261/444/283 1443/842/643 2528/844/645
f 1230/2432/2132 2529/839/640 1460/841/642
f 177/2405/2105 819/1708/1465 2529/839/640
f 385/1707/1464 1459/2774/2421 2529/839/640
f 885/2775/2422 2530/836/637 1051/838/639
f 450/1641/1399 1460/841/642 2530/836/637
f 1460/841/642 619/840/641 1458/2776/2423
f 1455/2777/2424 2531/835/636 1457/834/635
f 1233/369/219 2531/835/636 1455/2777/2424
f 154/2778/134 768/833/634 2531/835/636
f 1443/842/643 2532/830/631 1456/832/633
f 261/444/283 888/1885/1625 2532/830/631
f 888/1885/1625 453/1884/1624 1455/2777/2424
f 1050/797/605 2533/827/628 1052/829/630
f 1456/832/633 2533/827/628 1050/797/605
f 1456/832/633 618/831/632 1454/2780/2426
f 1235/373/223 152/372/222 1146/2781/647
f 150/2449/2149 1144/821/623 2535/823/625
f 148/2782/2175 1142/2939/2189 2536/818/620
f 146/381/193 1140/815/619 2537/817/105
f 386/2783/2427 820/812/617 2538/814/105
f 1451/820/622 387/819/621 821/2784/2191
f 1452/822/624 388/2462/2162 822/2463/2163
f 389/825/627 823/803/604 2541/805/612
f 1454/2780/2426 2542/802/610 1445/801/609
f 618/831/632 1457/834/635 2542/802/610
f 334/2785/2428 1080/800/608 2542/802/610
f 1458/2776/2423 2543/799/607 1444/798/606
f 1461/843/644 2543/799/607 1458/2776/2423
f 615/2779/2425 1050/797/605 2543/799/607
f 1462/845/646 2544/794/602 823/796/604
f 620/849/650 1465/852/653 2544/794/602
f 1465/852/653 614/2162/1879 1049/2164/1881
f 1466/2771/2419 2545/793/601 1441/792/600
f 1469/861/662 2545/793/601 1466/2771/2419
f 398/2430/2130 832/791/599 2545/793/601
f 2546/790/598 1440/789/597 612/864/665
f 622/2766/2414 1473/871/672 2546/790/598
f 1473/871/672 611/870/671 1046/788/596
f 1474/872/673 2547/785/594 831/787/565
f 1477/879/680 2547/785/594 1474/872/673
f 610/2166/1883 1045/2168/1885 2547/785/594
f 1478/2789/2431 2548/784/593 1437/783/592
f 624/2759/2407 1481/889/690 2548/784/593
f 1481/889/690 399/888/689 833/782/591
f 2549/779/588 1436/781/590 608/2752/2400
f 1485/898/699 2549/779/588 1482/890/691
f 1485/898/699 607/897/698 1042/2761/2409
f 2550/776/585 1086/778/587 340/2441/2141
f 1489/907/708 2550/776/585 1486/899/700
f 606/906/707 1041/2172/1889 2550/776/585
f 2551/773/583 1433/775/584 605/2174/1891
f 627/2749/2397 1493/915/716 2551/773/583
f 327/2790/2432 1073/2935/1573 2551/773/583
f 2552/772/582 1432/771/581 604/2741/2389
f 628/921/722 1497/925/726 2552/772/582
f 1497/925/726 603/924/725 1038/770/580
f 2553/769/579 1087/768/578 341/927/728
f 1501/934/735 2553/769/579 1498/2744/2392
f 602/933/734 1037/767/577 2553/769/579
f 2554/766/576 1429/765/575 601/936/737
f 630/2737/2385 1505/943/744 2554/766/576
f 1505/943/744 600/942/743 1035/764/574
f 2555/763/180 824/762/113 390/2792/113
f 1509/951/749 2555/763/180 1506/944/180
f 599/2793/180 1034/761/180 2555/763/180
f 2556/758/571 1426/760/573 598/2728/2378
f 1513/961/759 2556/758/571 1510/953/751
f 1513/961/759 597/960/758 1032/2794/2434
f 1514/2795/2435 2557/755/568 1088/757/570
f 1517/969/767 2557/755/568 1514/2795/2435
f 596/2796/2436 1031/2933/2532 2557/755/568
f 397/2797/2430 831/752/565 2558/754/567
f 2559/749/562 1422/751/564 595/975/772
f 634/2723/2373 1522/982/779 2559/749/562
f 1522/982/779 594/981/778 1029/2799/2438
f 2560/748/128 1078/747/561 332/2574/2250
f 1526/990/787 2560/748/128 1523/983/780
f 593/2800/2439 1028/746/128 2560/748/128
f 2561/743/558 1419/745/560 592/2715/2365
f 1530/1000/797 2561/743/558 1527/992/789
f 591/999/796 1026/2930/128 2561/743/558
f 2562/742/557 1089/741/556 343/1002/799
f 637/2714/2364 1534/1009/806 2562/742/557
f 590/1008/805 1025/740/555 2562/742/557
f 395/2510/2199 829/737/554 2563/739/128
f 2564/736/553 1415/735/552 589/1014/809
f 638/2709/2359 1539/1021/816 2564/736/553
f 1539/1021/816 588/1020/815 1023/734/551
f 2565/733/108 1076/732/550 330/2605/2281
f 1543/1029/821 2565/733/108 1540/1022/108
f 587/2803/2442 1022/731/108 2565/733/108
f 1544/1031/823 2566/728/547 1412/730/549
f 1547/1038/830 2566/728/547 1544/1031/823
f 585/2804/2443 1020/2927/2528 2566/728/547
f 1548/2805/2444 2567/727/546 1090/726/545
f 641/2698/2349 1551/1048/840 2567/727/546
f 1551/1048/840 584/1047/839 1019/725/544
f 393/2806/106 827/722/106 2568/724/108
f 1553/1052/841 2569/719/541 1408/721/543
f 642/2694/2346 1556/1060/849 2569/719/541
f 1556/1060/849 582/1059/848 1017/2807/2445
f 2570/718/105 1074/717/104 328/1062/850
f 1560/1069/857 2570/718/105 1557/2693/2345
f 581/1068/856 1016/716/105 2570/718/105
f 2571/715/540 1405/714/539 580/2685/2338
f 1564/1077/865 2571/715/540 1561/1070/858
f 579/2808/105 1014/713/105 2571/715/540
f 2572/710/536 1091/712/538 345/1080/868
f 645/2684/2337 1568/1087/875 2572/710/536
f 1568/1087/875 578/1086/874 1013/2810/2447
f 391/1089/877 825/707/533 2573/709/535
f 2574/2811/2448 1401/2185/1899 577/2186/1900
f 1573/2812/2449 2574/2811/2448 1570/1091/879
f 576/2682/2336 1011/704/530 2575/706/532
f 1575/1101/889 575/2187/1901 1010/2189/1903
f 2577/2813/2450 1397/2193/1907 574/1104/892
f 647/2675/2331 1579/2674/2330 2577/2813/2450
f 1580/1111/899 573/1110/898 1008/698/524
f 572/1113/901 1007/695/521 2579/697/523
f 410/2815/2452 845/692/519 2580/694/105
f 1583/1119/904 419/2688/2341 854/2689/2342
f 420/2664/2325 855/2667/2326 2582/686/513
f 1585/2668/2327 2583/683/510 1390/685/512
f 648/1128/913 1588/1131/915 2583/683/510
f 1588/1131/915 570/2944/105 1005/2816/2453
f 2584/682/509 1095/681/508 348/1134/917
f 1592/1141/924 2584/682/509 1589/2659/2324
f 569/1140/923 1004/680/507 2584/682/509
f 1593/1144/927 421/1143/926 856/677/504
f 422/2653/2318 857/2655/2320 2586/674/501
f 2587/673/500 1385/672/499 568/2649/2314
f 1598/1155/938 2587/673/500 1595/1148/931
f 567/2817/2454 1002/671/498 2587/673/500
f 2588/670/497 1098/669/496 351/1158/941
f 651/2648/2313 1602/1165/948 2588/670/497
f 1602/1165/948 566/1164/947 1001/668/495
f 1603/2647/2312 2589/2966/2551 1382/2205/1919
f 1606/2819/2456 2589/2966/2551 1603/2647/2312
f 1607/1173/956 564/2646/2311 999/665/492
f 1608/1176/959 563/2206/1920 998/2208/1922
f 1609/1178/961 2592/2967/2552 1378/2820/2457
f 1612/2821/108 2592/2967/2552 1609/1178/961
f 561/2643/108 996/659/108 2593/661/108
f 1614/1189/966 560/1188/965 995/2215/1929
f 411/2822/106 846/653/106 2595/655/108
f 1616/1195/969 424/1194/968 859/2705/2356
f 1617/1197/971 425/2635/2306 860/2637/2308
f 2598/644/477 1371/646/479 559/2630/2302
f 1621/1207/981 2598/644/477 1618/1199/973
f 1621/1207/981 558/1206/980 993/2823/2458
f 1622/2632/2304 2599/643/476 1102/642/475
f 655/1212/986 1625/1215/989 2599/643/476
f 557/2824/2459 992/641/474 2599/643/476
f 426/2712/2362 861/2713/2363 2600/638/472
f 427/2628/2300 862/635/469 2601/637/471
f 1628/1223/997 2602/632/466 1366/634/468
f 656/1227/1001 1631/1230/1004 2602/632/466
f 555/2825/2460 990/2922/2526 2602/632/466
f 2603/631/465 1105/630/464 357/2710/2360
f 1635/1240/1014 2603/631/465 1632/1232/1006
f 554/1239/1013 989/629/463 2603/631/465
f 1636/2620/2292 2604/2827/2462 1363/2826/2461
f 658/1245/1019 1639/2964/2549 2604/2827/2462
f 552/2619/2291 987/626/460 2605/628/462
f 1641/1252/1026 551/1251/1025 986/2226/1940
f 2607/2828/2463 1359/2953/2539 550/1254/1028
f 659/2611/2285 1645/2963/128 2607/2828/2463
f 549/2614/2286 984/620/454 2608/622/456
f 548/2230/1944 983/2232/1946 2609/617/451
f 412/2495/2186 847/614/450 2610/616/128
f 1649/1269/1036 429/2719/2369 864/2720/2370
f 430/1272/1039 865/2609/2284 2612/608/444
f 2613/605/441 1352/607/443 547/2600/2276
f 1654/1282/1049 2613/605/441 1651/1274/1041
f 1654/1282/1049 546/1281/1048 981/2829/2464
f 1655/2603/2279 2614/604/440 1109/603/439
f 661/1287/1054 1658/1291/1058 2614/604/440
f 545/1290/1057 980/602/438 2614/604/440
f 1659/1293/1060 431/2725/2375 866/2726/2376
f 1660/1297/1064 432/1296/1063 867/596/432
f 1661/1298/1065 2617/595/431 1347/594/430
f 662/1302/1069 1664/1305/1072 2617/595/431
f 543/2830/2465 978/593/429 2617/595/431
f 1665/2595/2271 2618/592/428 1112/591/427
f 1668/1315/1082 2618/592/428 1665/2595/2271
f 542/1314/1081 977/590/426 2618/592/428
f 1669/2589/2265 2619/2968/2553 1344/2831/2466
f 1672/2832/2467 2619/2968/2553 1669/2589/2265
f 540/1323/1090 975/587/423 2620/589/425
f 1674/1327/1094 539/1326/1093 974/2242/1956
f 1675/1328/1095 2622/2834/2469 1340/2833/2468
f 665/1332/1099 1678/2581/2257 2622/2834/2469
f 537/2584/2260 972/581/418 2623/583/180
f 1680/1338/1103 536/2246/1960 971/2248/1962
f 1681/1342/1107 413/1341/1106 848/575/329
f 1682/1345/1110 434/1344/1109 869/2732/2382
f 435/2576/2252 870/2578/2254 2627/569/407
f 2628/566/404 1333/568/406 535/2569/2245
f 1687/1357/1122 2628/566/404 1684/1349/1114
f 1687/1357/1122 534/1356/1121 969/2835/2470
f 1688/1358/1123 2629/565/403 1116/564/402
f 667/1362/1127 1691/1366/1131 2629/565/403
f 533/1365/1130 968/563/401 2629/565/403
f 436/2739/2387 871/560/399 2630/562/182
f 1693/1371/1135 437/2565/2241 872/2567/2243
f 1694/1373/1137 2632/554/393 1328/556/395
f 668/1377/1141 1697/1380/1144 2632/554/393
f 531/2836/2471 966/2917/2522 2632/554/393
f 2633/551/390 1119/553/392 369/1383/1147
f 1701/1390/1154 2633/551/390 1698/2563/2239
f 530/1389/1153 965/2916/2521 2633/551/390
f 2634/548/387 1325/550/389 529/2252/1966
f 1705/1398/1162 2634/548/387 1702/1391/1155
f 1705/1398/1162 438/2747/2395 873/2748/2396
f 2635/547/386 1324/546/385 528/1401/1165
f 1709/1407/1171 2635/547/386 1706/2555/2231
f 527/2557/2233 962/545/384 2635/547/386
f 2636/542/381 1067/544/383 325/2415/2115
f 672/1413/1177 1713/1416/1180 2636/542/381
f 1713/1416/1180 526/2253/1967 961/2255/1969
f 1714/1418/1182 2637/539/378 1321/541/380
f 673/2546/2226 1717/1425/1187 2637/539/378
f 1717/1425/1187 439/2524/2211 874/2527/2212
f 2638/538/377 1320/537/376 524/2536/2217
f 674/1431/1192 1721/1435/1196 2638/538/377
f 523/1434/1195 958/536/375 2638/538/377
f 1722/2538/2219 2639/533/372 1122/535/374
f 675/1440/1201 1725/1443/1204 2639/533/372
f 522/2259/1973 957/2261/1975 2639/533/372
f 1726/2534/2215 2640/532/371 1317/531/370
f 676/1449/1210 1729/1452/1212 2640/532/371
f 314/2837/1877 1053/530/369 2640/532/371
f 2641/529/368 1316/528/367 520/2517/2206
f 1733/1462/1220 2641/529/368 1730/1454/1213
f 519/1461/1219 954/527/366 2641/529/368
f 1734/2519/2208 2642/524/363 1123/526/365
f 678/1467/1225 1737/1471/1229 2642/524/363
f 1737/1471/1229 518/1470/1228 953/2265/1979
f 1738/2515/2204 2643/523/362 1313/522/361
f 1741/1479/1237 2643/523/362 1738/2515/2204
f 1741/1479/1237 442/2758/2406 877/521/360
f 1742/1481/1239 2644/518/357 1312/520/359
f 680/2509/2198 1745/1489/1247 2644/518/357
f 1745/1489/1247 515/1488/1246 950/2514/2203
f 2645/517/356 1066/516/355 324/1491/1249
f 1749/1498/1256 2645/517/356 1746/2838/2472
f 1749/1498/1256 514/1497/1255 949/515/354
f 1750/2504/2193 2646/514/353 1309/513/352
f 682/2498/2188 1753/1507/1265 2646/514/353
f 1753/1507/1265 443/1506/1264 878/512/351
f 1754/1508/1266 2647/509/348 1308/511/350
f 683/2491/2185 1757/1516/1274 2647/509/348
f 1757/1516/1274 511/1515/1273 946/2503/2192
f 2648/508/347 1126/507/346 376/1518/1276
f 1761/1524/1282 2648/508/347 1758/2490/2184
f 510/2272/1986 945/506/345 2648/508/347
f 1762/2485/2179 2649/503/342 1305/505/344
f 685/1530/1288 1765/1533/1291 2649/503/342
f 415/2543/2223 850/2545/2225 2649/503/342
f 2650/502/341 1304/501/340 508/2469/2169
f 1769/1542/1300 2650/502/341 1766/1535/1293
f 507/2483/2178 942/500/339 2650/502/341
f 1770/1544/1302 2651/497/336 1127/499/338
f 687/1548/1306 1773/1552/1310 2651/497/336
f 1773/1552/1310 506/1551/1309 941/2278/1992
f 2652/496/335 1301/495/334 505/1554/1312
f 688/2464/2164 1777/1561/1319 2652/496/335
f 446/1560/1318 881/494/333 2652/496/335
f 2653/493/332 1300/492/331 504/2457/2157
f 1781/1569/1327 2653/493/332 1778/1562/1320
f 1781/1569/1327 503/2466/2166 938/491/330
f 2654/488/327 848/490/329 413/2839/1106
f 690/1575/1333 1785/1579/1337 2654/488/327
f 1785/1579/1337 502/1578/1336 937/2282/1996
f 2655/487/326 1297/486/325 501/1581/1339
f 1789/1587/1345 2655/487/326 1786/2455/2155
f 447/2442/2142 882/485/324 2655/487/326
f 1790/2453/2153 2656/484/323 1296/483/322
f 692/1593/1351 1793/1597/1355 2656/484/323
f 1793/1597/1355 499/1596/1354 934/482/321
f 1794/1598/1356 2657/479/318 1130/481/320
f 1797/1605/1363 2657/479/318 1794/1598/1356
f 1797/1605/1363 498/2284/1998 933/2286/2000
f 2658/476/315 1293/478/317 497/1608/1366
f 694/2444/2144 1801/1615/1373 2658/476/315
f 1801/1615/1373 414/1614/1372 849/2419/2119
f 2659/473/312 1292/475/314 496/1617/1375
f 695/1620/1378 1805/1624/1382 2659/473/312
f 1805/1624/1382 495/1623/1381 930/2446/2146
f 2660/470/309 1131/472/311 381/1626/1384
f 1809/1633/1391 2660/470/309 1806/2439/2139
f 494/1632/1390 929/2290/2004 2660/470/309
f 2661/467/306 1289/469/308 493/2292/2006
f 1813/1642/1400 2661/467/306 1810/1634/1392
f 1813/1642/1400 450/1641/1399 885/2775/2422
f 1814/1643/1401 2662/464/303 1288/466/305
f 698/2429/2129 1817/1651/1409 2662/464/303
f 1817/1651/1409 491/1650/1408 926/2434/2134
f 1818/1652/1410 2663/463/302 844/462/301
f 699/2424/2124 1821/1660/1418 2663/463/302
f 1821/1660/1418 490/1659/1417 925/461/300
f 1822/2423/2123 2664/460/299 1285/459/298
f 700/2421/2121 1825/1668/1426 2664/460/299
f 451/2407/2107 886/458/297 2664/460/299
f 2665/457/296 1284/456/295 488/1671/1429
f 701/2414/2114 1829/1678/1436 2665/457/296
f 487/1677/1435 922/455/294 2665/457/296
f 2666/454/293 1134/453/292 384/1680/1438
f 1833/1686/1444 2666/454/293 1830/2413/2113
f 486/2299/2012 921/452/291 2666/454/293
f 2667/451/290 1281/450/289 485/2304/2017
f 1837/1695/1452 2667/451/290 1834/1688/1446
f 318/2842/1829 1057/449/288 2667/451/290
f 1838/1697/1454 2668/446/285 1280/448/287
f 704/2406/2106 1841/1705/1462 2668/446/285
f 1841/1705/1462 483/1704/1461 918/2410/2110
f 1842/2843/2475 2669/443/282 1135/445/284
f 705/2402/2102 1845/1714/1471 2669/443/282
f 1845/1714/1471 482/1713/1470 917/2307/2019
f 2670/2844/2476 1277/2310/2020 481/2311/2021
f 1849/2845/2477 2670/2844/2476 1846/1715/1472
f 1850/1723/1480 480/1722/1479 915/2401/2101
f 479/2312/180 914/437/180 2672/439/180
f 2673/2846/2478 1273/2316/2024 478/1728/1483
f 1855/2392/2092 2673/2846/2478 1852/2396/2096
f 477/1734/1489 912/2395/2095 2674/434/275
f 476/2317/2025 911/431/272 2675/433/274
f 1858/1740/1494 409/2947/2474 844/2847/301
f 2677/2848/2479 1268/2322/2029 475/2323/2030
f 1862/2849/2480 2677/2848/2479 1859/1742/1496
f 1863/1750/1504 474/1749/1503 909/2388/2089
f 1864/1753/1507 473/1752/1506 908/2325/2032
f 2680/2850/2481 1264/2328/2035 472/1755/1509
f 1868/2851/2482 2680/2850/2481 1865/2384/2085
f 471/1761/1515 906/2383/2084 2681/419/260
f 470/2329/2036 905/416/257 2682/418/259
f 408/2452/2152 843/413/254 2683/415/256
f 2684/2852/2483 1259/2335/2040 469/2336/2041
f 710/2374/2075 1875/2373/2074 2684/2852/2483
f 1876/1777/1530 468/1776/1529 903/2378/2079
f 467/2337/108 902/407/108 2686/409/108
f 2687/2853/2484 1255/2958/2544 466/1782/1534
f 1881/2854/2485 2687/2853/2484 1878/2372/2073
f 1882/1789/1541 465/1788/1540 900/404/248
f 464/1791/1543 899/401/245 2689/403/247
f 407/2855/2177 842/398/244 2690/400/108
f 2691/2856/2486 1250/2347/2050 463/1797/1547
f 1888/2363/2064 2691/2856/2486 1885/2368/2069
f 462/2366/2067 897/2367/2068 2692/395/241
f 461/2348/2051 896/392/239 2693/394/240
f 2694/2857/2487 1246/2352/2054 460/1809/1559
f 713/2360/2061 1894/2359/2060 2694/2857/2487
f 459/1815/1565 894/389/236 2695/391/238
f 1896/1819/1569 458/1818/1568 893/386/233
f 1897/1822/1572 406/1821/1571 841/2858/2488
f 327/2859/2432 760/2913/715 2698/380/230
f 1899/2356/2058 2699/2861/2490 1240/2860/2489
f 714/1830/1578 1902/2960/2546 2699/2861/2490
f 2700/2862/2491 1149/2641/104 392/2642/104
f 715/2346/2049 1906/2345/2048 2700/2862/2491
f 329/2863/2173 762/377/227 2701/379/229
f 1908/1841/1586 2702/2864/2492 1238/2375/2076
f 716/1845/1590 1911/2957/2543 2702/2864/2492
f 2703/2865/108 1151/2612/107 394/2613/107
f 1915/2866/108 2703/2865/108 1912/1847/108
f 1916/1855/1597 331/1854/1596 764/374/224
f 1917/2331/2038 2705/2868/2494 1236/2867/2493
f 718/2327/2034 1920/2956/2542 2705/2868/2494
f 2706/2869/2495 1153/2962/2548 396/2582/2258
f 1924/2870/2496 2706/2869/2495 1921/1862/1604
f 333/2871/1641 766/2912/213 2707/371/221
f 1926/2319/2027 2708/2872/2497 1234/2400/2100
f 720/1875/1617 1929/2315/2023 2708/2872/2497
f 2709/2873/180 759/2969/2550 326/2874/2332
f 1933/2875/180 2709/2873/180 1930/1877/180
f 2710/370/220 1233/369/219 453/1884/1624
f 722/2303/2016 1937/1891/1630 2710/370/220
f 1937/1891/1630 391/1890/877 1148/368/218
f 1938/2302/2015 2711/367/217 1232/366/216
f 723/1896/1635 1941/1899/1638 2711/367/217
f 383/2404/2104 817/365/215 2711/367/217
f 1942/2296/2009 2712/364/214 766/363/213
f 724/2291/2005 1945/1909/1647 2712/364/214
f 382/1908/1646 816/362/212 2712/364/214
f 1946/1910/1648 2713/359/209 1229/361/211
f 725/2287/2001 1949/1918/1656 2713/359/209
f 1949/1918/1656 338/1917/1655 772/2412/2112
f 1950/1919/1657 2714/358/208 1228/357/207
f 726/1923/1661 1953/1926/1664 2714/358/208
f 1953/1926/1664 379/2436/2136 813/356/206
f 1954/1928/1666 2715/353/204 771/355/171
f 1957/1935/1673 2715/353/204 1954/1928/1666
f 378/2763/2411 812/2765/2413 2715/353/204
f 2716/352/203 1225/351/202 445/2760/2408
f 1961/1945/1683 2716/352/203 1958/1937/1675
f 339/1944/1682 773/350/201 2716/352/203
f 1962/1946/1684 2717/347/198 1224/349/200
f 1965/1954/1692 2717/347/198 1962/1946/1684
f 1965/1954/1692 375/1953/1691 809/2471/2171
f 1966/2878/2500 2718/344/195 1157/346/197
f 730/2266/1980 1969/1963/1701 2718/344/195
f 1969/1963/1701 374/1962/1700 808/2754/2402
f 2719/341/192 1221/343/194 441/2750/2398
f 1973/1971/1708 2719/341/192 1970/1964/1702
f 386/2879/2427 1140/2911/619 2719/341/192
f 2720/338/189 1220/340/191 440/1974/1711
f 732/2256/1970 1977/1981/1718 2720/338/189
f 1977/1981/1718 371/1980/1717 805/2518/2207
f 2721/335/186 1158/337/188 401/2422/2122
f 1981/1989/1726 2721/335/186 1978/1982/1719
f 1981/1989/1726 370/2742/2390 804/2743/2391
f 1982/1993/1730 368/1992/1729 802/332/183
f 367/2735/180 801/329/180 2723/331/182
f 365/2571/2247 799/326/177 2724/328/179
f 364/2001/1738 798/323/174 2725/325/176
f 337/2881/2499 771/320/171 2726/322/173
f 1987/2882/2502 2727/2970/2554 1210/2588/2264
f 1990/2883/2503 2727/2970/2554 1987/2882/2502
f 1991/2012/1748 2728/2885/2505 1160/2884/2504
f 735/2239/1953 1994/2954/2540 2728/2885/2505
f 1995/2019/1755 362/2593/2269 796/2594/2270
f 361/2722/2372 795/314/165 2730/316/167
f 359/2025/1761 793/311/162 2731/313/164
f 1998/2029/1765 358/2028/1764 792/308/159
f 1999/2032/128 336/2031/1766 770/2489/2183
f 2734/2886/2506 1202/2618/2290 428/2034/1768
f 2003/2228/1942 2734/2886/2506 2000/2233/1947
f 2004/2039/1773 2735/2888/2508 1162/2887/2507
f 737/2222/1936 2007/2221/1935 2735/2888/2508
f 356/2624/2296 790/2625/2297 2736/302/155
f 355/2708/108 789/299/108 2737/301/154
f 353/2052/1784 787/296/150 2738/298/152
f 2011/2056/1788 352/2055/1787 786/2701/2352
f 335/2889/106 769/290/106 2740/292/108
f 2013/2216/1930 2741/2891/2510 1194/2890/2509
f 738/2210/1924 2016/2209/1923 2741/2891/2510
f 2017/2892/2511 2742/2971/2555 1164/2893/2512
f 2020/2204/1918 2742/2971/2555 2017/2892/2511
f 350/2073/1803 784/2651/2316 2743/287/144
f 349/2692/105 783/284/105 2744/286/143
f 347/2079/1809 781/281/139 2745/283/141
f 2024/2083/1813 346/2082/1812 780/278/136
f 334/2894/2428 768/2909/634 2747/275/133
f 2026/2197/1911 2748/2896/2514 1186/2895/2513
f 740/2192/1906 2029/2191/1905 2748/2896/2514
f 2030/2190/1904 2749/2898/2516 1166/2897/2515
f 741/2097/1826 2033/2184/1898 2749/2898/2516
f 2034/2101/1830 318/2100/1829 751/272/131
f 319/2899/2221 752/2908/2224 2751/269/108
f 2036/2106/1833 320/2507/2196 753/2508/2197
f 2037/2110/1836 321/2109/1835 754/263/119
f 2038/2178/1895 2754/260/123 1181/262/125
f 2041/2119/1844 2754/260/123 2038/2178/1895
f 406/2118/1571 1167/2907/2518 2754/260/123
f 2755/259/122 1180/258/121 416/2121/1846
f 2045/2127/1852 2755/259/122 2042/2900/2517
f 2045/2127/1852 323/2552/2228 756/257/120
f 2756/254/117 754/256/119 321/2901/1835
f 744/2133/1858 2049/2136/1861 2756/254/117
f 322/2426/2126 755/2428/2128 2756/254/117
f 2757/253/116 750/252/112 317/2902/1872
f 2053/2145/1869 2757/253/116 2050/2138/1863
f 410/2903/2452 1171/251/115 2757/253/116
f 2054/2149/1873 317/2148/1872 750/248/112
f 2055/2151/1875 316/2458/2158 749/2459/2159
f 315/2904/106 748/242/106 2760/244/108
f 314/2157/1877 747/239/103 2761/241/105
f 2730/316/167 1145/315/166 2352/1348/1113
f 1683/1347/1112 2627/569/407 2109/2023/1759
f 2627/569/407 1334/571/409 2109/2023/1759
f 1683/1347/1112 2109/2023/1759 1996/2022/1758
f 2730/316/167 2352/1348/1113 1996/2022/1758
f 2352/1348/1113 1683/1347/1112 1996/2022/1758
f 1349/601/437 2109/2023/1759 1334/571/409
f 1349/601/437 1334/571/409 2119/1999/1736
f 2372/1294/1061 1659/1293/1060 1984/1998/1735
f 1659/1293/1060 2615/599/435 1984/1998/1735
f 2615/599/435 1349/601/437 2119/1999/1736
f 1984/1998/1735 2724/328/179 1214/327/178
f 2615/599/435 2119/1999/1736 1984/1998/1735
f 1209/319/170 2372/1294/1061 1214/327/178
f 2110/2020/1756 1995/2019/1755 1682/1345/1110
f 1995/2019/1755 2729/317/168 1682/1345/1110
f 1682/1345/1110 2729/317/168 2353/1343/1108
f 2372/1294/1061 1984/1998/1735 1214/327/178
f 2729/317/168 1209/319/170 2353/1343/1108
f 1660/1297/1064 2616/598/434 2371/1295/1062
f 2616/598/434 1348/597/433 2371/1295/1062
f 1348/597/433 2110/2020/1756 1335/574/412
f 1209/319/170 1214/327/178 2353/1343/1108
f 1682/1345/1110 2626/572/410 1335/574/412
f 2110/2020/1756 1682/1345/1110 1335/574/412
f 2732/310/161 1161/309/160 1998/2029/1765
f 1161/309/160 2371/1295/1062 1998/2029/1765
f 2371/1295/1062 1348/597/433 2118/2000/1737
f 1348/597/433 1335/574/412 2118/2000/1737
f 2107/2027/1763 1998/2029/1765 2601/637/471
f 1998/2029/1765 2371/1295/1062 2746/280/138
f 2746/280/138 2118/2000/1737 2344/1372/1136
f 2118/2000/1737 1985/2002/1739 1159/324/175
f 1985/2002/1739 2725/325/176 1159/324/175
f 1159/324/175 2344/1372/1136 2118/2000/1737
f 2344/1372/1136 1693/1371/1135 2631/557/396
f 1329/559/398 2121/1991/1728 1982/1993/1730
f 2344/1372/1136 2631/557/396 1329/559/398
f 2118/2000/1737 2746/280/138 2371/1295/1062
f 2746/280/138 2344/1372/1136 2024/2083/1813
f 1354/613/449 2107/2027/1763 1367/636/470
f 2024/2083/1813 2344/1372/1136 1329/559/398
f 1329/559/398 1982/1993/1730 1392/691/518
f 1982/1993/1730 2722/334/185 1392/691/518
f 2745/283/141 1217/333/184 2345/1369/1133
f 2345/1369/1133 1692/1368/182 2023/2080/1810
f 2023/2080/1810 1692/1368/182 2630/562/182
f 2024/2083/1813 1329/559/398 2085/2081/1811
f 1217/333/184 2745/283/141 1190/282/140
f 2023/2080/1810 2630/562/182 2086/2078/1808
f 2085/2081/1811 1329/559/398 1392/691/518
f 2630/562/182 1330/561/400 2086/2078/1808
f 1217/333/184 1190/282/140 2722/334/185
f 2745/283/141 2345/1369/1133 2023/2080/1810
f 2380/1270/1037 1649/1269/1036 2611/611/447
f 2611/611/447 1354/613/449 2099/2047/1781
f 1330/561/400 2120/1996/1733 1391/688/515
f 2120/1996/1733 1983/1995/1732 1584/1122/907
f 1330/561/400 1391/688/515 2086/2078/1808
f 2722/334/185 1190/282/140 1392/691/518
f 1206/312/163 2380/1270/1037 2731/313/164
f 2380/1270/1037 2611/611/447 2731/313/164
f 1983/1995/1732 2723/331/182 2433/1123/908
f 2723/331/182 767/2669/181 2433/1123/908
f 2731/313/164 2611/611/447 1201/304/157
f 2611/611/447 2099/2047/1781 1201/304/157
f 1353/610/446 2108/2024/1760 2600/638/472
f 2108/2024/1760 1997/2026/1762 1626/1218/992
f 1626/1218/992 1997/2026/1762 2399/1219/993
f 1997/2026/1762 2731/313/164 2399/1219/993
f 1983/1995/1732 2433/1123/908 1584/1122/907
f 1584/1122/907 2582/686/513 2120/1996/1733
f 2582/686/513 1391/688/515 2120/1996/1733
f 1650/1273/1040 2612/608/444 2098/2050/154
f 2612/608/444 1353/610/446 2098/2050/154
f 1368/640/154 1353/610/446 2600/638/472
f 1143/300/153 2379/1271/1038 2737/301/154
f 2379/1271/1038 1650/1273/1040 2737/301/154
f 1353/610/446 1368/640/154 2098/2050/154
f 1998/2029/1765 2746/280/138 2011/2056/1788
f 2098/2050/154 2009/2049/154 1650/1273/1040
f 2009/2049/154 2737/301/154 1650/1273/1040
f 1190/282/140 2434/1120/905 1583/1119/904
f 1998/2029/1765 2011/2056/1788 2739/293/147
f 2099/2047/1781 1354/613/449 1367/636/470
f 1190/282/140 1583/1119/904 2581/689/516
f 1392/691/518 1190/282/140 2581/689/516
f 1626/1218/992 2600/638/472 2108/2024/1760
f 2399/1219/993 2731/313/164 1201/304/157
f 2008/2046/1780 2736/302/155 1201/304/157
f 2099/2047/1781 2008/2046/1780 1201/304/157
f 2746/280/138 1165/279/137 2425/1147/930
f 2601/637/471 1998/2029/1765 2739/293/147
f 1367/636/470 2107/2027/1763 2601/637/471
f 2746/280/138 2425/1147/930 2011/2056/1788
f 2425/1147/930 1594/1146/929 2011/2056/1788
f 1594/1146/929 2586/674/501 2011/2056/1788
f 1163/295/149 2398/1222/996 1627/1221/995
f 1627/1221/995 2601/637/471 2739/293/147
f 2739/293/147 1163/295/149 1627/1221/995
f 2586/674/501 1386/676/503 2096/2054/1786
f 2011/2056/1788 2586/674/501 2096/2054/1786
f 1386/676/503 2088/2072/1802 1373/652/485
f 2096/2054/1786 1386/676/503 1373/652/485
f 2021/2074/1804 2743/287/144 2596/650/483
f 2743/287/144 1193/289/146 2596/650/483
f 2088/2072/1802 2021/2074/1804 1373/652/485
f 1373/652/485 2021/2074/1804 2596/650/483
f 1193/289/146 2426/1142/925 2738/298/152
f 2596/650/483 1193/289/146 2738/298/152
f 2407/1193/967 1616/1195/969 1198/297/151
f 1616/1195/969 2596/650/483 2738/298/152
f 1198/297/151 1616/1195/969 2738/298/152
f 1593/1144/927 2585/679/506 2097/2051/1783
f 2585/679/506 1387/678/505 2097/2051/1783
f 1593/1144/927 2010/2053/1785 2426/1142/925
f 2738/298/152 2426/1142/925 2010/2053/1785
f 2010/2053/1785 1593/1144/927 2097/2051/1783
f 1387/678/505 2087/2077/1807 1372/649/482
f 2087/2077/1807 2022/2076/1806 2597/647/480
f 1387/678/505 1372/649/482 2097/2051/1783
f 2744/286/143 1141/285/142 2406/1198/972
f 2022/2076/1806 2744/286/143 1617/1197/971
f 2744/286/143 2406/1198/972 1617/1197/971
f 1617/1197/971 2597/647/480 2022/2076/1806
